Stock Code,Company Name,Previous,Open Price,High,Low,Close,Change,Volume,Value,Frequency,Foreign Buy,Foreign Sell
AADI,Adaro Andalan Indonesia Tbk.,12375.0,12450.0,12450.0,11750.0,11975.0,-400.0,15293600.0,184247457500.0,6315.0,10652700.0,8044500.0
AALI,Astra Agro Lestari Tbk.,8675.0,8650.0,8775.0,8400.0,8600.0,-75.0,2999800.0,25898510000.0,1212.0,1007000.0,1747000.0
ABBA,Mahaka Media Tbk.,30.0,0.0,0.0,0.0,30.0,0.0,0.0,0.0,0.0,0.0,0.0
ABDA,Asuransi Bina Dana Arta Tbk.,4970.0,0.0,4970.0,4960.0,4960.0,-10.0,1500.0,7441000.0,3.0,0.0,900.0
ABMM,ABM Investama Tbk.,2790.0,2840.0,2840.0,2730.0,2760.0,-30.0,417800.0,1156019000.0,361.0,51700.0,138500.0
ACES,Aspirasi Hidup Indonesia Tbk.,352.0,352.0,352.0,346.0,350.0,-2.0,14295900.0,4975175200.0,2227.0,3257600.0,5009600.0
ACRO,Samcro Hyosung Adilestari Tbk.,64.0,64.0,64.0,61.0,63.0,-1.0,6276700.0,392191000.0,485.0,0.0,2015000.0
ACST,Acset Indonusa Tbk.,105.0,0.0,115.0,106.0,114.0,9.0,1871700.0,213826400.0,108.0,0.0,93000.0
ADCP,Adhi Commuter Properti Tbk.,50.0,0.0,0.0,0.0,50.0,0.0,0.0,0.0,0.0,0.0,0.0
ADES,Akasha Wira International Tbk.,32500.0,0.0,32475.0,32175.0,32175.0,-325.0,4100.0,132277500.0,23.0,0.0,0.0
ADHI,Adhi Karya (Persero) Tbk.,133.0,0.0,0.0,0.0,133.0,0.0,0.0,0.0,0.0,0.0,0.0
ADMF,Adira Dinamika Multi Finance Tbk.,8700.0,0.0,8725.0,8650.0,8725.0,25.0,10200.0,88622500.0,40.0,1400.0,1700.0
ADMG,Polychem Indonesia Tbk,250.0,0.0,254.0,246.0,248.0,-2.0,598200.0,149349000.0,102.0,2400.0,70800.0
ADMR,Alamtri Minerals Indonesia Tbk.,1570.0,1590.0,1600.0,1570.0,1590.0,20.0,24515300.0,38923555500.0,4997.0,11722500.0,8823400.0
ADRO,Alamtri Resources Indonesia Tbk.,2670.0,2700.0,2720.0,2640.0,2640.0,-30.0,74058700.0,197971445000.0,12944.0,24290300.0,51656100.0
AEGS,Anugerah Spareparts Sejahtera Tbk.,50.0,0.0,51.0,49.0,50.0,0.0,6545000.0,323645800.0,158.0,999200.0,0.0
AGAR,Asia Sejahtera Mina Tbk.,2160.0,2000.0,2050.0,1840.0,1840.0,-320.0,1087400.0,2035538000.0,1307.0,138800.0,18300.0
AGII,Samator Indo Gas Tbk.,3390.0,3400.0,3800.0,3300.0,3740.0,350.0,1795200.0,6541061000.0,1113.0,114800.0,643900.0
AGRO,Bank Raya Indonesia Tbk.,145.0,146.0,150.0,145.0,145.0,0.0,5458300.0,798680500.0,556.0,51000.0,1474600.0
AGRS,Bank IBK Indonesia Tbk.,60.0,60.0,60.0,58.0,59.0,-1.0,7827900.0,459518300.0,180.0,0.0,1500900.0
AHAP,Asuransi Harta Aman Pratama Tbk.,115.0,117.0,117.0,103.0,104.0,-11.0,96909500.0,10518543000.0,4815.0,6796300.0,10620400.0
AIMS,Artha Mahiya Investama Tbk.,505.0,500.0,540.0,486.0,515.0,10.0,773000.0,391246700.0,261.0,0.0,0.0
AISA,FKS Food Sejahtera Tbk.,117.0,117.0,132.0,116.0,120.0,3.0,148810300.0,18625758600.0,15161.0,10606300.0,10107200.0
AKKU,Anugerah Kagum Karya Utama Tbk.,38.0,0.0,0.0,0.0,38.0,0.0,0.0,0.0,0.0,0.0,0.0
AKPI,Argha Karya Prima Industry Tbk.,545.0,0.0,540.0,525.0,530.0,-15.0,341100.0,180862500.0,122.0,1700.0,0.0
AKRA,AKR Corporindo Tbk.,1470.0,1475.0,1485.0,1450.0,1470.0,0.0,13014500.0,19082798000.0,4609.0,6642000.0,9898600.0
AKSI,Mineral Sumberdaya Mandiri Tbk.,382.0,390.0,440.0,370.0,388.0,6.0,3591000.0,1469780600.0,2027.0,274700.0,324400.0
ALDO,Alkindo Naratama Tbk.,955.0,0.0,990.0,940.0,955.0,0.0,87700.0,83593500.0,60.0,0.0,0.0
ALII,Ancara Logistics Indonesia Tbk.,715.0,715.0,755.0,710.0,735.0,20.0,392400.0,286914000.0,199.0,83100.0,63200.0
ALKA,Alakasa Industrindo Tbk,7400.0,0.0,0.0,0.0,7400.0,0.0,0.0,0.0,0.0,0.0,0.0
ALMI,Alumindo Light Metal Industry Tbk.,74.0,0.0,0.0,0.0,74.0,0.0,0.0,0.0,0.0,0.0,0.0
ALTO,Tri Banyan Tirta Tbk.,18.0,0.0,0.0,0.0,18.0,0.0,0.0,0.0,0.0,0.0,0.0
AMAG,Asuransi Multi Artha Guna Tbk.,388.0,0.0,388.0,384.0,386.0,-2.0,187700.0,72452400.0,23.0,50000.0,0.0
AMAN,Makmur Berkah Amanda Tbk.,226.0,228.0,228.0,220.0,220.0,-6.0,194700.0,43583200.0,49.0,600.0,61000.0
AMAR,Bank Amar Indonesia Tbk.,238.0,238.0,240.0,236.0,240.0,2.0,3718500.0,884964600.0,174.0,0.0,23900.0
AMFG,Asahimas Flat Glass Tbk.,3320.0,0.0,3300.0,3220.0,3290.0,-30.0,14300.0,46199000.0,22.0,0.0,1500.0
AMIN,Ateliers Mecaniques D Indonesie Tbk.,250.0,250.0,272.0,244.0,260.0,10.0,576200.0,145688200.0,272.0,14700.0,26300.0
AMMN,Amman Mineral Internasional Tbk.,4900.0,4900.0,4960.0,4610.0,4680.0,-220.0,259045200.0,1220564522000.0,39467.0,120981400.0,163035500.0
AMMS,Agung Menjangan Mas Tbk.,214.0,0.0,222.0,214.0,218.0,4.0,358100.0,77359200.0,124.0,0.0,0.0
AMOR,Ashmore Asset Management Indonesia Tbk.,370.0,370.0,372.0,366.0,370.0,0.0,61700.0,22661800.0,73.0,200.0,15700.0
AMRT,Sumber Alfaria Trijaya Tbk.,1325.0,1330.0,1350.0,1295.0,1300.0,-25.0,101363200.0,132359814000.0,4983.0,94880300.0,89683400.0
ANDI,Andira Agro Tbk.,21.0,0.0,21.0,20.0,20.0,-1.0,9783600.0,196560300.0,182.0,0.0,0.0
ANJT,Austindo Nusantara Jaya Tbk.,1590.0,0.0,1610.0,1585.0,1605.0,15.0,7600.0,12089000.0,26.0,0.0,0.0
ANTM,ANTAM (Persero) Tbk.,3280.0,3310.0,3350.0,3250.0,3340.0,60.0,135669000.0,448891325000.0,21656.0,82599600.0,38533700.0
APEX,Apexindo Pratama Duta Tbk.,193.0,193.0,195.0,180.0,183.0,-10.0,25182400.0,4645759200.0,1499.0,7400400.0,2757600.0
APIC,Pacific Strategic Financial Tbk.,412.0,412.0,412.0,400.0,412.0,0.0,1592000.0,648566800.0,434.0,367500.0,1014900.0
APII,Arita Prima Indonesia Tbk.,206.0,240.0,256.0,195.0,200.0,-6.0,7240900.0,1591685000.0,1801.0,68600.0,91700.0
APLI,Asiaplast Industries Tbk.,286.0,290.0,292.0,284.0,284.0,-2.0,155200.0,44472200.0,65.0,0.0,0.0
APLN,Agung Podomoro Land Tbk.,127.0,127.0,129.0,124.0,126.0,-1.0,8125100.0,1027061300.0,857.0,396300.0,2465600.0
ARCI,Archi Indonesia Tbk.,1340.0,1360.0,1380.0,1345.0,1380.0,40.0,61198100.0,83904019000.0,14608.0,35535200.0,26344200.0
AREA,Dunia Virtual Online Tbk.,328.0,328.0,340.0,322.0,328.0,0.0,3370100.0,1115044800.0,717.0,36500.0,218900.0
ARGO,Argo Pantes Tbk,1155.0,0.0,1170.0,1150.0,1170.0,15.0,153100.0,178321000.0,83.0,0.0,0.0
ARII,Atlas Resources Tbk.,296.0,300.0,300.0,284.0,284.0,-12.0,379500.0,109532400.0,91.0,0.0,9300.0
ARKA,Arkha Jayanti Persada Tbk.,22.0,0.0,0.0,0.0,22.0,0.0,0.0,0.0,0.0,0.0,0.0
ARKO,Arkora Hydro Tbk.,3950.0,3950.0,3990.0,3800.0,3920.0,-30.0,3202100.0,12374059000.0,2138.0,1079800.0,1004300.0
ARMY,Armidian Karyatama Tbk.,50.0,0.0,0.0,0.0,50.0,0.0,0.0,0.0,0.0,0.0,0.0
ARNA,Arwana Citramulia Tbk.,510.0,515.0,515.0,505.0,510.0,0.0,1101000.0,560842000.0,250.0,275800.0,219300.0
ARTA,Arthavest Tbk,2340.0,2340.0,2420.0,2150.0,2150.0,-190.0,39200.0,87273000.0,89.0,0.0,7900.0
ARTI,Ratu Prabu Energi Tbk,2.0,0.0,0.0,0.0,2.0,0.0,0.0,0.0,0.0,0.0,0.0
ARTO,Bank Jago Tbk.,945.0,950.0,955.0,905.0,905.0,-40.0,20347000.0,18730525000.0,3550.0,3483400.0,14574100.0
ASBI,Asuransi Bintang Tbk.,400.0,0.0,404.0,400.0,400.0,0.0,2300.0,924200.0,7.0,0.0,0.0
ASDM,Asuransi Dayin Mitra Tbk.,515.0,0.0,515.0,515.0,515.0,0.0,7100.0,3656500.0,3.0,0.0,0.0
ASGR,Astra Graphia Tbk.,2160.0,2160.0,2160.0,2110.0,2120.0,-40.0,697500.0,1478694000.0,1040.0,114000.0,87900.0
ASHA,Cilacap Samudera Fishing Industry Tbk.,55.0,56.0,56.0,50.0,51.0,-4.0,76814500.0,3927470000.0,3722.0,1855800.0,861200.0
ASII,Astra International Tbk.,4900.0,4920.0,4940.0,4820.0,4820.0,-80.0,63499200.0,308204570000.0,9502.0,47135700.0,55711900.0
ASJT,Asuransi Jasa Tania Tbk.,161.0,161.0,164.0,160.0,161.0,0.0,350300.0,56441900.0,62.0,0.0,0.0
ASLC,Autopedia Sukses Lestari Tbk.,65.0,65.0,68.0,65.0,66.0,1.0,7602400.0,505797800.0,605.0,61900.0,1391400.0
ASLI,Asri Karya Lestari Tbk.,390.0,424.0,448.0,358.0,362.0,-28.0,264178100.0,104266614800.0,21762.0,11817800.0,58407700.0
ASMI,Asuransi Maximus Graha Persada Tbk.,15.0,0.0,16.0,15.0,16.0,1.0,12637500.0,197172600.0,243.0,0.0,0.0
ASPI,Andalan Sakti Primaindo Tbk.,635.0,665.0,740.0,600.0,690.0,55.0,8532500.0,5801441000.0,3044.0,1865300.0,631800.0
ASPR,Asia Pramulia Tbk.,143.0,144.0,144.0,139.0,139.0,-4.0,7277100.0,1022802500.0,934.0,654300.0,2779800.0
ASRI,Alam Sutera Realty Tbk.,125.0,126.0,127.0,124.0,124.0,-1.0,2872600.0,359872900.0,212.0,60800.0,213300.0
ASRM,Asuransi Ramayana Tbk.,286.0,290.0,350.0,290.0,290.0,4.0,2790400.0,891425600.0,1246.0,47500.0,55200.0
ASSA,Adi Sarana Armada Tbk.,605.0,605.0,605.0,595.0,595.0,-10.0,7899200.0,4746378000.0,964.0,2708400.0,4477700.0
ATAP,Trimitra Prawara Goldland Tbk.,570.0,575.0,585.0,545.0,555.0,-15.0,1668000.0,942208500.0,272.0,81000.0,83900.0
ATIC,Anabatic Technologies Tbk.,458.0,0.0,458.0,444.0,450.0,-8.0,58400.0,26167600.0,50.0,0.0,6300.0
ATLA,Atlantis Subsea Indonesia Tbk.,50.0,0.0,50.0,50.0,50.0,0.0,52800.0,2640000.0,37.0,0.0,0.0
AUTO,Astra Otoparts Tbk.,3320.0,3330.0,3420.0,3330.0,3360.0,40.0,3638300.0,12315026000.0,2931.0,1504100.0,704700.0
AVIA,Avia Avian Tbk.,342.0,342.0,344.0,330.0,330.0,-12.0,33919900.0,11348532600.0,2492.0,12822400.0,30340600.0
AWAN,Era Digital Media Tbk.,162.0,161.0,162.0,158.0,162.0,0.0,317200.0,50821300.0,74.0,0.0,0.0
AXIO,Tera Data Indonusa Tbk.,115.0,114.0,116.0,114.0,114.0,-1.0,198700.0,22697400.0,84.0,0.0,10400.0
AYAM,Janu Putra Sejahtera Tbk.,505.0,500.0,510.0,486.0,500.0,-5.0,10178900.0,5030381200.0,865.0,3366400.0,3119000.0
AYLS,Arkayana Lestari Grup Tbk.,198.0,218.0,220.0,174.0,174.0,-24.0,44346600.0,8712208000.0,7590.0,300000.0,446300.0
BABP,Bank MNC Internasional Tbk.,50.0,50.0,50.0,50.0,50.0,0.0,15200.0,760000.0,12.0,0.0,0.0
BABY,Multitrend Indo Tbk.,202.0,200.0,218.0,197.0,202.0,0.0,4124500.0,859143700.0,1054.0,178100.0,409600.0
BACA,Bank Capital Indonesia Tbk.,117.0,118.0,119.0,116.0,119.0,2.0,693300.0,81176100.0,111.0,3100.0,3200.0
BACH,Bach Multi Global Tbk.,406.0,406.0,414.0,390.0,394.0,-12.0,36020100.0,14304637000.0,4919.0,3834600.0,5452200.0
BAIK,Bersama Mencapai Puncak Tbk.,240.0,242.0,242.0,234.0,242.0,2.0,6330400.0,1509263400.0,790.0,3127300.0,1338800.0
BAJA,Saranacentral Bajatama Tbk.,280.0,282.0,350.0,276.0,350.0,70.0,119421000.0,39267943200.0,17345.0,8805100.0,10405300.0
BALI,Bali Towerindo Sentra Tbk.,1310.0,0.0,1310.0,1250.0,1310.0,0.0,4000.0,5129000.0,13.0,0.0,0.0
BANK,Bank Aladin Syariah Tbk.,260.0,260.0,260.0,254.0,254.0,-6.0,1608800.0,409607800.0,394.0,0.0,454400.0
BAPA,Bekasi Asri Pemula Tbk.,128.0,128.0,132.0,120.0,126.0,-2.0,6732700.0,851720100.0,871.0,1095300.0,660400.0
BAPI,Bhakti Agung Propertindo Tbk.,20.0,0.0,20.0,20.0,20.0,0.0,14533800.0,290676000.0,249.0,0.0,0.0
BATA,Sepatu Bata Tbk.,59.0,0.0,0.0,0.0,59.0,0.0,0.0,0.0,0.0,0.0,0.0
BATR,Benteng Api Technic Tbk.,93.0,94.0,94.0,88.0,91.0,-2.0,633900.0,57104300.0,104.0,135400.0,52600.0
BAUT,Mitra Angkasa Sejahtera Tbk.,41.0,0.0,43.0,41.0,43.0,2.0,2160900.0,92370700.0,132.0,0.0,0.0
BAYU,Bayu Buana Tbk,1335.0,1340.0,1340.0,1320.0,1330.0,-5.0,39600.0,52660500.0,32.0,0.0,5000.0
BBCA,Bank Central Asia Tbk.,6350.0,6325.0,6350.0,6225.0,6300.0,-50.0,176753700.0,1109371660000.0,29028.0,97747700.0,154509600.0
BBHI,Allo Bank Indonesia Tbk.,900.0,900.0,905.0,890.0,900.0,0.0,13211100.0,11888398500.0,624.0,327500.0,3500.0
BBKP,Bank KB Indonesia Tbk.,51.0,51.0,51.0,50.0,50.0,-1.0,146907400.0,7346061500.0,1981.0,2245500.0,36571100.0
BBLD,Buana Finance Tbk.,670.0,0.0,715.0,660.0,670.0,0.0,88100.0,60676500.0,22.0,0.0,0.0
BBMD,Bank Mestika Dharma Tbk.,1995.0,0.0,1900.0,1900.0,1900.0,-95.0,400.0,760000.0,4.0,100.0,0.0
BBNI,Bank Negara Indonesia (Persero) Tbk.,3740.0,3730.0,3740.0,3640.0,3650.0,-90.0,45318800.0,165918608000.0,10556.0,17632800.0,29022400.0
BBRI,Bank Rakyat Indonesia (Persero) Tbk.,3330.0,3310.0,3340.0,3250.0,3310.0,-20.0,242737200.0,798330474000.0,27986.0,161868200.0,173823500.0
BBRM,Pelayaran Nasional Bina Buana Raya Tbk.,119.0,119.0,123.0,118.0,119.0,0.0,2259600.0,271697600.0,518.0,11800.0,2000.0
BBSI,Krom Bank Indonesia Tbk.,4520.0,0.0,0.0,0.0,4520.0,0.0,0.0,0.0,0.0,0.0,0.0
BBSS,Bumi Benowo Sukses Sejahtera Tbk.,80.0,80.0,82.0,77.0,79.0,-1.0,8685500.0,689268500.0,800.0,1178500.0,467400.0
BBTN,Bank Tabungan Negara (Persero) Tbk.,1170.0,1170.0,1180.0,1160.0,1170.0,0.0,15597300.0,18217072500.0,2661.0,8414300.0,8935500.0
BBYB,Bank Neo Commerce Tbk.,244.0,248.0,250.0,228.0,228.0,-16.0,220785800.0,50760382200.0,2955.0,109593000.0,194510200.0
BCAP,MNC Kapital Indonesia Tbk.,50.0,50.0,50.0,50.0,50.0,0.0,23300.0,1165000.0,11.0,0.0,0.0
BCIC,Bank JTrust Indonesia Tbk.,134.0,0.0,136.0,133.0,135.0,1.0,596000.0,80418800.0,90.0,0.0,61200.0
BCIP,Bumi Citra Permai Tbk.,62.0,62.0,63.0,58.0,59.0,-3.0,7602300.0,458329800.0,382.0,10700.0,396200.0
BDKR,Berdikari Pondasi Perkasa Tbk.,164.0,162.0,163.0,158.0,159.0,-5.0,11201500.0,1786541600.0,1398.0,1322700.0,5429700.0
BDMN,Bank Danamon Indonesia Tbk.,4440.0,4490.0,4500.0,4400.0,4400.0,-40.0,2659900.0,11752834000.0,634.0,274700.0,2203300.0
BEBS,Berkah Beton Sadaya Tbk.,5.0,0.0,0.0,0.0,5.0,0.0,0.0,0.0,0.0,0.0,0.0
BEEF,Estika Tata Tiara Tbk.,420.0,422.0,430.0,402.0,418.0,-2.0,8172500.0,3379131600.0,554.0,1668800.0,534400.0
BEER,Jobubu Jarum Minahasa Tbk.,76.0,76.0,77.0,75.0,76.0,0.0,6285300.0,476655200.0,763.0,334300.0,185700.0
BEKS,Bank Pembangunan Daerah Banten Tbk.,23.0,0.0,23.0,22.0,22.0,-1.0,11177200.0,246526900.0,158.0,0.0,0.0
BELI,Global Digital Niaga Tbk.,286.0,286.0,288.0,278.0,280.0,-6.0,958600.0,270266200.0,315.0,0.0,305100.0
BELL,Trisula Textile Industries Tbk.,107.0,106.0,107.0,102.0,102.0,-5.0,14424500.0,1500505900.0,1122.0,297500.0,919900.0
BESS,Batulicin Nusantara Maritim Tbk.,895.0,0.0,930.0,895.0,920.0,25.0,47200.0,42778500.0,76.0,0.0,1800.0
BEST,Bekasi Fajar Industrial Estate Tbk.,126.0,126.0,126.0,122.0,124.0,-2.0,17146700.0,2119333100.0,1310.0,636100.0,4116800.0
BFIN,BFI Finance  Indonesia Tbk.,985.0,985.0,995.0,940.0,965.0,-20.0,48255600.0,46380355500.0,4973.0,11224000.0,25206900.0
BGTG,Bank Ganesha Tbk.,118.0,118.0,119.0,115.0,116.0,-2.0,4206700.0,488857900.0,386.0,357700.0,1566300.0
BHAT,Bhakti Multi Artha Tbk.,1770.0,0.0,0.0,0.0,1770.0,0.0,0.0,0.0,0.0,0.0,0.0
BHIT,MNC Asia Holding Tbk.,25.0,0.0,25.0,24.0,24.0,-1.0,4463300.0,107872000.0,169.0,0.0,0.0
BIKA,Binakarya Jaya Abadi Tbk.,55.0,0.0,0.0,0.0,55.0,0.0,0.0,0.0,0.0,0.0,0.0
BIKE,Bhineka Inovasi Ketahanan Energi Tbk.,1030.0,0.0,1130.0,1125.0,1130.0,100.0,312400.0,352812000.0,106.0,0.0,0.0
BIMA,Primarindo Asia Infrastructure Tbk.,82.0,0.0,0.0,0.0,82.0,0.0,0.0,0.0,0.0,0.0,0.0
BINA,Bank Ina Perdana Tbk.,4080.0,0.0,4100.0,4030.0,4060.0,-20.0,505500.0,2046755000.0,127.0,6700.0,9500.0
BINO,Perma Plasindo Tbk.,116.0,0.0,131.0,115.0,115.0,-1.0,7446500.0,915362500.0,1389.0,253900.0,301600.0
BIPI,Astrindo Nusantara Infrastruktur Tbk.,139.0,140.0,141.0,136.0,140.0,1.0,206743300.0,28485187100.0,6651.0,11802500.0,26605100.0
BIPP,Bhuwanatala Indah Permai Tbk.,69.0,69.0,72.0,65.0,67.0,-2.0,13880100.0,947183900.0,1001.0,1845000.0,328200.0
BIRD,Blue Bird Tbk.,1610.0,1605.0,1610.0,1600.0,1610.0,0.0,668100.0,1071844000.0,372.0,275800.0,144600.0
BISI,BISI International Tbk.,730.0,0.0,745.0,725.0,730.0,0.0,171200.0,125759000.0,85.0,7000.0,41300.0
BJBR,Bank Pembangunan Daerah Jawa Barat dan Banten Tbk.,795.0,790.0,795.0,755.0,755.0,-40.0,80359700.0,60735259500.0,1891.0,18270300.0,71549800.0
BJTM,Bank Pembangunan Daerah Jawa Timur Tbk.,520.0,525.0,525.0,520.0,520.0,0.0,2097000.0,1094604500.0,373.0,391700.0,16000.0
BKDP,Bukit Darmo Property Tbk,176.0,180.0,181.0,164.0,168.0,-8.0,8291600.0,1407259200.0,1070.0,385200.0,171700.0
BKSL,Sentul City Tbk.,68.0,69.0,69.0,66.0,69.0,1.0,150880400.0,10270113200.0,3410.0,90410000.0,11000200.0
BKSW,Bank QNB Indonesia Tbk.,51.0,51.0,51.0,50.0,50.0,-1.0,3917300.0,196619100.0,228.0,0.0,800.0
BLES,Superior Prima Sukses Tbk.,195.0,194.0,202.0,194.0,195.0,0.0,9350400.0,1848746500.0,485.0,1251600.0,1504800.0
BLOG,Trimitra Trans Persada Tbk.,364.0,368.0,368.0,360.0,366.0,2.0,248500.0,90490600.0,85.0,0.0,84800.0
BLTA,Berlian Laju Tanker Tbk,32.0,0.0,32.0,31.0,32.0,0.0,2239300.0,70555600.0,109.0,0.0,0.0
BLTZ,Graha Layar Prima Tbk.,2000.0,0.0,0.0,0.0,2000.0,0.0,0.0,0.0,0.0,0.0,0.0
BLUE,Berkah Prima Perkasa Tbk.,3020.0,2980.0,3150.0,2970.0,2990.0,-30.0,268000.0,814990000.0,145.0,11100.0,14400.0
BMAS,Bank Kasikorn Indonesia Tbk.,510.0,510.0,520.0,500.0,505.0,-5.0,234600.0,118616500.0,111.0,0.0,0.0
BMBL,Lavender Bina Cendikia Tbk.,30.0,0.0,31.0,29.0,30.0,0.0,10906600.0,323414300.0,356.0,0.0,0.0
BMHS,Bundamedik Tbk.,198.0,200.0,204.0,195.0,200.0,2.0,776600.0,154547100.0,156.0,2100.0,3800.0
BMRI,Bank Mandiri (Persero) Tbk.,4350.0,4350.0,4350.0,4250.0,4260.0,-90.0,186217000.0,794649344000.0,28405.0,99168100.0,150141100.0
BMSR,Bintang Mitra Semestaraya Tbk,362.0,380.0,380.0,346.0,358.0,-4.0,151300.0,54489400.0,118.0,0.0,5300.0
BMTR,Global Mediacom Tbk.,116.0,117.0,117.0,113.0,115.0,-1.0,42546200.0,4865769100.0,1829.0,16075400.0,21288000.0
BNBA,Bank Bumi Arta Tbk.,820.0,0.0,815.0,790.0,790.0,-30.0,295200.0,235952500.0,62.0,2000.0,165700.0
BNBR,Bakrie & Brothers Tbk,90.0,91.0,91.0,86.0,86.0,-4.0,483124400.0,42284424800.0,14326.0,59041100.0,143758800.0
BNGA,Bank CIMB Niaga Tbk.,1735.0,1735.0,1765.0,1720.0,1765.0,30.0,11331200.0,19874566000.0,785.0,10011100.0,644000.0
BNII,Bank Maybank Indonesia Tbk.,194.0,194.0,195.0,192.0,193.0,-1.0,854500.0,164874200.0,149.0,80100.0,0.0
BNLI,Bank Permata Tbk.,2070.0,0.0,2100.0,2060.0,2100.0,30.0,97900.0,203326000.0,112.0,0.0,13200.0
BOAT,Newport Marine Services Tbk.,138.0,137.0,140.0,134.0,139.0,1.0,2300000.0,314386900.0,275.0,16700.0,17000.0
BOBA,Formosa Ingredient Factory Tbk.,206.0,0.0,208.0,204.0,206.0,0.0,270900.0,55707000.0,115.0,200.0,400.0
BOGA,Apollo Global Interactive Tbk.,1565.0,0.0,1615.0,1610.0,1615.0,50.0,1500.0,2421500.0,6.0,0.0,0.0
BOLA,Bali Bintang Sejahtera Tbk.,176.0,176.0,179.0,168.0,174.0,-2.0,926600.0,157796300.0,110.0,6100.0,98200.0
BOLT,Garuda Metalindo Tbk.,820.0,820.0,825.0,800.0,825.0,5.0,15200.0,12341500.0,41.0,0.0,300.0
BOSS,Borneo Olah Sarana Sukses Tbk.,50.0,0.0,0.0,0.0,50.0,0.0,0.0,0.0,0.0,0.0,0.0
BPFI,Woori Finance Indonesia Tbk.,248.0,248.0,254.0,244.0,248.0,0.0,139300.0,35086600.0,74.0,0.0,0.0
BPII,Batavia Prosperindo Internasional Tbk.,460.0,0.0,470.0,458.0,468.0,8.0,2700.0,1258600.0,10.0,0.0,0.0
BPTR,Batavia Prosperindo Trans Tbk.,74.0,75.0,75.0,73.0,73.0,-1.0,882700.0,65216300.0,109.0,900.0,0.0
BRAM,Indo Kordsa Tbk.,4700.0,4700.0,4700.0,4680.0,4680.0,-20.0,500.0,2342000.0,2.0,0.0,0.0
BREN,Barito Renewables Energy Tbk.,3080.0,3080.0,3180.0,3000.0,3180.0,100.0,17135700.0,53007789000.0,5448.0,12457300.0,6786000.0
BRIS,Bank Syariah Indonesia (Persero) Tbk.,1645.0,1650.0,1655.0,1605.0,1610.0,-35.0,32250600.0,52264232000.0,12299.0,3726700.0,13058400.0
BRMS,Bumi Resources Minerals Tbk.,735.0,735.0,745.0,700.0,720.0,-15.0,872252700.0,628256871500.0,17981.0,622475900.0,533209300.0
BRNA,Berlina Tbk.,670.0,690.0,695.0,670.0,680.0,10.0,538500.0,366090500.0,204.0,0.0,0.0
BRPT,Barito Pacific Tbk.,1610.0,1630.0,1635.0,1585.0,1610.0,0.0,56733600.0,91085500500.0,9634.0,22688400.0,28180600.0
BRRC,Raja Roti Cemerlang Tbk.,71.0,70.0,74.0,70.0,70.0,-1.0,15087300.0,1078409100.0,869.0,331300.0,399400.0
BSBK,Wulandari Bangun Laksana Tbk.,50.0,50.0,50.0,50.0,50.0,0.0,149200.0,7460000.0,57.0,0.0,0.0
BSDE,Bumi Serpong Damai Tbk.,640.0,645.0,650.0,605.0,605.0,-35.0,192604300.0,116792479500.0,1955.0,98135000.0,185056300.0
BSIM,Bank Sinarmas Tbk.,1040.0,0.0,1055.0,970.0,1020.0,-20.0,59000.0,60336500.0,95.0,0.0,6700.0
BSML,Bintang Samudera Mandiri Lines Tbk.,550.0,550.0,555.0,540.0,555.0,5.0,6409000.0,3523044500.0,206.0,635900.0,111300.0
BSSR,Baramulti Suksessarana Tbk.,4960.0,4980.0,4990.0,4930.0,4960.0,0.0,869400.0,4314163000.0,952.0,108400.0,140000.0
BSWD,Bank Of India Indonesia Tbk.,1500.0,0.0,0.0,0.0,1500.0,0.0,0.0,0.0,0.0,0.0,0.0
BTEK,Bumi Teknokultura Unggul Tbk,12.0,0.0,12.0,11.0,11.0,-1.0,201072800.0,2219571700.0,1250.0,0.0,0.0
BTEL,Bakrie Telecom Tbk.,50.0,0.0,0.0,0.0,50.0,0.0,0.0,0.0,0.0,0.0,0.0
BTON,Betonjaya Manunggal Tbk.,378.0,374.0,374.0,370.0,370.0,-8.0,18900.0,7055200.0,24.0,0.0,0.0
BTPN,Bank SMBC Indonesia Tbk.,2350.0,0.0,2340.0,2300.0,2340.0,-10.0,3300.0,7657000.0,12.0,0.0,900.0
BTPS,Bank BTPN Syariah Tbk.,1035.0,1035.0,1040.0,980.0,980.0,-55.0,83346700.0,81749964500.0,1448.0,66844100.0,82467500.0
BUAH,Segar Kumala Indonesia Tbk.,500.0,0.0,498.0,490.0,496.0,-4.0,331500.0,163512000.0,118.0,0.0,0.0
BUDI,Budi Starch & Sweetener Tbk.,226.0,226.0,228.0,224.0,226.0,0.0,91100.0,20684000.0,70.0,200.0,8200.0
BUKA,Bukalapak.com Tbk.,105.0,105.0,105.0,100.0,104.0,-1.0,323025300.0,33472932500.0,3544.0,61718200.0,291729900.0
BUKK,Bukaka Teknik Utama Tbk.,1035.0,1035.0,1050.0,975.0,1030.0,-5.0,90400.0,92707500.0,93.0,0.0,0.0
BULL,Buana Lintas Lautan Tbk.,390.0,390.0,396.0,384.0,390.0,0.0,144283600.0,56204589800.0,10841.0,23829200.0,15661300.0
BUMI,Bumi Resources Tbk.,202.0,202.0,204.0,192.0,193.0,-9.0,3398895800.0,666908721900.0,59122.0,376634900.0,686482900.0
BUVA,Bukit Uluwatu Villa Tbk.,685.0,690.0,700.0,660.0,665.0,-20.0,49365100.0,33056182000.0,7276.0,2672200.0,5215500.0
BVIC,Bank Victoria International Tbk.,93.0,93.0,94.0,92.0,93.0,0.0,642700.0,59754200.0,89.0,109200.0,0.0
BWPT,Eagle High Plantations Tbk.,124.0,124.0,128.0,120.0,120.0,-4.0,206387300.0,25528748200.0,6514.0,24004500.0,75930900.0
BYAN,Bayan Resources Tbk.,11525.0,13825.0,13825.0,13100.0,13825.0,2300.0,11454300.0,158206840000.0,6658.0,143300.0,3470100.0
CAKK,Cahayaputra Asa Keramik Tbk.,161.0,0.0,166.0,160.0,164.0,3.0,67100.0,10879600.0,37.0,0.0,0.0
CAMP,Campina Ice Cream Industry Tbk.,169.0,171.0,222.0,169.0,202.0,33.0,95372900.0,19490861100.0,12199.0,3886800.0,3794100.0
CANI,Capitol Nusantara Indonesia Tbk.,135.0,0.0,0.0,0.0,135.0,0.0,0.0,0.0,0.0,0.0,0.0
CARE,Metro Healthcare Indonesia Tbk.,402.0,410.0,410.0,392.0,406.0,4.0,283600.0,113232000.0,246.0,72200.0,100700.0
CARS,Industri dan Perdagangan Bintraco Dharma Tbk.,113.0,113.0,115.0,112.0,114.0,1.0,4363700.0,497744000.0,159.0,3600.0,270700.0
CASA,Capital Financial Indonesia Tbk.,1805.0,0.0,1805.0,1800.0,1800.0,-5.0,26800.0,48256500.0,14.0,0.0,2600.0
CASH,Cashlez Worldwide Indonesia Tbk.,272.0,0.0,290.0,246.0,272.0,0.0,7404500.0,1943369000.0,1250.0,801400.0,474900.0
CASS,Cahaya Aero Services Tbk.,1850.0,1860.0,1860.0,1830.0,1835.0,-15.0,36800.0,67591500.0,13.0,0.0,22800.0
CBDK,Bangun Kosambi Sukses Tbk.,3660.0,3660.0,3750.0,3580.0,3750.0,90.0,3618100.0,13220391000.0,1684.0,1148500.0,1031400.0
CBMF,Cahaya Bintang Medan Tbk.,50.0,0.0,0.0,0.0,50.0,0.0,0.0,0.0,0.0,0.0,0.0
CBPE,Citra Buana Prasida Tbk.,496.0,0.0,540.0,482.0,505.0,9.0,248100.0,126809200.0,113.0,9100.0,14300.0
CBRE,Cakra Buana Resources Energi Tbk.,720.0,720.0,730.0,715.0,725.0,5.0,6256800.0,4511934000.0,1146.0,1851300.0,336500.0
CBUT,Citra Borneo Utama Tbk.,1055.0,0.0,1055.0,1010.0,1035.0,-20.0,64500.0,66814500.0,111.0,0.0,5500.0
CCSI,Communication Cable Systems Indonesia Tbk.,434.0,436.0,460.0,398.0,422.0,-12.0,6274600.0,2674929600.0,1731.0,998400.0,615000.0
CDIA,Chandra Daya Investasi Tbk.,650.0,660.0,665.0,640.0,645.0,-5.0,28813000.0,18688052500.0,3938.0,4558200.0,4971900.0
CEKA,Wilmar Cahaya Indonesia Tbk.,2200.0,0.0,2230.0,2200.0,2200.0,0.0,24700.0,54848000.0,42.0,0.0,0.0
CENT,Centratama Telekomunikasi Indonesia Tbk.,106.0,106.0,107.0,102.0,104.0,-2.0,8652000.0,901779200.0,714.0,1685000.0,1233700.0
CFIN,Clipan Finance Indonesia Tbk.,374.0,374.0,376.0,368.0,374.0,0.0,4284000.0,1596086600.0,235.0,145400.0,640500.0
CGAS,Citra Nusantara Gemilang Tbk.,149.0,149.0,157.0,149.0,151.0,2.0,3807100.0,580955000.0,779.0,55500.0,857400.0
CHEK,Diastika Biotekindo Tbk.,130.0,130.0,130.0,128.0,129.0,-1.0,532700.0,68466000.0,69.0,0.0,11500.0
CHEM,Chemstar Indonesia Tbk.,68.0,68.0,68.0,63.0,64.0,-4.0,14177300.0,923317900.0,1156.0,47100.0,35900.0
CHIP,Pelita Teknologi Global Tbk.,740.0,0.0,750.0,725.0,735.0,-5.0,123800.0,90963000.0,183.0,5900.0,0.0
CINT,Chitose Internasional Tbk.,202.0,204.0,216.0,189.0,195.0,-7.0,3686700.0,741528000.0,1223.0,215400.0,85700.0
CITA,Cita Mineral Investindo Tbk.,3500.0,3500.0,3500.0,3400.0,3480.0,-20.0,46400.0,159773000.0,106.0,0.0,7200.0
CITY,Natura City Developments Tbk.,179.0,179.0,186.0,175.0,177.0,-2.0,632100.0,113055800.0,169.0,2800.0,0.0
CLAY,Citra Putra Realty Tbk.,2740.0,0.0,2800.0,2660.0,2740.0,0.0,15400.0,42687000.0,16.0,0.0,0.0
CLEO,Sariguna Primatirta Tbk.,432.0,432.0,434.0,422.0,422.0,-10.0,10362000.0,4409732200.0,1249.0,413700.0,1715900.0
CLPI,Colorpak Indonesia Tbk.,1610.0,0.0,1610.0,1600.0,1610.0,0.0,31800.0,51015000.0,71.0,0.0,0.0
CMNP,Citra Marga Nusaphala Persada Tbk.,1400.0,0.0,1400.0,1370.0,1370.0,-30.0,16700.0,23065500.0,45.0,200.0,3200.0
CMNT,Cemindo Gemilang Tbk.,770.0,770.0,770.0,755.0,765.0,-5.0,22975500.0,17574495000.0,457.0,9629000.0,6724600.0
CMPP,AirAsia Indonesia Tbk.,69.0,0.0,0.0,0.0,69.0,0.0,0.0,0.0,0.0,0.0,0.0
CMRY,Cisarua Mountain Dairy Tbk.,4470.0,4470.0,4560.0,4450.0,4500.0,30.0,14744400.0,66287578000.0,3104.0,11553000.0,13777400.0
CNKO,Exploitasi Energi Indonesia Tbk.,37.0,0.0,0.0,0.0,37.0,0.0,0.0,0.0,0.0,0.0,0.0
CNMA,Nusantara Sejahtera Raya Tbk.,92.0,92.0,92.0,90.0,91.0,-1.0,6961800.0,631335100.0,563.0,57600.0,602400.0
COAL,Black Diamond Resources Tbk.,31.0,0.0,0.0,0.0,31.0,0.0,0.0,0.0,0.0,0.0,0.0
COCO,Wahana Interfood Nusantara Tbk.,137.0,137.0,138.0,133.0,133.0,-4.0,179570800.0,24226358900.0,6228.0,10434500.0,51764600.0
COIN,Indokripto Koin Semesta Tbk.,735.0,750.0,755.0,715.0,755.0,20.0,13326600.0,9865506000.0,1938.0,6171300.0,1405500.0
COWL,Cowell Development Tbk.,50.0,0.0,0.0,0.0,50.0,0.0,0.0,0.0,0.0,0.0,0.0
CPIN,Charoen Pokphand Indonesia Tbk,3120.0,3140.0,3160.0,3090.0,3150.0,30.0,45863400.0,143903220000.0,5204.0,29156200.0,34857500.0
CPRI,Capri Nusa Satu Properti Tbk.,50.0,0.0,0.0,0.0,50.0,0.0,0.0,0.0,0.0,0.0,0.0
CPRO,Central Proteina Prima Tbk.,50.0,50.0,50.0,50.0,50.0,0.0,1963500.0,98175000.0,271.0,0.0,0.0
CRAB,Toba Surimi Industries Tbk.,214.0,214.0,228.0,214.0,226.0,12.0,1449900.0,323109000.0,287.0,301600.0,0.0
CRSN,Carsurin Tbk.,132.0,140.0,159.0,131.0,138.0,6.0,7242700.0,1048380500.0,1447.0,464400.0,457100.0
CSAP,Catur Sentosa Adiprana Tbk.,296.0,290.0,294.0,288.0,290.0,-6.0,84000.0,24400000.0,40.0,9200.0,200.0
CSIS,Cahayasakti Investindo Sukses Tbk.,206.0,206.0,206.0,200.0,204.0,-2.0,448200.0,90748200.0,87.0,900.0,100.0
CSMI,Cipta Selera Murni Tbk.,193.0,0.0,200.0,174.0,174.0,-19.0,11052300.0,2028694400.0,738.0,0.0,25000.0
CSRA,Cisadane Sawit Raya Tbk.,755.0,0.0,770.0,740.0,745.0,-10.0,236400.0,177059500.0,106.0,1000.0,101000.0
CTBN,Citra Tubindo Tbk.,3050.0,0.0,3130.0,3040.0,3070.0,20.0,9000.0,27843000.0,44.0,0.0,1800.0
CTRA,Ciputra Development Tbk.,595.0,600.0,605.0,570.0,570.0,-25.0,29570100.0,17153591500.0,3382.0,7628700.0,24342600.0
CTTH,Citatah Tbk.,131.0,131.0,131.0,126.0,128.0,-3.0,8000900.0,1026813600.0,779.0,231100.0,201500.0
CUAN,Petrindo Jaya Kreasi Tbk.,945.0,960.0,970.0,915.0,925.0,-20.0,304158300.0,286611399500.0,22213.0,42684000.0,86774000.0
CYBR,ITSEC Asia Tbk.,520.0,520.0,540.0,515.0,520.0,0.0,44521300.0,23432174000.0,1824.0,17950200.0,16456300.0
DAAZ,Daaz Bara Lestari Tbk.,1670.0,1680.0,1680.0,1630.0,1635.0,-35.0,142900.0,235726500.0,104.0,3200.0,10400.0
DADA,Diamond Citra Propertindo Tbk.,50.0,0.0,50.0,50.0,50.0,0.0,7700.0,385000.0,26.0,0.0,0.0
DART,Duta Anggada Realty Tbk.,166.0,167.0,182.0,166.0,168.0,2.0,1448000.0,249873800.0,710.0,84700.0,74400.0
DATA,Remala Abadi Tbk.,1675.0,1680.0,1755.0,1660.0,1685.0,10.0,1986200.0,3373979000.0,820.0,252700.0,336700.0
DAYA,Duta Intidaya Tbk.,1035.0,1035.0,1090.0,1025.0,1075.0,40.0,8400.0,8881000.0,27.0,0.0,1000.0
DCII,DCI Indonesia Tbk.,195800.0,0.0,202000.0,201950.0,201950.0,6150.0,800.0,161590000.0,6.0,0.0,300.0
DEAL,Dewata Freightinternational Tbk.,6.0,0.0,0.0,0.0,6.0,0.0,0.0,0.0,0.0,0.0,0.0
DEFI,Danasupra Erapacific Tbk.,114.0,116.0,121.0,110.0,111.0,-3.0,98511400.0,11389179300.0,8244.0,466400.0,9127400.0
DEPO,Caturkarda Depo Bangunan Tbk.,240.0,238.0,246.0,238.0,244.0,4.0,32400.0,7863000.0,38.0,100.0,300.0
DEWA,Darma Henwa Tbk,382.0,382.0,386.0,366.0,370.0,-12.0,399468900.0,149228217200.0,19984.0,45515900.0,76366000.0
DEWI,Dewi Shri Farmindo Tbk.,183.0,183.0,189.0,176.0,189.0,6.0,44578800.0,8191987700.0,5155.0,10367400.0,6459700.0
DFAM,Dafam Property Indonesia Tbk.,93.0,92.0,95.0,92.0,92.0,-1.0,12399500.0,1148892500.0,941.0,1251700.0,204900.0
DGIK,Nusa Konstruksi Enjiniring Tbk.,136.0,137.0,137.0,133.0,135.0,-1.0,2541200.0,343742300.0,418.0,159700.0,171200.0
DGNS,Diagnos Laboratorium Utama Tbk.,278.0,278.0,278.0,268.0,278.0,0.0,668500.0,181892400.0,58.0,500.0,100.0
DGWG,Delta Giri Wacana Tbk.,328.0,328.0,330.0,320.0,328.0,0.0,10032700.0,3249674800.0,1290.0,312100.0,871800.0
DIGI,Arkadia Digital Media Tbk.,29.0,0.0,0.0,0.0,29.0,0.0,0.0,0.0,0.0,0.0,0.0
DILD,Intiland Development Tbk.,116.0,117.0,117.0,115.0,116.0,0.0,5091500.0,590321900.0,439.0,68900.0,2248100.0
DIVA,Distribusi Voucher Nusantara Tbk.,147.0,147.0,148.0,140.0,142.0,-5.0,8776200.0,1254063700.0,965.0,836800.0,3700.0
DKFT,Central Omega Resources Tbk.,665.0,665.0,685.0,665.0,685.0,20.0,6486400.0,4381310000.0,905.0,3196800.0,350400.0
DKHH,Cipta Sarana Medika Tbk.,70.0,70.0,70.0,67.0,68.0,-2.0,10024000.0,686358100.0,775.0,170400.0,669700.0
DLTA,Delta Djakarta Tbk.,1790.0,1790.0,1800.0,1790.0,1790.0,0.0,21100.0,37823500.0,30.0,0.0,6800.0
DMAS,Puradelta Lestari Tbk.,196.0,197.0,199.0,191.0,192.0,-4.0,149595900.0,29206255000.0,9074.0,7764100.0,53223300.0
DMMX,Digital Mediatama Maxima Tbk.,186.0,0.0,189.0,186.0,186.0,0.0,405600.0,75665900.0,103.0,0.0,0.0
DMND,Diamond Food Indonesia Tbk.,635.0,635.0,645.0,615.0,630.0,-5.0,293400.0,186288000.0,334.0,14600.0,14600.0
DNAR,Bank Oke Indonesia Tbk.,131.0,131.0,131.0,129.0,131.0,0.0,320400.0,41537400.0,71.0,3100.0,57400.0
DNET,Indoritel Makmur Internasional Tbk.,9800.0,0.0,9825.0,9800.0,9800.0,0.0,7300.0,71542500.0,6.0,0.0,0.0
DOID,BUMA Internasional Grup Tbk.,236.0,238.0,240.0,234.0,234.0,-2.0,2005700.0,472529600.0,412.0,76100.0,668700.0
DOOH,Era Media Sejahtera Tbk.,458.0,458.0,460.0,390.0,408.0,-50.0,339865500.0,140164998200.0,20936.0,16162200.0,53725100.0
DOSS,Global Sukses Digital Tbk.,174.0,175.0,175.0,167.0,171.0,-3.0,2176300.0,370903400.0,425.0,197700.0,31100.0
DPNS,Duta Pertiwi Nusantara Tbk.,310.0,0.0,0.0,0.0,310.0,0.0,0.0,0.0,0.0,0.0,0.0
DPUM,Dua Putra Utama Makmur Tbk.,149.0,153.0,168.0,146.0,146.0,-3.0,164380700.0,26135562200.0,21581.0,8448600.0,12200400.0
DRMA,Dharma Polimetal Tbk.,985.0,985.0,990.0,960.0,965.0,-20.0,1299400.0,1261214500.0,623.0,56100.0,482900.0
DSFI,Dharma Samudera Fishing Industries Tbk.,93.0,95.0,96.0,91.0,92.0,-1.0,10846900.0,1008375300.0,1289.0,74000.0,56400.0
DSNG,Dharma Satya Nusantara Tbk.,1660.0,1670.0,1690.0,1665.0,1690.0,30.0,4103300.0,6874812000.0,1502.0,875400.0,794800.0
DSSA,Dian Swastatika Sentosa Tbk,1120.0,1130.0,1135.0,1060.0,1060.0,-60.0,202320500.0,220551907500.0,23709.0,13951400.0,89305700.0
DUCK,Jaya Bersama Indo Tbk.,176.0,0.0,0.0,0.0,176.0,0.0,0.0,0.0,0.0,0.0,0.0
DUTI,Duta Pertiwi Tbk,4800.0,0.0,0.0,0.0,4800.0,0.0,0.0,0.0,0.0,0.0,0.0
DVLA,Darya-Varia Laboratoria Tbk.,1585.0,0.0,1585.0,1570.0,1585.0,0.0,59800.0,94436000.0,41.0,0.0,15100.0
DWGL,Dwi Guna Laksana Tbk.,226.0,226.0,230.0,222.0,222.0,-4.0,3358500.0,755558000.0,633.0,568800.0,58700.0
DYAN,Dyandra Media International Tbk.,85.0,85.0,86.0,84.0,85.0,0.0,859300.0,73009400.0,155.0,5200.0,4400.0
EAST,Eastparc Hotel Tbk.,90.0,90.0,90.0,89.0,89.0,-1.0,1675700.0,149338600.0,384.0,700.0,0.0
ECII,Electronic City Indonesia Tbk.,166.0,169.0,178.0,162.0,167.0,1.0,4362600.0,735816800.0,745.0,164100.0,115000.0
EDGE,Indointernet Tbk.,4790.0,0.0,0.0,0.0,4790.0,0.0,0.0,0.0,0.0,0.0,0.0
EKAD,Ekadharma International Tbk.,402.0,404.0,406.0,396.0,398.0,-4.0,2987200.0,1194759400.0,606.0,490500.0,118300.0
ELIT,Data Sinergitama Jaya Tbk.,284.0,284.0,300.0,268.0,272.0,-12.0,55811800.0,16069345000.0,5488.0,6520400.0,7553000.0
ELPI,Pelayaran Nasional Ekalya Purnamasari Tbk.,645.0,645.0,650.0,605.0,620.0,-25.0,1329100.0,825641000.0,721.0,4500.0,193300.0
ELSA,Elnusa Tbk.,705.0,705.0,715.0,685.0,695.0,-10.0,18668900.0,12985242500.0,2999.0,3866200.0,9704300.0
ELTY,Bakrieland Development Tbk.,35.0,0.0,35.0,34.0,34.0,-1.0,39590200.0,1352456600.0,868.0,0.0,0.0
EMAS,Merdeka Gold Resources Tbk.,7600.0,7650.0,7700.0,7475.0,7650.0,50.0,42896500.0,326892767500.0,4849.0,27981700.0,30235400.0
EMDE,Megapolitan Developments Tbk.,76.0,77.0,80.0,76.0,77.0,1.0,5635600.0,438067800.0,2053.0,176300.0,803400.0
EMMI,Esa Medika Mandiri Tbk.,342.0,340.0,360.0,332.0,352.0,10.0,3006400.0,1049273200.0,791.0,133900.0,275200.0
EMTK,Elang Mahkota Teknologi Tbk.,494.0,496.0,496.0,468.0,468.0,-26.0,86712000.0,41335585800.0,7417.0,16168200.0,69324700.0
ENAK,Champ Resto Indonesia Tbk.,220.0,224.0,224.0,204.0,212.0,-8.0,358700.0,77673400.0,255.0,0.0,124700.0
ENRG,Energi Mega Persada Tbk.,1310.0,1310.0,1325.0,1250.0,1305.0,-5.0,60776400.0,78025943000.0,9757.0,19837500.0,13531800.0
ENVY,Envy Technologies Indonesia Tbk.,50.0,0.0,0.0,0.0,50.0,0.0,0.0,0.0,0.0,0.0,0.0
ENZO,Morenzo Abadi Perkasa Tbk.,77.0,78.0,78.0,75.0,76.0,-1.0,12588900.0,958805100.0,974.0,52500.0,1105700.0
EPAC,Megalestari Epack Sentosaraya Tbk.,50.0,50.0,50.0,50.0,50.0,0.0,22586300.0,1129315000.0,540.0,0.0,0.0
EPMT,Enseval Putera Megatrading Tbk.,2630.0,2660.0,2660.0,2630.0,2650.0,20.0,46200.0,121961000.0,56.0,22800.0,500.0
ERAA,Erajaya Swasembada Tbk.,620.0,625.0,645.0,615.0,625.0,5.0,123042400.0,77249292000.0,8920.0,44093500.0,32401000.0
ERAL,Sinar Eka Selaras Tbk.,332.0,332.0,336.0,322.0,324.0,-8.0,6960900.0,2289527800.0,724.0,264800.0,1355100.0
ERTX,Eratex Djaja Tbk.,173.0,175.0,175.0,170.0,172.0,-1.0,196000.0,33738100.0,94.0,1300.0,48700.0
ESIP,Sinergi Inti Plastindo Tbk.,120.0,121.0,122.0,115.0,115.0,-5.0,16617800.0,1944425600.0,1581.0,1159200.0,838300.0
ESSA,ESSA Industries Indonesia Tbk.,610.0,610.0,620.0,605.0,605.0,-5.0,71550600.0,43637234500.0,5520.0,9465800.0,31763400.0
ESTA,Esta Multi Usaha Tbk.,177.0,177.0,222.0,174.0,182.0,5.0,59584400.0,11957834900.0,8109.0,1639300.0,1569200.0
ESTI,Ever Shine Tex Tbk.,167.0,168.0,168.0,159.0,160.0,-7.0,4635100.0,754423000.0,869.0,245200.0,893000.0
ETWA,Eterindo Wahanatama Tbk,70.0,0.0,0.0,0.0,70.0,0.0,0.0,0.0,0.0,0.0,0.0
EURO,Estee Gold Feet Tbk.,1505.0,0.0,1510.0,1440.0,1455.0,-50.0,214100.0,313447000.0,173.0,45000.0,8800.0
EXCL,XLSMART Telecom Sejahtera Tbk.,2580.0,2560.0,2570.0,2500.0,2500.0,-80.0,36585900.0,91638070000.0,2787.0,23464300.0,35426400.0
FAPA,FAP Agri Tbk.,7450.0,7450.0,7450.0,7425.0,7425.0,-25.0,7600.0,56432500.0,8.0,2900.0,4700.0
FAST,Fast Food Indonesia Tbk.,452.0,480.0,484.0,426.0,426.0,-26.0,48574900.0,22418848200.0,9052.0,3433300.0,8856600.0
FASW,Fajar Surya Wisesa Tbk.,5275.0,0.0,0.0,0.0,5275.0,0.0,0.0,0.0,0.0,0.0,0.0
FILM,MD Entertainment Tbk.,790.0,795.0,805.0,730.0,730.0,-60.0,23778700.0,17945568000.0,5144.0,2703000.0,11134600.0
FIMP,Fimperkasa Utama Tbk.,69.0,0.0,0.0,0.0,69.0,0.0,0.0,0.0,0.0,0.0,0.0
FIRE,Alfa Energi Investama Tbk.,122.0,125.0,130.0,123.0,124.0,2.0,31476300.0,3995180500.0,2815.0,5570700.0,4172500.0
FISH,FKS Multi Agro Tbk.,665.0,665.0,665.0,635.0,650.0,-15.0,81600.0,52862000.0,116.0,3200.0,2700.0
FITT,Fortune Resources Investment Tbk.,436.0,0.0,442.0,426.0,440.0,4.0,383100.0,166027600.0,181.0,50000.0,10600.0
FLMC,Falmaco Nonwoven Industri Tbk.,105.0,0.0,103.0,95.0,95.0,-10.0,7117500.0,693265200.0,681.0,0.0,0.0
FMII,Fortune Mate Indonesia Tbk,254.0,0.0,246.0,238.0,238.0,-16.0,242500.0,58481000.0,103.0,800.0,5300.0
FOLK,Multi Garam Utama Tbk.,240.0,244.0,280.0,230.0,244.0,4.0,75966100.0,19279558600.0,9133.0,4777400.0,7785400.0
FOOD,Sentra Food Indonesia Tbk.,176.0,0.0,0.0,0.0,176.0,0.0,0.0,0.0,0.0,0.0,0.0
FORE,Fore Kopi Indonesia Tbk.,810.0,810.0,815.0,780.0,795.0,-15.0,3757300.0,2994394000.0,1259.0,330000.0,1318400.0
FORU,Fortune Indonesia Tbk,3540.0,3340.0,3350.0,3010.0,3010.0,-530.0,7971500.0,24549123000.0,4639.0,917800.0,466100.0
FPNI,Lotte Chemical Titan Tbk.,515.0,520.0,625.0,515.0,600.0,85.0,59128300.0,34857753000.0,10277.0,2728200.0,6080700.0
FUJI,Fuji Finance Indonesia Tbk.,294.0,292.0,302.0,282.0,286.0,-8.0,3139000.0,913820000.0,843.0,585200.0,0.0
FUTR,Futura Energi Global Tbk.,270.0,272.0,272.0,250.0,254.0,-16.0,32626800.0,8441504400.0,2798.0,8054300.0,3760100.0
FWCT,Wijaya Cahaya Timber Tbk.,91.0,90.0,91.0,90.0,90.0,-1.0,1718100.0,154926000.0,204.0,0.0,2000.0
GAMA,Aksara Global Development Tbk.,18.0,0.0,0.0,0.0,18.0,0.0,0.0,0.0,0.0,0.0,0.0
GDST,Gunawan Dianjaya Steel Tbk.,113.0,114.0,126.0,112.0,120.0,7.0,74372700.0,8899498700.0,6760.0,4283200.0,6493800.0
GDYR,Goodyear Indonesia Tbk.,1125.0,0.0,1130.0,1080.0,1110.0,-15.0,8700.0,9580500.0,24.0,0.0,0.0
GEMA,Gema Grahasarana Tbk.,92.0,92.0,93.0,90.0,91.0,-1.0,1828700.0,167107300.0,129.0,2200.0,2200.0
GEMS,Golden Energy Mines Tbk.,7150.0,0.0,7300.0,7150.0,7275.0,125.0,50000.0,361382500.0,121.0,0.0,7100.0
GGRM,Gudang Garam Tbk.,17500.0,17550.0,18000.0,17100.0,17900.0,400.0,1734000.0,30461347500.0,2616.0,1252800.0,819900.0
GGRP,Gunung Raja Paksi Tbk.,328.0,0.0,336.0,324.0,328.0,0.0,373500.0,122971000.0,115.0,3300.0,93000.0
GHON,Gihon Telekomunikasi Indonesia Tbk.,1660.0,0.0,1675.0,1640.0,1640.0,-20.0,7700.0,12665000.0,31.0,0.0,0.0
GIAA,Garuda Indonesia (Persero) Tbk.,63.0,63.0,65.0,62.0,62.0,-1.0,59228100.0,3746055300.0,3312.0,3595100.0,16215400.0
GJTL,Gajah Tunggal Tbk.,1350.0,1350.0,1350.0,1330.0,1335.0,-15.0,1993000.0,2675831000.0,363.0,300500.0,565800.0
GLOB,Globe Kita Terang Tbk.,155.0,0.0,0.0,0.0,155.0,0.0,0.0,0.0,0.0,0.0,0.0
GLVA,Galva Technologies Tbk.,332.0,0.0,338.0,326.0,338.0,6.0,48100.0,16034000.0,16.0,0.0,5000.0
GMFI,Garuda Maintenance Facility Aero Asia Tbk.,59.0,59.0,59.0,57.0,58.0,-1.0,59528900.0,3451813700.0,1881.0,10274300.0,5780400.0
GMTD,Gowa Makassar Tourism Development Tbk.,1245.0,0.0,1265.0,1220.0,1220.0,-25.0,11500.0,14115500.0,48.0,0.0,0.0
GOLD,Visi Telekomunikasi Infrastruktur Tbk.,282.0,282.0,290.0,274.0,280.0,-2.0,63000.0,17637800.0,73.0,0.0,5300.0
GOLF,Intra Golflink Resorts Tbk.,174.0,172.0,175.0,170.0,174.0,0.0,2341300.0,404098300.0,349.0,7300.0,73900.0
GOLL,Golden Plantation Tbk.,50.0,0.0,0.0,0.0,50.0,0.0,0.0,0.0,0.0,0.0,0.0
GOOD,Garudafood Putra Putri Jaya Tbk.,310.0,308.0,316.0,304.0,310.0,0.0,126800.0,39501400.0,98.0,0.0,21000.0
GOTO,GoTo Gojek Tokopedia Tbk.,50.0,50.0,50.0,50.0,50.0,0.0,8861600.0,443080000.0,488.0,6553500.0,0.0
GOTOM,MVS GoTo Gojek Tokopedia Tbk.,68.0,0.0,0.0,0.0,68.0,0.0,0.0,0.0,0.0,0.0,0.0
GPRA,Perdana Gapuraprima Tbk.,105.0,104.0,105.0,101.0,102.0,-3.0,44821200.0,4597378200.0,1386.0,2211300.0,3540000.0
GPSO,Geoprima Solusi Tbk.,282.0,284.0,286.0,282.0,284.0,2.0,6965300.0,1978172800.0,567.0,1200900.0,474700.0
GRIA,Ingria Pratama Capitalindo Tbk.,171.0,173.0,173.0,169.0,170.0,-1.0,1732400.0,295848500.0,276.0,154200.0,9400.0
GRPH,Griptha Putra Persada Tbk.,137.0,0.0,0.0,0.0,137.0,0.0,0.0,0.0,0.0,0.0,0.0
GRPM,Graha Prima Mentari Tbk.,168.0,0.0,170.0,161.0,167.0,-1.0,5008200.0,821517600.0,475.0,0.0,844300.0
GSMF,Equity Development Investment Tbk.,102.0,102.0,106.0,101.0,101.0,-1.0,8641800.0,889141300.0,1024.0,123700.0,498700.0
GTBO,Garda Tujuh Buana Tbk,150.0,0.0,150.0,148.0,148.0,-2.0,5100.0,757200.0,7.0,0.0,0.0
GTRA,Grahaprima Suksesmandiri Tbk.,244.0,244.0,250.0,234.0,250.0,6.0,1380800.0,335699000.0,178.0,15200.0,106300.0
GTSI,GTS Internasional Tbk.,150.0,152.0,153.0,145.0,147.0,-3.0,13825900.0,2039004500.0,1289.0,3590300.0,1399700.0
GULA,Aman Agrindo Tbk.,810.0,810.0,845.0,805.0,815.0,5.0,20108400.0,16634356500.0,1088.0,8543000.0,3905200.0
GUNA,Gunanusa Eramandiri Tbk.,220.0,0.0,222.0,220.0,220.0,0.0,37500.0,8250200.0,21.0,0.0,0.0
GWSA,Greenwood Sejahtera Tbk.,155.0,155.0,164.0,150.0,158.0,3.0,2572100.0,407108700.0,328.0,89000.0,167800.0
GZCO,Gozco Plantations Tbk.,192.0,191.0,194.0,186.0,188.0,-4.0,17558900.0,3331249400.0,1697.0,1086200.0,7721000.0
HADE,Himalaya Energi Perkasa Tbk.,25.0,0.0,26.0,24.0,24.0,-1.0,13020900.0,319805800.0,338.0,0.0,0.0
HAIS,Hasnur Internasional Shipping Tbk.,184.0,185.0,188.0,184.0,185.0,1.0,362200.0,67009000.0,144.0,300.0,14000.0
HAJJ,Arsy Buana Travelindo Tbk.,115.0,0.0,116.0,111.0,112.0,-3.0,8592800.0,968092100.0,760.0,537200.0,561200.0
HALO,Haloni Jane Tbk.,74.0,74.0,75.0,72.0,72.0,-2.0,8353400.0,607554900.0,688.0,23300.0,771700.0
HATM,Habco Trans Maritima Tbk.,565.0,545.0,560.0,545.0,555.0,-10.0,8410500.0,4648544500.0,1492.0,1209400.0,1546600.0
HBAT,Minahasa Membangun Hebat Tbk.,364.0,0.0,390.0,346.0,390.0,26.0,3742700.0,1427241200.0,345.0,0.0,57100.0
HDFA,Radana Bhaskara Finance Tbk.,102.0,0.0,108.0,100.0,102.0,0.0,2777900.0,287364600.0,2225.0,102300.0,381300.0
HDIT,Hensel Davest Indonesia Tbk.,50.0,50.0,50.0,50.0,50.0,0.0,14800.0,740000.0,17.0,0.0,0.0
HEAL,Medikaloka Hermina Tbk.,680.0,680.0,680.0,655.0,660.0,-20.0,30711000.0,20356724000.0,2184.0,3702900.0,17894100.0
HELI,Jaya Trishindo Tbk.,220.0,220.0,222.0,208.0,208.0,-12.0,962600.0,204734000.0,195.0,0.0,0.0
HERO,DFI Retail Nusantara Tbk.,338.0,0.0,346.0,328.0,338.0,0.0,168700.0,56165600.0,74.0,53100.0,9700.0
HEXA,Hexindo Adiperkasa Tbk.,4140.0,4160.0,4180.0,4040.0,4100.0,-40.0,1746400.0,7134996000.0,2066.0,47200.0,862600.0
HGII,Hero Global Investment Tbk.,143.0,143.0,143.0,139.0,140.0,-3.0,958400.0,133990700.0,139.0,4800.0,28600.0
HILL,Hillcon Tbk.,16.0,0.0,0.0,0.0,16.0,0.0,0.0,0.0,0.0,0.0,0.0
HITS,Humpuss Intermoda Transportasi Tbk.,116.0,0.0,0.0,0.0,116.0,0.0,0.0,0.0,0.0,0.0,0.0
HKMU,HK Metals Utama Tbk.,50.0,0.0,0.0,0.0,50.0,0.0,0.0,0.0,0.0,0.0,0.0
HMSP,H.M. Sampoerna Tbk.,650.0,650.0,650.0,640.0,650.0,0.0,29918100.0,19303470000.0,2034.0,14098300.0,10583600.0
HOKI,Buyung Poetra Sembada Tbk.,50.0,50.0,51.0,50.0,50.0,0.0,20941400.0,1047112600.0,1194.0,100000.0,100.0
HOME,Hotel Mandarine Regency Tbk.,50.0,0.0,0.0,0.0,50.0,0.0,0.0,0.0,0.0,0.0,0.0
HOMI,Grand House Mulia Tbk.,248.0,248.0,256.0,240.0,254.0,6.0,4052600.0,1007802000.0,422.0,23000.0,83200.0
HOPE,Harapan Duta Pertiwi Tbk.,224.0,226.0,238.0,218.0,226.0,2.0,31506400.0,7188038000.0,2129.0,7326200.0,6920400.0
HOTL,Saraswati Griya Lestari Tbk.,50.0,0.0,0.0,0.0,50.0,0.0,0.0,0.0,0.0,0.0,0.0
HRME,Menteng Heritage Realty Tbk.,45.0,0.0,45.0,44.0,44.0,-1.0,1194200.0,53296900.0,72.0,0.0,0.0
HRTA,Hartadinata Abadi Tbk.,2130.0,2150.0,2210.0,2150.0,2200.0,70.0,8100700.0,17700066000.0,2128.0,3310600.0,2626200.0
HRUM,Harum Energy Tbk.,895.0,905.0,910.0,890.0,890.0,-5.0,8341200.0,7486645500.0,1306.0,2316500.0,4887800.0
HUMI,Humpuss Maritim Internasional Tbk.,129.0,132.0,132.0,124.0,127.0,-2.0,23921600.0,3040415800.0,1625.0,4907800.0,2254200.0
HYGN,Ecocare Indo Pasifik Tbk.,180.0,179.0,183.0,178.0,183.0,3.0,3622600.0,654823700.0,267.0,1982500.0,11700.0
IATA,Karya Pacific Energy Tbk.,116.0,118.0,118.0,112.0,113.0,-3.0,256218000.0,29171297900.0,7772.0,67485400.0,51856900.0
IBFN,Intan Baru Prana Tbk.,63.0,0.0,0.0,0.0,63.0,0.0,0.0,0.0,0.0,0.0,0.0
IBOS,Indo Boga Sukses Tbk.,91.0,0.0,96.0,90.0,90.0,-1.0,2168800.0,199415800.0,224.0,0.0,283800.0
IBST,Inti Bangun Sejahtera Tbk.,8475.0,0.0,0.0,0.0,8475.0,0.0,0.0,0.0,0.0,0.0,0.0
ICBP,Indofood CBP Sukses Makmur Tbk.,6950.0,6950.0,6975.0,6825.0,6900.0,-50.0,7167000.0,49499075000.0,2446.0,5170400.0,5864900.0
ICON,Island Concepts Indonesia Tbk.,157.0,160.0,169.0,153.0,155.0,-2.0,74517600.0,11968772900.0,6823.0,11478400.0,9744600.0
IDEA,Idea Indonesia Akademi Tbk.,112.0,0.0,123.0,121.0,123.0,11.0,28804300.0,3534027500.0,707.0,0.0,0.0
IDPR,Indonesia Pondasi Raya Tbk.,268.0,0.0,276.0,260.0,268.0,0.0,61200.0,16148200.0,81.0,4300.0,600.0
IFII,Indonesia Fibreboard Industry Tbk.,206.0,208.0,220.0,208.0,210.0,4.0,993700.0,212660600.0,455.0,0.0,8300.0
IFSH,Ifishdeco Tbk.,935.0,0.0,1025.0,955.0,1025.0,90.0,13500.0,13357500.0,27.0,0.0,700.0
IGAR,Champion Pacific Indonesia Tbk.,472.0,0.0,472.0,466.0,472.0,0.0,2400.0,1131200.0,7.0,0.0,0.0
IIKP,Inti Agri Resources Tbk,50.0,0.0,0.0,0.0,50.0,0.0,0.0,0.0,0.0,0.0,0.0
IKAI,Intikeramik Alamasri Industri Tbk.,20.0,0.0,20.0,19.0,20.0,0.0,17643600.0,349897800.0,303.0,0.0,0.0
IKAN,Era Mandiri Cemerlang Tbk.,91.0,92.0,92.0,87.0,88.0,-3.0,9539000.0,848191500.0,1112.0,835300.0,285700.0
IKBI,Sumi Indo Kabel Tbk.,575.0,575.0,580.0,520.0,535.0,-40.0,891000.0,481499500.0,514.0,61400.0,0.0
IKPM,Ikapharmindo Putramas Tbk.,179.0,180.0,182.0,178.0,178.0,-1.0,69600.0,12524900.0,50.0,0.0,0.0
IMAS,Indomobil Sukses Internasional Tbk.,875.0,905.0,905.0,860.0,865.0,-10.0,89300.0,78722000.0,98.0,400.0,10500.0
IMJS,Indomobil Multi Jasa Tbk.,188.0,0.0,189.0,179.0,189.0,1.0,1760900.0,327853100.0,309.0,150700.0,203300.0
IMPC,Impack Pratama Industri Tbk.,1670.0,1670.0,1735.0,1665.0,1695.0,25.0,25845600.0,43940819500.0,3275.0,10125000.0,11833400.0
INAF,Indofarma Tbk.,126.0,0.0,0.0,0.0,126.0,0.0,0.0,0.0,0.0,0.0,0.0
INAI,Indal Aluminium Industry Tbk.,177.0,178.0,196.0,175.0,182.0,5.0,13815800.0,2558467100.0,2859.0,0.0,150000.0
INCF,Indo Komoditi Korpora Tbk.,50.0,0.0,0.0,0.0,50.0,0.0,0.0,0.0,0.0,0.0,0.0
INCI,Intanwijaya Internasional Tbk,805.0,800.0,830.0,800.0,815.0,10.0,280800.0,230110500.0,103.0,30000.0,0.0
INCO,Vale Indonesia Tbk.,4680.0,4700.0,4880.0,4700.0,4860.0,180.0,22307800.0,107226005000.0,7098.0,12687500.0,6281100.0
INDF,Indofood Sukses Makmur Tbk.,7175.0,7175.0,7175.0,6975.0,7025.0,-150.0,11056200.0,77616407500.0,3724.0,7792000.0,9427800.0
INDO,Royalindo Investa Wijaya Tbk.,183.0,183.0,185.0,182.0,183.0,0.0,25957500.0,4762134000.0,1353.0,5099200.0,3475800.0
INDR,Indo-Rama Synthetics Tbk.,2920.0,0.0,2910.0,2720.0,2880.0,-40.0,20500.0,57052000.0,27.0,7400.0,1300.0
INDS,Indospring Tbk.,252.0,252.0,258.0,250.0,254.0,2.0,1018700.0,257970000.0,304.0,0.0,175400.0
INDX,Tanah Laut Tbk,60.0,0.0,0.0,0.0,60.0,0.0,0.0,0.0,0.0,0.0,0.0
INDY,Indika Energy Tbk.,2760.0,2780.0,2790.0,2720.0,2730.0,-30.0,8800100.0,24174472000.0,2756.0,1823100.0,2383600.0
INET,Sinergi Inti Andalan Prima Tbk.,338.0,340.0,346.0,324.0,332.0,-6.0,399073600.0,133206475000.0,26279.0,35011000.0,111604800.0
INKP,Indah Kiat Pulp & Paper Tbk.,8725.0,8775.0,8825.0,8625.0,8625.0,-100.0,6317700.0,54686280000.0,2992.0,4284600.0,4043200.0
INOV,Inocycle Technology Group Tbk.,137.0,135.0,138.0,135.0,136.0,-1.0,672500.0,91051300.0,111.0,900.0,300800.0
INPC,Bank Artha Graha Internasional Tbk.,153.0,154.0,161.0,152.0,152.0,-1.0,6138100.0,953117500.0,561.0,25800.0,1234300.0
INPP,Indonesian Paradise Property Tbk.,740.0,0.0,725.0,670.0,710.0,-30.0,263100.0,181211000.0,97.0,80000.0,1100.0
INPS,Indah Prakasa Sentosa Tbk.,1065.0,0.0,0.0,0.0,1065.0,0.0,0.0,0.0,0.0,0.0,0.0
INRU,Toba Pulp Lestari Tbk.,590.0,0.0,0.0,0.0,590.0,0.0,0.0,0.0,0.0,0.0,0.0
INTA,Intraco Penta Tbk.,61.0,0.0,0.0,0.0,61.0,0.0,0.0,0.0,0.0,0.0,0.0
INTD,Inter Delta Tbk,268.0,266.0,266.0,232.0,246.0,-22.0,1555300.0,384607800.0,419.0,0.0,0.0
INTP,Indocement Tunggal Prakarsa Tbk.,5300.0,5350.0,5350.0,5200.0,5200.0,-100.0,3302500.0,17220407500.0,1241.0,3034800.0,3028200.0
IOTF,Sumber Sinergi Makmur Tbk.,63.0,62.0,64.0,62.0,62.0,-1.0,6270000.0,391516700.0,469.0,94300.0,744900.0
IPAC,Era Graharealty Tbk.,189.0,0.0,0.0,0.0,189.0,0.0,0.0,0.0,0.0,0.0,0.0
IPCC,Indonesia Kendaraan Terminal Tbk.,1115.0,1115.0,1120.0,1100.0,1110.0,-5.0,1637800.0,1810849500.0,597.0,1300.0,4500.0
IPCM,Jasa Armada Indonesia Tbk.,290.0,290.0,294.0,288.0,290.0,0.0,947800.0,275320000.0,280.0,351000.0,55000.0
IPOL,Indopoly Swakarsa Industry Tbk.,117.0,117.0,118.0,115.0,116.0,-1.0,204000.0,23611800.0,78.0,3300.0,1900.0
IPPE,Indo Pureco Pratama Tbk.,14.0,0.0,0.0,0.0,14.0,0.0,0.0,0.0,0.0,0.0,0.0
IPTV,MNC Vision Networks Tbk.,30.0,0.0,30.0,29.0,30.0,0.0,3219600.0,93987400.0,101.0,0.0,0.0
IRRA,Itama Ranoraya Tbk.,370.0,368.0,372.0,364.0,366.0,-4.0,505500.0,185330200.0,135.0,400.0,400.0
IRSX,Folago Global Nusantara Tbk.,410.0,414.0,434.0,408.0,416.0,6.0,87671500.0,36956566200.0,7363.0,15168700.0,9169700.0
ISAP,Isra Presisi Indonesia Tbk.,26.0,0.0,26.0,24.0,26.0,0.0,66438000.0,1684055100.0,2079.0,0.0,33100.0
ISAT,Indosat Tbk.,2370.0,2390.0,2390.0,2340.0,2370.0,0.0,61135700.0,144283050000.0,5449.0,47985500.0,47024200.0
ISEA,Indo American Seafoods Tbk.,90.0,91.0,91.0,89.0,89.0,-1.0,2129000.0,190759800.0,304.0,0.0,22500.0
ISSP,Steel Pipe Industry of Indonesia Tbk.,414.0,420.0,420.0,410.0,410.0,-4.0,3121100.0,1291681400.0,419.0,9400.0,380200.0
ITIC,Indonesian Tobacco Tbk.,214.0,214.0,220.0,204.0,204.0,-10.0,472600.0,98576800.0,195.0,4300.0,54700.0
ITMA,Sumber Energi Andalan Tbk.,1450.0,0.0,1515.0,1450.0,1455.0,5.0,10000.0,14674000.0,51.0,0.0,2200.0
ITMG,Indo Tambangraya Megah Tbk.,26500.0,26500.0,26700.0,26325.0,26700.0,200.0,2297900.0,60928560000.0,3397.0,468800.0,1363200.0
JARR,Jhonlin Agro Raya Tbk.,4190.0,4510.0,4550.0,3570.0,3600.0,-590.0,94072000.0,382882137000.0,37116.0,9298600.0,16814300.0
JAST,Jasnita Telekomindo Tbk.,90.0,90.0,91.0,87.0,89.0,-1.0,3776900.0,333819600.0,434.0,0.0,365300.0
JATI,Informasi Teknologi Indonesia Tbk.,116.0,117.0,119.0,115.0,117.0,1.0,22726700.0,2647196000.0,1617.0,3127200.0,1020300.0
JAWA,Jaya Agra Wattie Tbk.,160.0,162.0,163.0,153.0,156.0,-4.0,6742900.0,1062496300.0,973.0,966700.0,93900.0
JAYA,Armada Berjaya Trans Tbk.,160.0,162.0,163.0,158.0,160.0,0.0,4290200.0,688415600.0,746.0,175800.0,232000.0
JECC,Jembo Cable Company Tbk.,845.0,845.0,845.0,795.0,840.0,-5.0,126900.0,104066000.0,158.0,2300.0,3400.0
JECX,Nitrasanata Dharma Tbk.,1380.0,1380.0,1405.0,1320.0,1400.0,20.0,2584300.0,3554779000.0,1180.0,214600.0,724800.0
JELI,Niramas Utama Tbk.,474.0,474.0,545.0,456.0,500.0,26.0,16466400.0,8415250000.0,4045.0,3155300.0,3107900.0
JGLE,Graha Andrasentra Propertindo Tbk.,73.0,75.0,75.0,71.0,72.0,-1.0,170416900.0,12419736600.0,5769.0,15966500.0,31950400.0
JIHD,Jakarta International Hotels & Development Tbk.,430.0,0.0,440.0,424.0,430.0,0.0,59500.0,25545200.0,79.0,800.0,700.0
JKON,Jaya Konstruksi Manggala Pratama Tbk.,85.0,84.0,85.0,82.0,82.0,-3.0,14554200.0,1213304900.0,737.0,471100.0,1820800.0
JMAS,Asuransi Jiwa Syariah Jasa Mitra Abadi Tbk.,228.0,0.0,0.0,0.0,228.0,0.0,0.0,0.0,0.0,0.0,0.0
JPFA,Japfa Comfeed Indonesia Tbk.,2320.0,2340.0,2340.0,2280.0,2280.0,-40.0,8999900.0,20587802000.0,1691.0,6231200.0,7978400.0
JRPT,Jaya Real Property Tbk.,1120.0,0.0,1150.0,1110.0,1150.0,30.0,24900.0,28411000.0,38.0,9800.0,5200.0
JSKY,Sky Energy Indonesia Tbk.,52.0,0.0,0.0,0.0,52.0,0.0,0.0,0.0,0.0,0.0,0.0
JSMR,Jasa Marga (Persero) Tbk.,2850.0,2850.0,2880.0,2820.0,2880.0,30.0,7994700.0,22720582000.0,1721.0,4255900.0,3832000.0
JSPT,Jakarta Setiabudi Internasional Tbk.,1480.0,1470.0,1480.0,1365.0,1465.0,-15.0,58200.0,84131500.0,47.0,0.0,400.0
JTPE,Jasuindo Tiga Perkasa Tbk.,600.0,600.0,610.0,580.0,585.0,-15.0,2812900.0,1656839000.0,251.0,200000.0,946600.0
KAEF,Kimia Farma (Persero) Tbk.,448.0,450.0,454.0,438.0,442.0,-6.0,694900.0,307349800.0,242.0,39100.0,42300.0
KAQI,Jantra Grupo Indonesia Tbk.,94.0,94.0,96.0,92.0,95.0,1.0,47093200.0,4446522400.0,2873.0,2215200.0,6192000.0
KARW,Meratus Jasa Prima Tbk.,212.0,0.0,0.0,0.0,212.0,0.0,0.0,0.0,0.0,0.0,0.0
KAYU,Darmi Bersaudara Tbk.,18.0,0.0,0.0,0.0,18.0,0.0,0.0,0.0,0.0,0.0,0.0
KBAG,Karya Bersama Anugerah Tbk.,42.0,0.0,42.0,41.0,41.0,-1.0,2129500.0,87703000.0,141.0,0.0,0.0
KBLI,KMI Wire & Cable Tbk.,368.0,368.0,380.0,362.0,366.0,-2.0,1855100.0,680620200.0,348.0,277900.0,34700.0
KBLM,Kabelindo Murni Tbk.,378.0,378.0,378.0,364.0,372.0,-6.0,663300.0,245121200.0,215.0,14100.0,19800.0
KBLV,First Media Tbk.,127.0,127.0,127.0,123.0,123.0,-4.0,3590400.0,446030400.0,514.0,7600.0,712200.0
KBRI,Kertas Basuki Rachmat Indonesia Tbk.,50.0,0.0,0.0,0.0,50.0,0.0,0.0,0.0,0.0,0.0,0.0
KDSI,Kedawung Setia Industrial Tbk.,450.0,0.0,458.0,444.0,446.0,-4.0,7700.0,3447400.0,19.0,0.0,0.0
KDTN,Puri Sentul Permai Tbk.,374.0,374.0,384.0,372.0,376.0,2.0,999900.0,377172000.0,285.0,15600.0,433700.0
KEEN,Kencana Energi Lestari Tbk.,860.0,860.0,870.0,845.0,855.0,-5.0,7331000.0,6253879500.0,1154.0,401600.0,854700.0
KEJU,Mulia Boga Raya Tbk.,600.0,0.0,600.0,595.0,595.0,-5.0,21900.0,13061000.0,16.0,0.0,0.0
KETR,Ketrosden Triasmitra Tbk.,990.0,1005.0,1010.0,960.0,995.0,5.0,22337200.0,22062242500.0,3857.0,2380700.0,7931700.0
KIAS,Keramika Indonesia Assosiasi Tbk.,21.0,0.0,0.0,0.0,21.0,0.0,0.0,0.0,0.0,0.0,0.0
KICI,Kedaung Indah Can Tbk,282.0,294.0,352.0,288.0,352.0,70.0,29369400.0,9841415400.0,4428.0,799000.0,1171100.0
KIJA,Kawasan Industri Jababeka Tbk.,181.0,183.0,192.0,180.0,180.0,-1.0,365021900.0,68046397300.0,13723.0,91539400.0,77729500.0
KING,Hoffmen Cleanindo Tbk.,382.0,0.0,410.0,360.0,382.0,0.0,3533500.0,1355414000.0,731.0,443600.0,55100.0
KINO,Kino Indonesia Tbk.,1405.0,0.0,1405.0,1360.0,1380.0,-25.0,8400.0,11561500.0,23.0,1800.0,0.0
KIOS,Kioson Komersial Indonesia Tbk.,100.0,100.0,101.0,96.0,98.0,-2.0,8233200.0,808542500.0,921.0,0.0,17700.0
KJEN,Krida Jaringan Nusantara Tbk.,166.0,168.0,176.0,159.0,161.0,-5.0,37894200.0,6438547400.0,4373.0,3919600.0,3760200.0
KKES,Kusuma Kemindo Sentosa Tbk.,92.0,91.0,94.0,87.0,87.0,-5.0,31810500.0,2879551000.0,2212.0,316300.0,368000.0
KKGI,Resource Alam Indonesia Tbk.,312.0,318.0,336.0,316.0,324.0,12.0,34517000.0,11260651400.0,4447.0,2264400.0,2935200.0
KLAS,Pelayaran Kurnia Lautan Semesta Tbk.,84.0,85.0,86.0,84.0,84.0,0.0,2820100.0,238042800.0,263.0,20800.0,505000.0
KLBF,Kalbe Farma Tbk.,775.0,780.0,780.0,750.0,760.0,-15.0,56569900.0,42883540000.0,5338.0,30047900.0,49702100.0
KLIN,Klinko Karya Imaji Tbk.,122.0,0.0,124.0,115.0,118.0,-4.0,119700.0,14170900.0,65.0,0.0,0.0
KMDS,Kurniamitra Duta Sentosa Tbk.,525.0,0.0,530.0,520.0,525.0,0.0,113400.0,59526000.0,45.0,0.0,0.0
KMTR,Kirana Megatara Tbk.,254.0,254.0,254.0,250.0,252.0,-2.0,28500.0,7193600.0,25.0,0.0,0.0
KOBX,Kobexindo Tractors Tbk.,177.0,178.0,179.0,176.0,177.0,0.0,1091100.0,193019800.0,183.0,0.0,9200.0
KOCI,Kokoh Exa Nusantara Tbk.,118.0,119.0,127.0,118.0,119.0,1.0,39138200.0,4773039200.0,2508.0,3446500.0,5849300.0
KOIN,Kokoh Inti Arebama Tbk,78.0,0.0,0.0,0.0,78.0,0.0,0.0,0.0,0.0,0.0,0.0
KOKA,Koka Indonesia Tbk.,189.0,192.0,199.0,187.0,187.0,-2.0,19030500.0,3669973200.0,2585.0,2173600.0,3068000.0
KONI,Perdana Bangun Pusaka Tbk,2090.0,0.0,2200.0,2090.0,2090.0,0.0,23700.0,50714000.0,70.0,2000.0,0.0
KOPI,Mitra Energi Persada Tbk.,206.0,210.0,216.0,204.0,210.0,4.0,2712300.0,568074800.0,734.0,0.0,0.0
KOTA,DMS Propertindo Tbk.,194.0,197.0,197.0,187.0,187.0,-7.0,112141900.0,21454802100.0,6869.0,8976100.0,15760000.0
KPIG,MNC Tourism Indonesia Tbk.,70.0,70.0,71.0,67.0,68.0,-2.0,272336700.0,18592404500.0,5577.0,79391200.0,53316200.0
KRAS,Krakatau Steel (Persero) Tbk.,232.0,234.0,234.0,224.0,226.0,-6.0,2504400.0,570452000.0,387.0,20500.0,933700.0
KREN,Quantum Clovera Investama Tbk.,15.0,0.0,15.0,15.0,15.0,0.0,10128600.0,151929000.0,216.0,0.0,0.0
KRYA,Bangun Karya Perkasa Jaya Tbk.,66.0,67.0,67.0,65.0,65.0,-1.0,17987200.0,1179180900.0,912.0,0.0,1306700.0
KSIX,Kentanix Supra International Tbk.,414.0,412.0,418.0,408.0,416.0,2.0,105700.0,44126400.0,45.0,0.0,0.0
KUAS,Ace Oldfields Tbk.,99.0,99.0,101.0,99.0,100.0,1.0,6694100.0,668489300.0,671.0,238200.0,115500.0
LABA,Green Power Group Tbk.,126.0,128.0,128.0,124.0,124.0,-2.0,7989300.0,1001803100.0,834.0,272800.0,240000.0
LABS,UBC Medical Indonesia Tbk.,172.0,170.0,179.0,169.0,173.0,1.0,1879300.0,327731300.0,292.0,150400.0,6100.0
LAJU,Jasa Berdikari Logistics Tbk.,70.0,70.0,70.0,67.0,68.0,-2.0,21525400.0,1476632800.0,1007.0,166900.0,417400.0
LAND,Trimitra Propertindo Tbk.,73.0,72.0,74.0,70.0,70.0,-3.0,16156200.0,1151867600.0,1109.0,39200.0,716900.0
LAPD,Leyand International Tbk.,86.0,86.0,86.0,80.0,82.0,-4.0,87792700.0,7251289600.0,6352.0,5512400.0,9244600.0
LCGP,Eureka Prima Jakarta Tbk.,114.0,0.0,0.0,0.0,114.0,0.0,0.0,0.0,0.0,0.0,0.0
LCKM,LCK Global Kedaton Tbk.,109.0,0.0,0.0,0.0,109.0,0.0,0.0,0.0,0.0,0.0,0.0
LEAD,Logindo Samudramakmur Tbk.,104.0,105.0,107.0,103.0,106.0,2.0,7938800.0,830853500.0,516.0,25000.0,1706500.0
LFLO,Imago Mulia Persada Tbk.,580.0,0.0,635.0,525.0,625.0,45.0,194400.0,110294000.0,186.0,8100.0,12300.0
LIFE,MSIG Life Insurance Indonesia Tbk.,12725.0,0.0,0.0,0.0,12725.0,0.0,0.0,0.0,0.0,0.0,0.0
LINK,Link Net Tbk.,1640.0,1830.0,1830.0,1625.0,1745.0,105.0,14100.0,23913000.0,57.0,0.0,0.0
LION,Lion Metal Works Tbk.,374.0,376.0,380.0,368.0,370.0,-4.0,64300.0,24237400.0,36.0,0.0,0.0
LIVE,Homeco Victoria Makmur Tbk.,185.0,0.0,186.0,179.0,181.0,-4.0,2257200.0,409845800.0,283.0,14800.0,13200.0
LMAS,Limas Indonesia Makmur Tbk,50.0,0.0,0.0,0.0,50.0,0.0,0.0,0.0,0.0,0.0,0.0
LMAX,Lupromax Pelumas Indonesia Tbk.,106.0,0.0,109.0,101.0,107.0,1.0,942000.0,97982100.0,171.0,0.0,0.0
LMPI,Langgeng Makmur Industri Tbk.,164.0,168.0,168.0,160.0,161.0,-3.0,227000.0,36789700.0,76.0,0.0,0.0
LMSH,Lionmesh Prima Tbk.,256.0,0.0,0.0,0.0,256.0,0.0,0.0,0.0,0.0,0.0,0.0
LOPI,Logisticsplus International Tbk.,63.0,0.0,66.0,62.0,64.0,1.0,10820500.0,687480000.0,439.0,10600.0,12200.0
LPCK,Lippo Cikarang Tbk,595.0,600.0,605.0,585.0,595.0,0.0,168400.0,99466000.0,70.0,1100.0,100.0
LPGI,Lippo General Insurance Tbk.,645.0,645.0,645.0,640.0,640.0,-5.0,2000.0,1284000.0,8.0,0.0,1100.0
LPIN,Multi Prima Sejahtera Tbk,434.0,432.0,436.0,432.0,434.0,0.0,115600.0,50063600.0,53.0,0.0,0.0
LPKR,Lippo Karawaci Tbk.,58.0,58.0,59.0,53.0,53.0,-5.0,866885500.0,46805139200.0,6762.0,393781200.0,635884300.0
LPLI,Star Pacific Tbk,226.0,0.0,234.0,224.0,230.0,4.0,159400.0,36589000.0,99.0,23800.0,63900.0
LPPF,MDS Retailing Tbk.,1615.0,1625.0,1625.0,1525.0,1525.0,-90.0,13762900.0,21068869500.0,1621.0,6602300.0,13158600.0
LPPS,Lenox Pasifik Investama Tbk.,82.0,0.0,83.0,81.0,82.0,0.0,1493000.0,121189600.0,96.0,0.0,0.0
LRNA,Eka Sari Lorena Transport Tbk.,216.0,0.0,220.0,214.0,216.0,0.0,68600.0,14885400.0,52.0,0.0,0.0
LSIP,PP London Sumatra Indonesia Tbk.,1735.0,1740.0,1790.0,1695.0,1695.0,-40.0,36645400.0,63012216500.0,3451.0,24000400.0,27967200.0
LTLS,Lautan Luas Tbk.,995.0,0.0,1020.0,995.0,1010.0,15.0,94700.0,95290500.0,96.0,0.0,23300.0
LUCK,Sentral Mitra Informatika Tbk.,118.0,117.0,120.0,115.0,115.0,-3.0,3595500.0,422752100.0,210.0,0.0,0.0
LUCY,Lima Dua Lima Tiga Tbk.,366.0,0.0,394.0,360.0,362.0,-4.0,107043000.0,39743539800.0,8246.0,11580900.0,19842200.0
MABA,Marga Abhinaya Abadi Tbk.,50.0,0.0,0.0,0.0,50.0,0.0,0.0,0.0,0.0,0.0,0.0
MAGP,Multi Agro Gemilang Plantation Tbk.,50.0,0.0,0.0,0.0,50.0,0.0,0.0,0.0,0.0,0.0,0.0
MAHA,Mandiri Herindo Adiperkasa Tbk.,143.0,147.0,168.0,145.0,148.0,5.0,163463200.0,25685809900.0,12845.0,12429500.0,9485700.0
MAIN,Malindo Feedmill Tbk.,670.0,670.0,675.0,660.0,665.0,-5.0,1130500.0,752719500.0,273.0,2000.0,273900.0
MANG,Manggung Polahraya Tbk.,39.0,0.0,40.0,38.0,38.0,-1.0,8532100.0,330641100.0,239.0,0.0,0.0
MAPA,Map Aktif Adiperkasa Tbk.,665.0,670.0,690.0,655.0,690.0,25.0,15519400.0,10555754000.0,1724.0,11513500.0,9877600.0
MAPB,MAP Boga Adiperkasa Tbk.,1250.0,0.0,0.0,0.0,1250.0,0.0,0.0,0.0,0.0,0.0,0.0
MAPI,Mitra Adiperkasa Tbk.,1455.0,1460.0,1510.0,1460.0,1500.0,45.0,22414000.0,33550165000.0,3079.0,14199900.0,9649200.0
MARI,Mahaka Radio Integra Tbk.,23.0,0.0,0.0,0.0,23.0,0.0,0.0,0.0,0.0,0.0,0.0
MARK,Mark Dynamics Indonesia Tbk.,1245.0,1245.0,1245.0,1180.0,1180.0,-65.0,14398400.0,17456039500.0,1395.0,4023600.0,2888800.0
MASB,Bank Multiarta Sentosa Tbk.,3300.0,0.0,3240.0,3150.0,3240.0,-60.0,8000.0,25528000.0,16.0,800.0,0.0
MAXI,Maxindo Karya Anugerah Tbk.,50.0,0.0,50.0,50.0,50.0,0.0,7100.0,355000.0,13.0,0.0,0.0
MAYA,Bank Mayapada Internasional Tbk.,195.0,195.0,197.0,193.0,193.0,-2.0,719700.0,139362300.0,135.0,400.0,210600.0
MBAP,Mitrabara Adiperdana Tbk.,1680.0,1680.0,1730.0,1660.0,1695.0,15.0,31400.0,52864500.0,66.0,100.0,1600.0
MBMA,Merdeka Battery Materials Tbk.,520.0,525.0,545.0,520.0,545.0,25.0,236808400.0,126194694500.0,10616.0,123556200.0,69808100.0
MBSS,Mitrabahtera Segara Sejati Tbk.,2890.0,2890.0,2900.0,2880.0,2900.0,10.0,1844600.0,5343153000.0,159.0,100200.0,2900.0
MBTO,Martina Berto Tbk.,155.0,156.0,158.0,154.0,154.0,-1.0,5271800.0,820747800.0,501.0,369400.0,251100.0
MCAS,M Cash Integrasi Tbk.,268.0,276.0,276.0,264.0,266.0,-2.0,1344700.0,358519200.0,247.0,145000.0,31600.0
MCOL,Prima Andalan Mandiri Tbk.,3630.0,0.0,3710.0,3590.0,3600.0,-30.0,47200.0,171943000.0,81.0,0.0,35200.0
MCOR,Bank China Construction Bank Indonesia Tbk.,69.0,68.0,69.0,68.0,68.0,-1.0,4394700.0,298905100.0,132.0,0.0,680000.0
MDIA,Intermedia Capital Tbk.,200.0,206.0,210.0,191.0,191.0,-9.0,231319900.0,45417598000.0,8739.0,24023200.0,50024300.0
MDIY,Daya Intiguna Yasa Tbk.,930.0,925.0,940.0,920.0,940.0,10.0,256200.0,239419500.0,242.0,241100.0,64100.0
MDKA,Merdeka Copper Gold Tbk.,2870.0,2900.0,2930.0,2870.0,2900.0,30.0,37286400.0,108242351000.0,9890.0,28104600.0,9399700.0
MDKI,Emdeki Utama Tbk.,191.0,195.0,198.0,191.0,191.0,0.0,320500.0,62287900.0,79.0,0.0,150200.0
MDLA,Medela Potentia Tbk.,204.0,204.0,206.0,204.0,206.0,2.0,1907500.0,390681800.0,163.0,504000.0,95000.0
MDLN,Modernland Realty Tbk.,50.0,50.0,50.0,50.0,50.0,0.0,16400.0,820000.0,11.0,0.0,0.0
MDRN,Modern Internasional Tbk.,26.0,0.0,0.0,0.0,26.0,0.0,0.0,0.0,0.0,0.0,0.0
MEDC,Medco Energi Internasional Tbk.,1525.0,1520.0,1560.0,1460.0,1460.0,-65.0,102670800.0,153371585000.0,10254.0,60578800.0,67055200.0
MEDS,Hetzer Medical Indonesia Tbk.,86.0,86.0,87.0,81.0,82.0,-4.0,52409500.0,4350956900.0,4073.0,0.0,5106300.0
MEGA,Bank Mega Tbk.,1955.0,0.0,1960.0,1880.0,1960.0,5.0,66000.0,126643500.0,159.0,0.0,2200.0
MEJA,Harta Djaya Karya Tbk.,115.0,0.0,116.0,112.0,112.0,-3.0,10445500.0,1180591800.0,738.0,665900.0,2582500.0
MENN,Menn Teknologi Indonesia Tbk.,53.0,0.0,0.0,0.0,53.0,0.0,0.0,0.0,0.0,0.0,0.0
MERI,Merry Riana Edukasi Tbk.,119.0,120.0,121.0,118.0,118.0,-1.0,1334100.0,159050600.0,212.0,0.0,5300.0
MERK,Merck Tbk.,3910.0,0.0,3930.0,3900.0,3900.0,-10.0,18200.0,71061000.0,28.0,0.0,3200.0
META,Nusantara Infrastructure Tbk.,238.0,0.0,0.0,0.0,238.0,0.0,0.0,0.0,0.0,0.0,0.0
MFMI,Multifiling Mitra Indonesia Tbk.,1300.0,0.0,0.0,0.0,1300.0,0.0,0.0,0.0,0.0,0.0,0.0
MGLV,NexAI Digital Infrastruktur Tbk.,14400.0,0.0,14550.0,14100.0,14400.0,0.0,259900.0,3724152500.0,446.0,130800.0,45600.0
MGNA,Magna Investama Mandiri Tbk.,189.0,189.0,254.0,175.0,216.0,27.0,149193100.0,33776513200.0,15630.0,8557700.0,6646400.0
MGRO,Mahkota Group Tbk.,685.0,0.0,685.0,675.0,685.0,0.0,4488900.0,3059025000.0,104.0,4200.0,98600.0
MHKI,Multi Hanna Kreasindo Tbk.,130.0,129.0,131.0,129.0,129.0,-1.0,1976000.0,256927000.0,271.0,7400.0,665300.0
MICE,Multi Indocitra Tbk.,560.0,0.0,560.0,540.0,550.0,-10.0,9600.0,5284500.0,19.0,0.0,0.0
MIDI,Midi Utama Indonesia Tbk.,268.0,268.0,272.0,264.0,268.0,0.0,7796300.0,2093270400.0,693.0,5111200.0,3603000.0
MIKA,Mitra Keluarga Karyasehat Tbk.,1750.0,1760.0,1760.0,1660.0,1725.0,-25.0,17161800.0,29366974000.0,2960.0,12750700.0,11441600.0
MINA,Sanurhasta Mitra Tbk.,250.0,252.0,252.0,238.0,238.0,-12.0,45839200.0,11113025600.0,5351.0,2173700.0,1966300.0
MINE,Sinar Terang Mandiri Tbk.,306.0,318.0,318.0,300.0,306.0,0.0,1592500.0,489466000.0,419.0,8700.0,401500.0
MIRA,Mitra International Resources Tbk.,23.0,0.0,23.0,23.0,23.0,0.0,1913900.0,44019700.0,163.0,0.0,0.0
MITI,Mitra Investindo Tbk.,278.0,282.0,324.0,280.0,292.0,14.0,35064200.0,10676573600.0,5723.0,2311200.0,2903900.0
MKAP,Multikarya Asia Pasifik Raya Tbk.,1130.0,0.0,1135.0,1110.0,1110.0,-20.0,1767400.0,1991217000.0,349.0,3300.0,0.0
MKNT,Mitra Komunikasi Nusantara Tbk.,1.0,0.0,0.0,0.0,1.0,0.0,0.0,0.0,0.0,0.0,0.0
MKPI,Metropolitan Kentjana Tbk.,21725.0,0.0,21700.0,21600.0,21675.0,-50.0,40100.0,867917500.0,110.0,40100.0,0.0
MKTR,Menthobi Karyatama Raya Tbk.,125.0,126.0,134.0,124.0,126.0,1.0,1683400.0,214477000.0,652.0,65600.0,21700.0
MLBI,Multi Bintang Indonesia Tbk.,6850.0,0.0,6875.0,6850.0,6875.0,25.0,15400.0,105732500.0,34.0,0.0,4200.0
MLIA,Mulia Industrindo Tbk,216.0,0.0,216.0,214.0,214.0,-2.0,149800.0,32118200.0,42.0,21000.0,7700.0
MLPL,Multipolar Tbk.,87.0,87.0,89.0,86.0,87.0,0.0,15700900.0,1374430400.0,691.0,78900.0,1830900.0
MLPT,Multipolar Technology Tbk.,1150.0,1150.0,1220.0,1120.0,1220.0,70.0,1027100.0,1191310500.0,843.0,415700.0,146900.0
MMIX,Multi Medika Internasional Tbk.,850.0,850.0,870.0,845.0,860.0,10.0,37173000.0,31738527500.0,2195.0,6573700.0,3283200.0
MMLP,Mega Manunggal Property Tbk.,320.0,320.0,368.0,318.0,338.0,18.0,7835300.0,2638964000.0,3002.0,213400.0,1606200.0
MNCN,Media Nusantara Citra Tbk.,200.0,200.0,200.0,188.0,188.0,-12.0,243243300.0,46243306700.0,3286.0,106037300.0,219781600.0
MOLI,Madusari Murni Indah Tbk.,350.0,360.0,396.0,360.0,380.0,30.0,50089200.0,19077858800.0,5726.0,7503800.0,7362900.0
MORA,Ekamas Mora Republik Tbk.,5125.0,0.0,5150.0,4850.0,4850.0,-275.0,360500.0,1794655000.0,460.0,3200.0,238300.0
MPIX,Mitra Pedagang Indonesia Tbk.,183.0,184.0,228.0,181.0,200.0,17.0,127114700.0,26010424300.0,15661.0,15360500.0,13729100.0
MPMX,Mitra Pinasthika Mustika Tbk.,1035.0,1035.0,1035.0,1020.0,1030.0,-5.0,2003200.0,2057175000.0,701.0,17200.0,1057900.0
MPOW,Megapower Makmur Tbk.,115.0,116.0,116.0,113.0,114.0,-1.0,3451100.0,394067500.0,488.0,65900.0,41400.0
MPPA,Matahari Putra Prima Tbk.,38.0,0.0,41.0,39.0,41.0,3.0,9817200.0,390938100.0,224.0,0.0,0.0
MPRO,Maha Properti Indonesia Tbk.,11600.0,11600.0,11675.0,11600.0,11675.0,75.0,700.0,8135000.0,6.0,0.0,0.0
MPXL,MPX Logistics International Tbk.,166.0,167.0,171.0,165.0,166.0,0.0,357000.0,59472200.0,234.0,800.0,38200.0
MRAT,Mustika Ratu Tbk.,390.0,386.0,394.0,356.0,356.0,-34.0,886500.0,328662600.0,508.0,107600.0,376100.0
MREI,Maskapai Reasuransi Indonesia Tbk.,920.0,0.0,0.0,0.0,920.0,0.0,0.0,0.0,0.0,0.0,0.0
MSIE,Multisarana Intan Eduka Tbk.,174.0,0.0,182.0,170.0,173.0,-1.0,3887600.0,675633300.0,487.0,10100.0,908100.0
MSIN,MNC Digital Entertainment Tbk.,304.0,304.0,306.0,290.0,290.0,-14.0,51442500.0,15238081000.0,12983.0,31606300.0,37425900.0
MSJA,Multi Spunindo Jaya Tbk.,830.0,825.0,840.0,805.0,815.0,-15.0,11255500.0,9229689000.0,545.0,3787200.0,2490600.0
MSKY,MNC Sky Vision Tbk.,69.0,70.0,70.0,67.0,68.0,-1.0,6128700.0,417017600.0,560.0,203400.0,244300.0
MSTI,Mastersystem Infotama Tbk.,1345.0,1345.0,1365.0,1345.0,1360.0,15.0,843500.0,1139937000.0,305.0,3900.0,99800.0
MTDL,Metrodata Electronics Tbk.,505.0,505.0,510.0,496.0,496.0,-9.0,3300900.0,1649259200.0,811.0,173100.0,2501100.0
MTEL,Dayamitra Telekomunikasi Tbk.,478.0,478.0,500.0,476.0,500.0,22.0,57452900.0,28448284400.0,1796.0,54325900.0,28889500.0
MTFN,Capitalinc Investment Tbk.,13.0,0.0,0.0,0.0,13.0,0.0,0.0,0.0,0.0,0.0,0.0
MTLA,Metropolitan Land Tbk.,525.0,525.0,530.0,510.0,515.0,-10.0,25400.0,13062000.0,21.0,0.0,1900.0
MTMH,Murni Sadar Tbk.,950.0,0.0,995.0,925.0,925.0,-25.0,7100.0,6657000.0,20.0,0.0,300.0
MTPS,Meta Epsi Tbk.,81.0,0.0,0.0,0.0,81.0,0.0,0.0,0.0,0.0,0.0,0.0
MTRA,Mitra Pemuda Tbk.,244.0,0.0,0.0,0.0,244.0,0.0,0.0,0.0,0.0,0.0,0.0
MTSM,Metro Realty Tbk.,500.0,0.0,0.0,0.0,500.0,0.0,0.0,0.0,0.0,0.0,0.0
MTWI,Malacca Trust Wuwungan Insurance Tbk.,272.0,272.0,280.0,266.0,272.0,0.0,90200.0,24394800.0,31.0,0.0,0.0
MUTU,Mutuagung Lestari Tbk.,132.0,133.0,143.0,130.0,136.0,4.0,98347500.0,13480487500.0,5734.0,9921600.0,10473900.0
MYOH,Samindo Resources Tbk.,1030.0,1075.0,1235.0,1030.0,1045.0,15.0,1370300.0,1553374500.0,1202.0,60100.0,497200.0
MYOR,Mayora Indah Tbk.,1515.0,1520.0,1540.0,1490.0,1505.0,-10.0,40176600.0,60673600000.0,4722.0,32121800.0,34265900.0
MYTX,Asia Pacific Investama Tbk.,41.0,0.0,0.0,0.0,41.0,0.0,0.0,0.0,0.0,0.0,0.0
NAIK,Adiwarna Anugerah Abadi Tbk.,93.0,93.0,93.0,91.0,92.0,-1.0,2673800.0,244689000.0,254.0,11400.0,9300.0
NANO,Nanotech Indonesia Global Tbk.,35.0,0.0,35.0,33.0,34.0,-1.0,8529200.0,287146200.0,366.0,0.0,501200.0
NASA,Andalan Perkasa Abadi Tbk.,37.0,0.0,37.0,34.0,37.0,0.0,545700.0,19935000.0,53.0,0.0,0.0
NASI,Wahana Inti Makmur Tbk.,174.0,174.0,234.0,174.0,234.0,60.0,137259200.0,28369827600.0,13737.0,2860000.0,23000.0
NATO,Olympus Strategic Indonesia Tbk.,1055.0,1100.0,1125.0,1030.0,1085.0,30.0,325500.0,356249500.0,323.0,0.0,40300.0
NAYZ,Hassana Boga Sejahtera Tbk.,76.0,0.0,77.0,75.0,75.0,-1.0,13287600.0,1006059800.0,430.0,431600.0,0.0
NCKL,Trimegah Bangun Persada Tbk.,940.0,950.0,950.0,920.0,920.0,-20.0,39742200.0,36765560000.0,3860.0,22881200.0,18185000.0
NELY,Pelayaran Nelly Dwi Putri Tbk.,208.0,0.0,210.0,202.0,204.0,-4.0,377500.0,77538000.0,124.0,0.0,58200.0
NEST,Esta Indonesia Tbk.,730.0,725.0,740.0,715.0,740.0,10.0,6889700.0,4988260500.0,2531.0,284400.0,897000.0
NETV,MDTV Media Technologies Tbk.,50.0,50.0,50.0,50.0,50.0,0.0,87800.0,4390000.0,34.0,0.0,0.0
NFCX,NFC Indonesia Tbk.,1700.0,0.0,1750.0,1700.0,1700.0,0.0,27700.0,47142000.0,9.0,0.0,0.0
NICE,Adhi Kartiko Pratama Tbk.,358.0,364.0,370.0,358.0,362.0,4.0,1728500.0,626789800.0,319.0,477200.0,256600.0
NICK,Charnic Capital Tbk.,2780.0,2780.0,2870.0,2780.0,2820.0,40.0,6600.0,18729000.0,26.0,0.0,0.0
NICL,PAM Mineral Tbk.,456.0,458.0,460.0,444.0,452.0,-4.0,24414700.0,11035019200.0,1798.0,3717000.0,4460500.0
NIKL,Pelat Timah Nusantara Tbk.,222.0,226.0,226.0,214.0,216.0,-6.0,5518600.0,1195972200.0,743.0,1957000.0,124500.0
NINE,Techno9 Indonesia Tbk.,88.0,0.0,90.0,83.0,85.0,-3.0,11629100.0,994040900.0,762.0,567500.0,1964800.0
NIRO,City Retail Developments Tbk.,181.0,181.0,184.0,173.0,178.0,-3.0,222300.0,39364200.0,114.0,18300.0,82700.0
NISP,Bank OCBC NISP Tbk.,1265.0,1270.0,1275.0,1255.0,1275.0,10.0,4699000.0,5942865500.0,361.0,1726600.0,2158400.0
NOBU,Bank Nationalnobu Tbk.,540.0,530.0,540.0,525.0,530.0,-10.0,3603900.0,1920427500.0,529.0,364300.0,38400.0
NPGF,Nusa Palapa Gemilang Tbk.,56.0,56.0,57.0,53.0,53.0,-3.0,11814500.0,641267000.0,667.0,1390900.0,1236500.0
NRCA,Nusa Raya Cipta Tbk.,610.0,610.0,615.0,555.0,585.0,-25.0,11919800.0,7011350000.0,2349.0,1588700.0,3179500.0
NSSS,Nusantara Sawit Sejahtera Tbk.,810.0,810.0,815.0,780.0,790.0,-20.0,2087200.0,1656962500.0,795.0,309700.0,376100.0
NTBK,Nusatama Berkah Tbk.,81.0,81.0,82.0,77.0,77.0,-4.0,12283800.0,976664200.0,1010.0,202500.0,1157500.0
NUSA,Sinergi Megah Internusa Tbk.,50.0,0.0,0.0,0.0,50.0,0.0,0.0,0.0,0.0,0.0,0.0
NZIA,Nusantara Almazia Tbk.,179.0,179.0,184.0,173.0,173.0,-6.0,9428700.0,1679840500.0,1991.0,645400.0,1653400.0
OASA,Maharaksa Biru Energi Tbk.,286.0,290.0,290.0,274.0,278.0,-8.0,6251800.0,1746413000.0,870.0,405000.0,1595900.0
OBAT,Brigit Biofarmaka Teknologi Tbk.,240.0,240.0,254.0,240.0,246.0,6.0,315900.0,76657600.0,167.0,1200.0,1000.0
OBMD,OBM Drilchem Tbk.,204.0,204.0,210.0,197.0,200.0,-4.0,1529200.0,305968300.0,269.0,4600.0,6300.0
OCAP,Onix Capital Tbk.,159.0,0.0,0.0,0.0,159.0,0.0,0.0,0.0,0.0,0.0,0.0
OILS,Indo Oil Perkasa Tbk.,312.0,312.0,312.0,296.0,306.0,-6.0,9264600.0,2812490200.0,1076.0,1070500.0,470300.0
OKAS,Ancora Indonesia Resources Tbk.,115.0,116.0,118.0,114.0,116.0,1.0,1720600.0,199644400.0,321.0,0.0,517900.0
OLIV,Atlas Nexus Group Tbk.,57.0,0.0,59.0,55.0,56.0,-1.0,7288100.0,406931600.0,611.0,1087800.0,25100.0
OMED,Jayamas Medica Industri Tbk.,214.0,212.0,220.0,212.0,216.0,2.0,7916400.0,1706492400.0,600.0,2921000.0,182200.0
OMRE,Indonesia Prima Property Tbk,920.0,925.0,1150.0,910.0,920.0,0.0,213600.0,227613500.0,372.0,10700.0,5500.0
OPMS,Optima Prima Metal Sinergi Tbk.,116.0,114.0,120.0,111.0,113.0,-3.0,8042000.0,923394800.0,1071.0,2500.0,1260900.0
PACK,Abadi Nusantara Hijau Investama Tbk.,615.0,0.0,645.0,565.0,565.0,-50.0,298218400.0,182798262500.0,6885.0,2452900.0,59068500.0
PADA,Personel Alih Daya Tbk.,206.0,206.0,208.0,192.0,194.0,-12.0,25416800.0,5029432200.0,2692.0,2234100.0,4615900.0
PADI,Minna Padi Investama Sekuritas Tbk.,67.0,67.0,67.0,60.0,62.0,-5.0,625168200.0,39257661300.0,12582.0,103254800.0,100358300.0
PALM,Provident Investasi Bersama Tbk.,290.0,288.0,290.0,288.0,290.0,0.0,43300.0,12487600.0,22.0,0.0,200.0
PAMG,Bima Sakti Pertiwi Tbk.,56.0,56.0,56.0,52.0,53.0,-3.0,13289600.0,713880100.0,678.0,43300.0,79000.0
PANI,Pantai Indah Kapuk Dua Tbk.,5450.0,5450.0,5475.0,5275.0,5275.0,-175.0,6668900.0,35466780000.0,2427.0,2812900.0,3130900.0
PANR,Panorama Sentrawisata Tbk.,412.0,0.0,416.0,408.0,414.0,2.0,82600.0,33999400.0,54.0,100.0,500.0
PANS,Panin Sekuritas Tbk.,1655.0,1655.0,1665.0,1650.0,1655.0,0.0,110400.0,182769000.0,107.0,0.0,0.0
PART,Cipta Perdana Lancar Tbk.,111.0,111.0,113.0,107.0,110.0,-1.0,18921900.0,2082511100.0,1342.0,1200800.0,643000.0
PBID,Panca Budi Idaman Tbk.,525.0,520.0,530.0,515.0,525.0,0.0,1093600.0,570838000.0,289.0,9000.0,4200.0
PBRX,Pan Brothers Tbk.,26.0,0.0,26.0,26.0,26.0,0.0,1905800.0,49550800.0,68.0,0.0,0.0
PBSA,Paramita Bangun Sarana Tbk.,740.0,745.0,745.0,710.0,725.0,-15.0,1154000.0,841019000.0,686.0,11800.0,321300.0
PCAR,Prima Cakrawala Abadi Tbk.,44.0,0.0,45.0,44.0,44.0,0.0,1012500.0,44651100.0,79.0,0.0,0.0
PDES,Destinasi Tirta Nusantara Tbk,388.0,388.0,390.0,380.0,390.0,2.0,131600.0,50378200.0,70.0,7500.0,7500.0
PDPP,Primadaya Plastisindo Tbk.,340.0,348.0,350.0,324.0,340.0,0.0,258300.0,88169200.0,247.0,24100.0,41900.0
PEGE,Panca Global Kapital Tbk.,135.0,137.0,137.0,131.0,132.0,-3.0,8326500.0,1103859400.0,552.0,3015700.0,1248600.0
PEHA,Phapros Tbk.,292.0,0.0,298.0,290.0,290.0,-2.0,104800.0,30669400.0,83.0,1200.0,17500.0
PEVE,Penta Valent Tbk.,308.0,310.0,310.0,304.0,306.0,-2.0,1118200.0,342250600.0,116.0,0.0,0.0
PGAS,Perusahaan Gas Negara (Persero) Tbk.,1495.0,1500.0,1500.0,1465.0,1475.0,-20.0,62556100.0,92544200000.0,11143.0,24367200.0,36329300.0
PGEO,Pertamina Geothermal Energy Tbk.,1055.0,1055.0,1060.0,1030.0,1060.0,5.0,18108900.0,18963073500.0,2742.0,10272000.0,1418800.0
PGJO,Bahtera Bumi Raya Tbk.,885.0,0.0,915.0,860.0,880.0,-5.0,907400.0,801443500.0,296.0,0.0,41500.0
PGLI,Pembangunan Graha Lestari Indah Tbk.,210.0,204.0,214.0,198.0,200.0,-10.0,642900.0,129089200.0,118.0,0.0,406000.0
PGUN,Pradiksi Gunatama Tbk.,10050.0,10975.0,11275.0,9400.0,9525.0,-525.0,368600.0,3878892500.0,984.0,25600.0,31100.0
PICO,Pelangi Indah Canindo Tbk,180.0,180.0,180.0,176.0,177.0,-3.0,639700.0,113702300.0,163.0,30200.0,200.0
PIPA,Oxala Energy International Tbk.,180.0,184.0,196.0,178.0,178.0,-2.0,246633600.0,46369444500.0,18597.0,25479900.0,31326300.0
PJAA,Pembangunan Jaya Ancol Tbk.,468.0,0.0,468.0,460.0,468.0,0.0,17900.0,8299600.0,45.0,7000.0,0.0
PJHB,Pelayaran Jaya Hidup Baru Tbk.,177.0,177.0,178.0,175.0,176.0,-1.0,1001700.0,176243200.0,263.0,0.0,267900.0
PKPK,Paragon Karya Perkasa Tbk.,4300.0,4270.0,4340.0,4240.0,4300.0,0.0,758100.0,3242391000.0,413.0,176400.0,168300.0
PLAN,Planet Properindo Jaya Tbk.,65.0,0.0,66.0,61.0,65.0,0.0,4626900.0,292586900.0,403.0,4400.0,8100.0
PLAS,Polaris Investama Tbk,50.0,0.0,0.0,0.0,50.0,0.0,0.0,0.0,0.0,0.0,0.0
PLIN,Plaza Indonesia Realty Tbk.,2510.0,0.0,0.0,0.0,2510.0,0.0,0.0,0.0,0.0,0.0,0.0
PMJS,Putra Mandiri Jembar Tbk.,145.0,0.0,147.0,144.0,144.0,-1.0,507300.0,73144700.0,62.0,1900.0,119200.0
PMMP,Panca Mitra Multiperdana Tbk.,50.0,0.0,0.0,0.0,50.0,0.0,0.0,0.0,0.0,0.0,0.0
PMUI,Prima Multi Usaha Indonesia Tbk.,103.0,103.0,107.0,103.0,104.0,1.0,2488900.0,260000500.0,282.0,198900.0,13000.0
PNBN,Bank Pan Indonesia Tbk,885.0,885.0,890.0,850.0,850.0,-35.0,21443600.0,18316737500.0,769.0,6064300.0,19587400.0
PNBS,Bank Panin Dubai Syariah Tbk.,50.0,50.0,50.0,50.0,50.0,0.0,153800.0,7690000.0,22.0,100000.0,0.0
PNGO,AEP Pinago Plantations Tbk.,3590.0,0.0,3600.0,3590.0,3600.0,10.0,1200.0,4314000.0,6.0,0.0,0.0
PNIN,Paninvest Tbk.,715.0,725.0,725.0,695.0,710.0,-5.0,1442400.0,1018283000.0,212.0,6700.0,251000.0
PNLF,Panin Financial Tbk.,220.0,222.0,222.0,210.0,210.0,-10.0,357669500.0,75422133600.0,1695.0,117062900.0,350128200.0
PNSE,Pudjiadi & Sons Tbk.,492.0,0.0,488.0,464.0,488.0,-4.0,85900.0,40349000.0,68.0,0.0,0.0
POLA,Pool Advista Finance Tbk.,85.0,89.0,103.0,79.0,80.0,-5.0,608192200.0,56915692400.0,32408.0,39878700.0,41484800.0
POLI,Pollux Hotels Group Tbk.,940.0,930.0,930.0,880.0,925.0,-15.0,10800.0,9783000.0,24.0,0.0,0.0
POLL,Pollux Properties Indonesia Tbk.,112.0,0.0,0.0,0.0,112.0,0.0,0.0,0.0,0.0,0.0,0.0
POLU,Golden Flower Tbk.,17250.0,0.0,18500.0,16975.0,17000.0,-250.0,20700.0,359240000.0,142.0,0.0,0.0
POLY,Asia Pacific Fibers Tbk,32.0,0.0,0.0,0.0,32.0,0.0,0.0,0.0,0.0,0.0,0.0
POOL,Pool Advista Indonesia Tbk.,50.0,0.0,0.0,0.0,50.0,0.0,0.0,0.0,0.0,0.0,0.0
PORT,Nusantara Pelabuhan Handal Tbk.,955.0,0.0,970.0,890.0,960.0,5.0,16400.0,15222000.0,51.0,4900.0,0.0
POSA,Bliss Properti Indonesia Tbk.,50.0,0.0,0.0,0.0,50.0,0.0,0.0,0.0,0.0,0.0,0.0
POWR,Cikarang Listrindo Tbk.,1015.0,1015.0,1025.0,965.0,1025.0,10.0,10321700.0,10313370500.0,2409.0,4363500.0,3759400.0
PPGL,Prima Globalindo Logistik Tbk.,468.0,0.0,0.0,0.0,468.0,0.0,0.0,0.0,0.0,0.0,0.0
PPRE,PP Presisi Tbk.,105.0,105.0,107.0,104.0,104.0,-1.0,11141200.0,1169373600.0,967.0,519000.0,881500.0
PPRI,Paperocks Indonesia Tbk.,173.0,173.0,174.0,160.0,165.0,-8.0,3907600.0,642078600.0,418.0,1094700.0,291700.0
PPRO,PP Properti Tbk.,15.0,0.0,16.0,15.0,16.0,1.0,8312300.0,130729900.0,269.0,0.0,0.0
PRAY,Famon Awal Bros Sedaya Tbk.,720.0,0.0,770.0,720.0,720.0,0.0,21700.0,16033000.0,41.0,1700.0,1600.0
PRDA,Prodia Widyahusada Tbk.,2860.0,2860.0,2860.0,2770.0,2810.0,-50.0,817000.0,2289289000.0,657.0,112600.0,438900.0
PRDL,Prodia Diagnostic Line Tbk.,212.0,212.0,216.0,206.0,208.0,-4.0,4595000.0,958217200.0,1691.0,859300.0,965600.0
PRIM,Royal Prima Tbk.,120.0,121.0,122.0,119.0,120.0,0.0,2223400.0,266755400.0,142.0,141600.0,1700.0
PSAB,J Resources Asia Pasifik Tbk.,565.0,570.0,575.0,555.0,560.0,-5.0,58768600.0,33052483000.0,3074.0,10726600.0,8525200.0
PSAT,Pancaran Samudera Transport Tbk.,860.0,0.0,890.0,855.0,860.0,0.0,70400.0,60793000.0,39.0,0.0,3200.0
PSDN,Prasidha Aneka Niaga Tbk,136.0,139.0,141.0,133.0,135.0,-1.0,4426700.0,606410800.0,623.0,662100.0,113000.0
PSGO,Palma Serasih Tbk.,195.0,196.0,196.0,193.0,195.0,0.0,166000.0,32319200.0,85.0,300.0,100500.0
PSKT,Red Planet Indonesia Tbk.,232.0,232.0,246.0,230.0,230.0,-2.0,7765000.0,1825428600.0,815.0,326300.0,2458900.0
PSSI,IMC Pelita Logistik Tbk.,358.0,0.0,362.0,356.0,358.0,0.0,152300.0,54583800.0,39.0,0.0,0.0
PTBA,Bukit Asam (Persero) Tbk.,3140.0,3140.0,3150.0,3080.0,3090.0,-50.0,35040000.0,108755766000.0,6872.0,12793200.0,21340200.0
PTDU,Djasa Ubersakti Tbk.,70.0,0.0,0.0,0.0,70.0,0.0,0.0,0.0,0.0,0.0,0.0
PTIS,Indo Straits Tbk.,266.0,266.0,268.0,250.0,256.0,-10.0,130800.0,33302200.0,117.0,0.0,0.0
PTMP,Mitra Pack Tbk.,63.0,64.0,64.0,62.0,62.0,-1.0,6671700.0,418091900.0,462.0,0.0,666400.0
PTMR,Master Print Tbk.,374.0,0.0,0.0,0.0,374.0,0.0,0.0,0.0,0.0,0.0,0.0
PTPP,PP (Persero) Tbk.,197.0,199.0,199.0,194.0,196.0,-1.0,3367800.0,658696500.0,413.0,104900.0,816900.0
PTPS,Pulau Subur Tbk.,163.0,162.0,163.0,160.0,161.0,-2.0,1144300.0,184536900.0,314.0,5200.0,9500.0
PTPW,Pratama Widya Tbk.,1170.0,1175.0,1190.0,1160.0,1160.0,-10.0,80300.0,94226000.0,95.0,0.0,900.0
PTRO,Petrosea Tbk.,5325.0,5625.0,5625.0,5250.0,5325.0,0.0,80621900.0,438652917500.0,22014.0,9421300.0,12559900.0
PTSN,Sat Nusapersada Tbk,428.0,428.0,496.0,368.0,392.0,-36.0,25973200.0,11381647600.0,5718.0,1450500.0,1680200.0
PTSP,Pioneerindo Gourmet International Tbk.,1225.0,0.0,1260.0,1165.0,1245.0,20.0,16700.0,20233500.0,91.0,0.0,0.0
PUDP,Pudjiadi Prestige Tbk.,272.0,272.0,272.0,266.0,272.0,0.0,61700.0,16537000.0,48.0,0.0,0.0
PURA,Putra Rajawali Kencana Tbk.,32.0,0.0,32.0,31.0,32.0,0.0,1105700.0,35185600.0,97.0,0.0,0.0
PURE,Trinitan Metals and Minerals Tbk.,51.0,0.0,0.0,0.0,51.0,0.0,0.0,0.0,0.0,0.0,0.0
PURI,Puri Global Sukses Tbk.,158.0,160.0,166.0,157.0,159.0,1.0,8832700.0,1422446100.0,907.0,107100.0,107300.0
PWON,Pakuwon Jati Tbk.,270.0,270.0,272.0,266.0,268.0,-2.0,48923100.0,13090311000.0,3229.0,31494000.0,35197400.0
PYFA,Pyridam Farma Tbk,254.0,254.0,256.0,246.0,246.0,-8.0,6061000.0,1518267400.0,784.0,312300.0,707100.0
PZZA,Sarimelati Kencana Tbk.,188.0,188.0,193.0,184.0,188.0,0.0,1252700.0,236907900.0,259.0,96300.0,4400.0
RAAM,Tripar Multivision Plus Tbk.,176.0,175.0,180.0,172.0,174.0,-2.0,7865100.0,1390981100.0,2778.0,5600.0,73600.0
RAFI,Sari Kreasi Boga Tbk.,36.0,0.0,0.0,0.0,36.0,0.0,0.0,0.0,0.0,0.0,0.0
RAJA,Rukun Raharja Tbk.,760.0,765.0,770.0,725.0,725.0,-35.0,44267000.0,32637010000.0,8024.0,5830100.0,4284300.0
RALS,Ramayana Lestari Sentosa Tbk.,386.0,388.0,388.0,384.0,386.0,0.0,1532000.0,590469600.0,302.0,25100.0,97100.0
RANC,Supra Boga Lestari Tbk.,550.0,550.0,575.0,535.0,560.0,10.0,29200.0,16181500.0,61.0,0.0,0.0
RANS,Rans Entertainmen Indonesia Tbk.,202.0,204.0,204.0,197.0,197.0,-5.0,40021900.0,7969247600.0,3133.0,4128300.0,2404900.0
RATU,Raharja Energi Cepu Tbk.,4350.0,4350.0,4390.0,4190.0,4210.0,-140.0,5643800.0,23915474000.0,3871.0,436800.0,1526400.0
RBMS,Ristia Bintang Mahkotasejati Tbk.,63.0,63.0,63.0,60.0,61.0,-2.0,13418700.0,819752800.0,648.0,16200.0,519900.0
RCCC,Utama Radar Cahaya Tbk.,115.0,0.0,118.0,114.0,115.0,0.0,450900.0,52056400.0,70.0,0.0,0.0
RDTX,Roda Vivatex Tbk,13125.0,0.0,13150.0,13100.0,13100.0,-25.0,800.0,10490000.0,5.0,0.0,0.0
REAL,Repower Asia Indonesia Tbk.,50.0,50.0,50.0,50.0,50.0,0.0,619100.0,30955000.0,1056.0,0.0,0.0
RELF,Graha Mitra Asia Tbk.,44.0,0.0,45.0,40.0,41.0,-3.0,15370400.0,637186000.0,756.0,0.0,1685200.0
RELI,Reliance Sekuritas Indonesia Tbk.,530.0,0.0,580.0,530.0,560.0,30.0,118700.0,64849000.0,209.0,1500.0,1500.0
RGAS,Kian Santang Muliatama Tbk.,110.0,110.0,111.0,107.0,107.0,-3.0,11517600.0,1242090900.0,1437.0,390400.0,643200.0
RICY,Ricky Putra Globalindo Tbk,79.0,79.0,79.0,75.0,79.0,0.0,2627600.0,202507200.0,258.0,0.0,0.0
RIGS,Rig Tenders Indonesia Tbk.,640.0,640.0,650.0,580.0,605.0,-35.0,922700.0,553272000.0,227.0,80900.0,74500.0
RIMO,Rimo International Lestari Tbk,50.0,0.0,0.0,0.0,50.0,0.0,0.0,0.0,0.0,0.0,0.0
RISE,Jaya Sukses Makmur Sentosa Tbk.,845.0,850.0,850.0,800.0,800.0,-45.0,885500.0,724273000.0,479.0,163100.0,59000.0
RLCO,Abadi Lestari Indonesia Tbk.,4340.0,4330.0,4380.0,4260.0,4280.0,-60.0,192300.0,832768000.0,593.0,7700.0,52200.0
RMKE,RMK Energy Tbk.,396.0,398.0,410.0,392.0,394.0,-2.0,55195300.0,22026787800.0,5536.0,8116300.0,11713600.0
RMKO,Royaltama Mulia Kontraktorindo Tbk.,326.0,326.0,340.0,314.0,322.0,-4.0,5910200.0,1919162600.0,1144.0,791200.0,949900.0
ROCK,Rockfields Properti Indonesia Tbk.,1995.0,0.0,2030.0,1990.0,1990.0,-5.0,3900.0,7780000.0,12.0,0.0,0.0
RODA,Pikko Land Development Tbk.,67.0,67.0,74.0,64.0,64.0,-3.0,149294000.0,10230948100.0,8559.0,4972300.0,19912500.0
RONY,Aracord Nusantara Group Tbk.,1490.0,1490.0,1500.0,1470.0,1470.0,-20.0,40100.0,59789500.0,41.0,0.0,0.0
ROTI,Nippon Indosari Corpindo Tbk.,585.0,585.0,590.0,580.0,580.0,-5.0,786800.0,458491000.0,230.0,332700.0,301600.0
RSCH,Charlie Hospital Semarang Tbk.,442.0,442.0,442.0,432.0,440.0,-2.0,22996500.0,10012773000.0,2147.0,1440000.0,1369700.0
RSGK,Kedoya Adyaraya Tbk.,1075.0,0.0,1110.0,1000.0,1075.0,0.0,30000.0,31180000.0,61.0,14700.0,1000.0
RUIS,Radiant Utama Interinsco Tbk.,200.0,200.0,204.0,200.0,202.0,2.0,422400.0,85060000.0,89.0,400.0,1600.0
RUNS,Global Sukses Solusi Tbk.,70.0,0.0,72.0,66.0,68.0,-2.0,1203000.0,83488200.0,182.0,0.0,0.0
SAFE,Steady Safe Tbk,1160.0,0.0,1275.0,1045.0,1045.0,-115.0,1058100.0,1314740000.0,265.0,0.0,0.0
SAGE,Saptausaha Gemilangindah Tbk.,31.0,0.0,30.0,29.0,30.0,-1.0,3319700.0,98200800.0,170.0,0.0,0.0
SAME,Sarana Meditama Metropolitan Tbk.,302.0,0.0,302.0,294.0,294.0,-8.0,412800.0,122749800.0,106.0,9500.0,176000.0
SAMF,Saraswanti Anugerah Makmur Tbk.,316.0,316.0,318.0,310.0,312.0,-4.0,71200.0,22372400.0,34.0,0.0,0.0
SAPX,Satria Antaran Prima Tbk.,322.0,326.0,352.0,304.0,306.0,-16.0,8962000.0,2925281400.0,2852.0,768200.0,1386900.0
SATU,Kota Satu Properti Tbk.,240.0,238.0,240.0,238.0,238.0,-2.0,48300.0,11499600.0,17.0,0.0,4600.0
SBAT,Sejahtera Bintang Abadi Textile Tbk.,1.0,0.0,0.0,0.0,1.0,0.0,0.0,0.0,0.0,0.0,0.0
SBMA,Surya Biru Murni Acetylene Tbk.,114.0,114.0,122.0,111.0,117.0,3.0,5978600.0,698439400.0,959.0,0.0,3000.0
SCCO,Supreme Cable Manufacturing & Commerce Tbk.,2770.0,2760.0,2760.0,2600.0,2620.0,-150.0,246700.0,653539000.0,251.0,21900.0,0.0
SCMA,Surya Citra Media Tbk.,196.0,196.0,197.0,184.0,184.0,-12.0,438326400.0,81109910300.0,6706.0,136940200.0,396309800.0
SCNP,Selaras Citra Nusantara Perkasa Tbk.,156.0,160.0,160.0,156.0,159.0,3.0,293600.0,46347000.0,81.0,27200.0,200.0
SCPI,Organon Pharma Indonesia Tbk.,29000.0,0.0,0.0,0.0,29000.0,0.0,0.0,0.0,0.0,0.0,0.0
SDMU,Sidomulyo Selaras Tbk.,93.0,93.0,93.0,90.0,92.0,-1.0,7646100.0,695771500.0,547.0,0.0,2462700.0
SDPC,Millennium Pharmacon International Tbk.,196.0,0.0,198.0,192.0,193.0,-3.0,239300.0,46559300.0,32.0,0.0,0.0
SDRA,Bank Woori Saudara Indonesia 1906 Tbk.,214.0,214.0,214.0,206.0,208.0,-6.0,2302400.0,481750400.0,205.0,10000.0,149300.0
SEMA,Semacom Integrated Tbk.,246.0,258.0,278.0,250.0,264.0,18.0,34059000.0,9083747400.0,4913.0,4086400.0,2088900.0
SFAN,Surya Fajar Capital Tbk.,2020.0,0.0,2040.0,2010.0,2010.0,-10.0,55000.0,111324000.0,56.0,4100.0,0.0
SGER,Sumber Global Energy Tbk.,700.0,710.0,710.0,685.0,700.0,0.0,17637900.0,12237194000.0,615.0,3245200.0,1833600.0
SGRO,Prime Agri Resources Tbk.,4650.0,0.0,4640.0,4490.0,4540.0,-110.0,39600.0,179702000.0,71.0,400.0,18100.0
SHID,Hotel Sahid Jaya International Tbk.,770.0,0.0,765.0,725.0,735.0,-35.0,58800.0,43238000.0,34.0,100.0,0.0
SHIP,Sillo Maritime Perdana Tbk.,2710.0,0.0,2750.0,2610.0,2720.0,10.0,31200.0,83535000.0,75.0,0.0,6900.0
SICO,Sigma Energy Compressindo Tbk.,115.0,116.0,116.0,114.0,114.0,-1.0,2074000.0,238354400.0,238.0,10300.0,10300.0
SIDO,Industri Jamu dan Farmasi Sido Muncul Tbk.,352.0,350.0,354.0,348.0,354.0,2.0,19392400.0,6816248000.0,2398.0,5984000.0,3000800.0
SILO,Siloam International Hospitals Tbk.,1995.0,2000.0,2060.0,1960.0,1960.0,-35.0,11637400.0,22888925500.0,886.0,8936800.0,11368900.0
SIMA,Siwani Makmur Tbk,50.0,0.0,0.0,0.0,50.0,0.0,0.0,0.0,0.0,0.0,0.0
SIMP,Salim Ivomas Pratama Tbk.,635.0,640.0,645.0,620.0,625.0,-10.0,8119800.0,5107644000.0,1150.0,1119700.0,4401700.0
SINI,Singaraja Putra Tbk.,16800.0,16950.0,17800.0,16325.0,16900.0,100.0,12231600.0,208080490000.0,11929.0,1690200.0,3788700.0
SIPD,Sreeya Sewu Indonesia Tbk.,905.0,905.0,905.0,860.0,870.0,-35.0,43200.0,37918500.0,44.0,7800.0,0.0
SKBM,Sekar Bumi Tbk.,535.0,0.0,535.0,520.0,525.0,-10.0,133400.0,69992500.0,83.0,24700.0,0.0
SKLT,Sekar Laut Tbk.,210.0,210.0,212.0,204.0,204.0,-6.0,68800.0,14145400.0,69.0,0.0,0.0
SKRN,Superkrane Mitra Utama Tbk.,408.0,410.0,412.0,402.0,408.0,0.0,115600.0,47251600.0,66.0,8400.0,9500.0
SKYB,Northcliff Citranusa Indonesia Tbk.,51.0,0.0,0.0,0.0,51.0,0.0,0.0,0.0,0.0,0.0,0.0
SLIS,Gaya Abadi Sempurna Tbk.,89.0,89.0,90.0,86.0,88.0,-1.0,38192600.0,3336418400.0,2521.0,3957400.0,4448400.0
SMAR,Sinar Mas Agro Resources and Technology Tbk.,6400.0,0.0,6500.0,6225.0,6225.0,-175.0,98300.0,626385000.0,86.0,13200.0,100.0
SMBR,Semen Baturaja (Persero) Tbk.,178.0,178.0,180.0,171.0,172.0,-6.0,9682000.0,1690850300.0,1502.0,1360400.0,796600.0
SMCB,Solusi Bangun Indonesia Tbk.,775.0,0.0,0.0,0.0,775.0,0.0,0.0,0.0,0.0,0.0,0.0
SMDM,Suryamas Dutamakmur Tbk.,540.0,0.0,545.0,530.0,540.0,0.0,15900.0,8557000.0,16.0,0.0,900.0
SMDR,Samudera Indonesia  Tbk.,398.0,398.0,406.0,394.0,394.0,-4.0,30850700.0,12298642200.0,2241.0,9340100.0,12925300.0
SMGA,Sumber Mineral Global Abadi Tbk.,86.0,85.0,87.0,85.0,86.0,0.0,5633900.0,483462100.0,346.0,34900.0,1377300.0
SMGR,Semen Indonesia (Persero) Tbk.,1620.0,1630.0,1635.0,1550.0,1550.0,-70.0,26294200.0,41236022500.0,5050.0,6208100.0,18399500.0
SMIL,Sarana Mitra Luas Tbk.,430.0,432.0,438.0,426.0,426.0,-4.0,46145400.0,19956473400.0,1316.0,5188000.0,6537100.0
SMKL,Satyamitra Kemas Lestari Tbk.,156.0,158.0,162.0,153.0,160.0,4.0,910200.0,145097900.0,265.0,16700.0,117700.0
SMKM,Sumber Mas Konstruksi Tbk.,100.0,0.0,101.0,91.0,95.0,-5.0,9660600.0,916676100.0,621.0,0.0,0.0
SMLE,Sinergi Multi Lestarindo Tbk.,214.0,214.0,224.0,208.0,210.0,-4.0,20025500.0,4315202200.0,1566.0,2169800.0,1782600.0
SMMA,Sinarmas Multiartha Tbk.,20000.0,0.0,20025.0,19775.0,20025.0,25.0,1900.0,37932500.0,11.0,1700.0,1300.0
SMMT,Golden Eagle Energy Tbk.,2970.0,0.0,3120.0,2870.0,2910.0,-60.0,1403900.0,4208990000.0,443.0,75100.0,686700.0
SMRA,Summarecon Agung Tbk.,290.0,292.0,294.0,278.0,278.0,-12.0,240437800.0,67184901600.0,2593.0,143827500.0,220834600.0
SMRU,SMR Utama Tbk.,50.0,0.0,0.0,0.0,50.0,0.0,0.0,0.0,0.0,0.0,0.0
SMSM,Selamat Sempurna Tbk.,1710.0,1710.0,1720.0,1705.0,1720.0,10.0,3766700.0,6463019000.0,1884.0,1293100.0,3241500.0
SNLK,Sunter Lakeside Hotel Tbk.,258.0,258.0,266.0,250.0,250.0,-8.0,21596000.0,5633778800.0,1124.0,1182600.0,1220000.0
SOCI,Soechi Lines Tbk.,620.0,625.0,660.0,625.0,645.0,25.0,19088600.0,12234941500.0,1847.0,6598100.0,3818300.0
SOFA,Solusi Environment Asia Tbk.,346.0,0.0,350.0,334.0,350.0,4.0,2650600.0,906388600.0,495.0,556600.0,29700.0
SOHO,Soho Global Health Tbk.,1630.0,1620.0,1625.0,1580.0,1620.0,-10.0,64400.0,102928000.0,70.0,18000.0,0.0
SOLA,Xolare RCR Energy Tbk.,90.0,91.0,91.0,88.0,89.0,-1.0,4842100.0,430248100.0,550.0,212400.0,693000.0
SONA,Sona Topas Tourism Industry Tbk.,2400.0,0.0,2490.0,2300.0,2300.0,-100.0,1700.0,4209000.0,11.0,0.0,0.0
SOSS,ALSOK Indonesia Services Tbk.,935.0,0.0,0.0,0.0,935.0,0.0,0.0,0.0,0.0,0.0,0.0
SOTS,Satria Mega Kencana Tbk.,600.0,600.0,600.0,590.0,600.0,0.0,64100.0,38042000.0,46.0,0.0,4100.0
SOUL,Mitra Tirta Buwana Tbk.,37.0,0.0,0.0,0.0,37.0,0.0,0.0,0.0,0.0,0.0,0.0
SPMA,Suparma Tbk.,171.0,171.0,172.0,168.0,170.0,-1.0,223000.0,37853500.0,89.0,8900.0,0.0
SPRE,Soraya Berjaya Indonesia Tbk.,104.0,0.0,108.0,96.0,98.0,-6.0,10125000.0,1008197200.0,892.0,0.0,0.0
SPTO,Surya Pertiwi Tbk.,605.0,605.0,610.0,600.0,600.0,-5.0,532800.0,320980000.0,254.0,12100.0,500.0
SQMI,Wilton Makmur Indonesia Tbk.,98.0,101.0,107.0,94.0,99.0,1.0,637472600.0,64425088000.0,17676.0,51302400.0,156107600.0
SRAJ,Sejahteraraya Anugrahjaya Tbk.,13100.0,13000.0,13000.0,12650.0,12900.0,-200.0,2000.0,25787500.0,19.0,200.0,700.0
SRIL,Sri Rejeki Isman Tbk.,146.0,0.0,0.0,0.0,146.0,0.0,0.0,0.0,0.0,0.0,0.0
SRSN,Indo Acidatama Tbk,116.0,119.0,143.0,119.0,129.0,13.0,1529947900.0,200184878800.0,52949.0,337219100.0,278929100.0
SRTG,Saratoga Investama Sedaya Tbk.,1770.0,1770.0,1845.0,1760.0,1845.0,75.0,3336500.0,6030393000.0,600.0,2114200.0,529000.0
SSIA,Surya Semesta Internusa Tbk.,1725.0,1750.0,1750.0,1700.0,1730.0,5.0,8750100.0,15041880500.0,2686.0,855100.0,886500.0
SSMS,Sawit Sumbermas Sarana Tbk.,1155.0,1200.0,1200.0,1135.0,1180.0,25.0,12727800.0,14814848500.0,1456.0,2359800.0,3299800.0
SSTM,Sunson Textile Manufacture Tbk,462.0,470.0,474.0,444.0,460.0,-2.0,121700.0,55744400.0,138.0,0.0,0.0
STAA,Sumber Tani Agung Resources Tbk.,1175.0,1180.0,1200.0,1165.0,1200.0,25.0,5126300.0,6053450500.0,295.0,2314900.0,436100.0
STAR,Calculus Global Ventures Tbk.,378.0,0.0,388.0,368.0,380.0,2.0,89400.0,33798800.0,37.0,200.0,22100.0
STRK,Lovina Beach Brewery Tbk.,66.0,66.0,67.0,61.0,62.0,-4.0,15164700.0,951684400.0,648.0,1393800.0,2804300.0
STTP,Siantar Top Tbk.,9400.0,0.0,9450.0,9375.0,9375.0,-25.0,1500.0,14127500.0,8.0,0.0,0.0
SUGI,Sugih Energy Tbk.,50.0,0.0,0.0,0.0,50.0,0.0,0.0,0.0,0.0,0.0,0.0
SULI,SLJ Global Tbk.,87.0,88.0,88.0,85.0,85.0,-2.0,2412400.0,207186800.0,254.0,83900.0,118100.0
SUNI,Sunindo Pratama Tbk.,680.0,680.0,685.0,675.0,680.0,0.0,228000.0,155342500.0,56.0,200.0,0.0
SUPA,Super Bank Indonesia Tbk.,505.0,505.0,510.0,494.0,500.0,-5.0,9692700.0,4837738000.0,1378.0,894000.0,1524700.0
SUPR,Solusi Tunas Pratama Tbk.,43850.0,0.0,0.0,0.0,43850.0,0.0,0.0,0.0,0.0,0.0,0.0
SURE,Super Energy Tbk.,3000.0,0.0,0.0,0.0,3000.0,0.0,0.0,0.0,0.0,0.0,0.0
SURI,Maja Agung Latexindo Tbk.,84.0,84.0,85.0,83.0,84.0,0.0,3951800.0,332621600.0,315.0,0.0,2400.0
SWAT,Sriwahana Adityakarta Tbk.,16.0,0.0,0.0,0.0,16.0,0.0,0.0,0.0,0.0,0.0,0.0
SWID,Saraswanti Indoland Development Tbk.,126.0,128.0,128.0,123.0,124.0,-2.0,2840500.0,355066200.0,402.0,403400.0,586000.0
TALF,Tunas Alfin Tbk.,705.0,705.0,705.0,680.0,680.0,-25.0,33300.0,22897500.0,64.0,0.0,0.0
TAMA,Lancartama Sejati Tbk.,196.0,0.0,210.0,196.0,202.0,6.0,3248900.0,662959000.0,224.0,0.0,0.0
TAMU,Pelayaran Tamarin Samudra Tbk.,26.0,0.0,26.0,26.0,26.0,0.0,2309100.0,60036600.0,133.0,0.0,0.0
TAPG,Triputra Agro Persada Tbk.,2250.0,2250.0,2250.0,2190.0,2210.0,-40.0,9804200.0,21741056000.0,3262.0,2577700.0,4460900.0
TARA,Agung Semesta Sejahtera Tbk.,31.0,0.0,31.0,30.0,31.0,0.0,473900.0,14370400.0,49.0,0.0,0.0
TAXI,Express Transindo Utama Tbk.,14.0,0.0,14.0,14.0,14.0,0.0,49819900.0,697478600.0,392.0,0.0,420000.0
TAYS,Jaya Swarasa Agung Tbk.,50.0,0.0,0.0,0.0,50.0,0.0,0.0,0.0,0.0,0.0,0.0
TBIG,Tower Bersama Infrastructure Tbk.,1430.0,0.0,1470.0,1415.0,1470.0,40.0,408200.0,590731000.0,194.0,310800.0,32400.0
TBLA,Tunas Baru Lampung Tbk.,630.0,630.0,635.0,625.0,630.0,0.0,1096500.0,689296000.0,286.0,11800.0,3400.0
TBMS,Tembaga Mulia Semanan Tbk.,1225.0,0.0,1245.0,1220.0,1245.0,20.0,11900.0,14659000.0,23.0,0.0,0.0
TCID,Mandom Indonesia Tbk.,2580.0,0.0,2600.0,2520.0,2540.0,-40.0,1300.0,3340000.0,9.0,0.0,0.0
TCPI,Transcoal Pacific Tbk.,1705.0,1705.0,1705.0,1450.0,1450.0,-255.0,6821600.0,10507997500.0,4680.0,2013000.0,4809900.0
TDPM,Tianrong Chemicals Industry Tbk.,119.0,0.0,0.0,0.0,119.0,0.0,0.0,0.0,0.0,0.0,0.0
TEBE,Dana Brata Luhur Tbk.,1965.0,2340.0,2340.0,2050.0,2080.0,115.0,64260100.0,140473436000.0,23764.0,9367600.0,16423100.0
TECH,Indosterling Technomedia Tbk.,50.0,0.0,0.0,0.0,50.0,0.0,0.0,0.0,0.0,0.0,0.0
TELE,Omni Inovasi Indonesia Tbk.,9.0,0.0,0.0,0.0,9.0,0.0,0.0,0.0,0.0,0.0,0.0
TFAS,Telefast Indonesia Tbk.,186.0,0.0,190.0,186.0,187.0,1.0,138000.0,25890900.0,69.0,0.0,0.0
TFCO,Tifico Fiber Indonesia Tbk.,800.0,0.0,0.0,0.0,800.0,0.0,0.0,0.0,0.0,0.0,0.0
TGKA,Tigaraksa Satria Tbk.,4990.0,0.0,5000.0,4920.0,5000.0,10.0,2100.0,10393000.0,11.0,300.0,0.0
TGRA,Terregra Asia Energy Tbk.,27.0,0.0,0.0,0.0,27.0,0.0,0.0,0.0,0.0,0.0,0.0
TGUK,Platinum Wahab Nusantara Tbk.,110.0,0.0,109.0,101.0,101.0,-9.0,4598600.0,478473500.0,270.0,0.0,0.0
TIFA,KDB Tifa Finance Tbk.,302.0,302.0,366.0,300.0,310.0,8.0,2005100.0,668490600.0,1204.0,206800.0,249800.0
TINS,TIMAH (Persero) Tbk.,4700.0,4730.0,4750.0,4620.0,4750.0,50.0,29685400.0,139457620000.0,9850.0,11941100.0,12400000.0
TIRA,Tira Austenite Tbk,390.0,0.0,400.0,382.0,390.0,0.0,71700.0,27670000.0,58.0,0.0,0.0
TIRT,Tirta Mahakam Resources Tbk,590.0,0.0,0.0,0.0,590.0,0.0,0.0,0.0,0.0,0.0,0.0
TKIM,Pabrik Kertas Tjiwi Kimia Tbk.,7575.0,7700.0,7700.0,7475.0,7525.0,-50.0,6633000.0,50017935000.0,1507.0,4903900.0,4396600.0
TLDN,Teladan Prima Agro Tbk.,635.0,630.0,640.0,610.0,620.0,-15.0,1193800.0,745992000.0,650.0,296200.0,296700.0
TLKM,Telkom Indonesia (Persero) Tbk.,2590.0,2590.0,2600.0,2520.0,2560.0,-30.0,212768300.0,544238793000.0,23917.0,142052100.0,181269100.0
TMAS,Temas Tbk.,146.0,147.0,148.0,144.0,144.0,-2.0,3611700.0,524654600.0,241.0,31700.0,1543200.0
TMPO,Tempo Intimedia Tbk.,154.0,155.0,156.0,150.0,151.0,-3.0,6697600.0,1018367000.0,859.0,311900.0,649300.0
TNCA,Trimuda Nuansa Citra Tbk.,182.0,184.0,198.0,179.0,180.0,-2.0,7538000.0,1426321000.0,2391.0,0.0,0.0
TOBA,TBS Energi Utama Tbk.,535.0,540.0,540.0,510.0,510.0,-25.0,4804700.0,2509728000.0,1135.0,719900.0,2701200.0
TOOL,Rohartindo Nusantara Luas Tbk.,71.0,71.0,73.0,70.0,71.0,0.0,23480400.0,1684549600.0,1509.0,911000.0,1152900.0
TOPS,Totalindo Eka Persada Tbk.,1.0,0.0,0.0,0.0,1.0,0.0,0.0,0.0,0.0,0.0,0.0
TOSK,Topindo Solusi Komunika Tbk.,82.0,82.0,83.0,81.0,82.0,0.0,10876700.0,892506100.0,469.0,107600.0,1550400.0
TOTL,Total Bangun Persada Tbk.,1545.0,1545.0,1555.0,1530.0,1545.0,0.0,1611000.0,2476910500.0,570.0,470200.0,384900.0
TOTO,Surya Toto Indonesia Tbk.,240.0,240.0,242.0,238.0,242.0,2.0,1231500.0,296279000.0,195.0,21700.0,152600.0
TOWR,Sarana Menara Nusantara Tbk.,442.0,442.0,442.0,414.0,414.0,-28.0,163173100.0,68775589600.0,6366.0,70365400.0,142843600.0
TOYS,Sunindo Adipersada Tbk.,8.0,0.0,0.0,0.0,8.0,0.0,0.0,0.0,0.0,0.0,0.0
TPIA,Chandra Asri Pacific Tbk.,1830.0,1850.0,1855.0,1815.0,1835.0,5.0,88082300.0,161554417500.0,12147.0,33735500.0,28306500.0
TPMA,Trans Power Marine Tbk.,476.0,476.0,482.0,470.0,476.0,0.0,853500.0,405853800.0,329.0,3000.0,152900.0
TRAM,Trada Alam Minera Tbk.,50.0,0.0,0.0,0.0,50.0,0.0,0.0,0.0,0.0,0.0,0.0
TRGU,Cerestar Indonesia Tbk.,166.0,173.0,173.0,166.0,170.0,4.0,241000.0,40354400.0,41.0,0.0,0.0
TRIL,Triwira Insanlestari Tbk.,50.0,0.0,0.0,0.0,50.0,0.0,0.0,0.0,0.0,0.0,0.0
TRIM,Trimegah Sekuritas Indonesia Tbk.,850.0,850.0,900.0,805.0,840.0,-10.0,2137900.0,1829680500.0,498.0,245500.0,96100.0
TRIN,Perintis Triniti Properti Tbk.,344.0,344.0,408.0,326.0,358.0,14.0,162011800.0,60746766000.0,19687.0,10411500.0,11123800.0
TRIO,Trikomsel Oke Tbk.,426.0,0.0,0.0,0.0,426.0,0.0,0.0,0.0,0.0,0.0,0.0
TRIS,Trisula International Tbk.,172.0,172.0,174.0,171.0,172.0,0.0,347100.0,59651900.0,131.0,43100.0,2200.0
TRJA,Transkon Jaya Tbk.,133.0,133.0,147.0,127.0,129.0,-4.0,12268700.0,1670651500.0,2095.0,190400.0,219100.0
TRON,Teknologi Karya Digital Nusa Tbk.,103.0,104.0,105.0,101.0,102.0,-1.0,18185400.0,1856775400.0,1266.0,482000.0,1531800.0
TRST,Trias Sentosa Tbk.,474.0,0.0,474.0,468.0,474.0,0.0,31000.0,14610800.0,9.0,2900.0,20000.0
TRUE,Triniti Dinamik Tbk.,50.0,0.0,67.0,50.0,67.0,17.0,323353400.0,21521850400.0,7626.0,2000.0,228900.0
TRUK,Guna Timur Raya Tbk.,1295.0,0.0,1420.0,1420.0,1420.0,125.0,66100.0,93862000.0,35.0,0.0,0.0
TRUS,Trust Finance Indonesia Tbk,456.0,0.0,464.0,440.0,442.0,-14.0,43800.0,19863400.0,64.0,0.0,0.0
TSPC,Tempo Scan Pacific Tbk.,2800.0,2800.0,2810.0,2770.0,2770.0,-30.0,288300.0,801066000.0,206.0,3500.0,77200.0
TUGU,Asuransi Tugu Pratama Indonesia Tbk.,1645.0,1620.0,1620.0,1535.0,1590.0,-55.0,5306200.0,8297401000.0,1329.0,803000.0,2706700.0
TYRE,King Tire Indonesia Tbk.,112.0,113.0,113.0,111.0,112.0,0.0,871000.0,97207900.0,136.0,0.0,0.0
UANG,Pakuan Tbk.,4300.0,4300.0,4320.0,3910.0,3950.0,-350.0,1348100.0,5524449000.0,1254.0,155300.0,112100.0
UCID,Uni-Charm Indonesia Tbk.,500.0,498.0,510.0,498.0,510.0,10.0,938100.0,470820100.0,125.0,273900.0,54100.0
UDNG,Agro Bahari Nusantara Tbk.,488.0,0.0,515.0,462.0,490.0,2.0,18542000.0,9105149100.0,4331.0,2824100.0,3589600.0
UFOE,Damai Sejahtera Abadi Tbk.,149.0,149.0,150.0,142.0,143.0,-6.0,603600.0,86863300.0,143.0,600.0,0.0
ULTJ,Ultrajaya Milk Industry & Trading Company Tbk.,1900.0,1935.0,2190.0,1885.0,2060.0,160.0,123380100.0,250951246000.0,18835.0,28146800.0,25915600.0
UNIC,Unggul Indah Cahaya Tbk.,15225.0,15225.0,15225.0,14900.0,15000.0,-225.0,31800.0,476707500.0,69.0,0.0,29300.0
UNIQ,Ulima Nitra Tbk.,122.0,120.0,126.0,119.0,122.0,0.0,3150600.0,385500900.0,251.0,774900.0,7600.0
UNIT,Nusantara Inti Corpora Tbk,316.0,0.0,0.0,0.0,316.0,0.0,0.0,0.0,0.0,0.0,0.0
UNSP,Bakrie Sumatera Plantations Tbk.,206.0,0.0,0.0,0.0,206.0,0.0,0.0,0.0,0.0,0.0,0.0
UNTD,Terang Dunia Internusa Tbk.,80.0,80.0,81.0,78.0,78.0,-2.0,14412700.0,1143457600.0,619.0,359900.0,434100.0
UNTR,United Tractors Tbk.,25700.0,25750.0,25900.0,24825.0,24825.0,-875.0,7669800.0,192743637500.0,5768.0,6956900.0,6922400.0
UNVR,Unilever Indonesia Tbk.,1640.0,1640.0,1650.0,1620.0,1650.0,10.0,14395300.0,23611678500.0,2777.0,8799800.0,7330300.0
URBN,Urban Jakarta Propertindo Tbk.,228.0,0.0,230.0,228.0,230.0,2.0,236000.0,53830200.0,58.0,0.0,11900.0
UVCR,Trimegah Karya Pratama Tbk.,174.0,174.0,182.0,172.0,178.0,4.0,118015800.0,20939724000.0,4776.0,23246300.0,7762600.0
VAST,Vastland Indonesia Tbk.,124.0,124.0,125.0,121.0,122.0,-2.0,7469700.0,909020100.0,811.0,88200.0,62400.0
VERN,Verona Indah Pictures Tbk.,226.0,226.0,230.0,220.0,230.0,4.0,8965300.0,2009672200.0,3646.0,88500.0,818800.0
VICI,Victoria Care Indonesia Tbk.,1210.0,1240.0,1240.0,1140.0,1140.0,-70.0,5575700.0,6500297500.0,813.0,291200.0,447800.0
VICO,Victoria Investama Tbk.,171.0,171.0,176.0,168.0,172.0,1.0,582500.0,100250000.0,133.0,0.0,0.0
VINS,Victoria Insurance Tbk.,143.0,144.0,147.0,142.0,143.0,0.0,175600.0,25359200.0,73.0,14400.0,600.0
VISI,Satu Visi Putra Tbk.,1230.0,1180.0,1275.0,1180.0,1215.0,-15.0,1619900.0,1971354500.0,342.0,396800.0,37100.0
VIVA,Visi Media Asia Tbk.,41.0,0.0,41.0,41.0,41.0,0.0,8986400.0,368442400.0,230.0,0.0,0.0
VKTR,VKTR Teknologi Mobilitas Tbk.,770.0,770.0,800.0,740.0,785.0,15.0,88317400.0,68470182500.0,9519.0,44709400.0,30978300.0
VOKS,Voksel Electric Tbk.,314.0,316.0,320.0,274.0,284.0,-30.0,2472500.0,724866800.0,843.0,113600.0,39600.0
VRNA,Mizuho Leasing Indonesia Tbk.,90.0,90.0,91.0,85.0,85.0,-5.0,2359900.0,204702400.0,289.0,19000.0,200.0
VTNY,Venteny Fortuna International Tbk.,77.0,77.0,77.0,74.0,74.0,-3.0,21874900.0,1659183600.0,565.0,330600.0,601900.0
WAPO,Wahana Pronatural Tbk.,189.0,192.0,254.0,190.0,232.0,43.0,33524500.0,7945594800.0,5323.0,6472400.0,1268000.0
WBSA,BSA Logistics Indonesia Tbk.,645.0,645.0,650.0,635.0,645.0,0.0,9548600.0,6125498500.0,3176.0,4230400.0,4065200.0
WEGE,Wijaya Karya Bangunan Gedung Tbk.,50.0,50.0,50.0,50.0,50.0,0.0,610900.0,30545000.0,63.0,0.0,0.0
WEHA,WEHA Transportasi Indonesia Tbk.,115.0,115.0,116.0,113.0,113.0,-2.0,7324000.0,834572800.0,615.0,38400.0,38400.0
WGSH,Wira Global Solusi Tbk.,131.0,0.0,133.0,123.0,123.0,-8.0,12019600.0,1548169600.0,2970.0,954800.0,1912400.0
WICO,Wicaksana Overseas International Tbk.,123.0,0.0,0.0,0.0,123.0,0.0,0.0,0.0,0.0,0.0,0.0
WIDI,Widiant Jaya Krenindo Tbk.,28.0,0.0,29.0,27.0,28.0,0.0,18417200.0,505231400.0,220.0,0.0,0.0
WIFI,Solusi Sinergi Digital Tbk.,1940.0,1950.0,1960.0,1900.0,1930.0,-10.0,8807600.0,16909309500.0,2791.0,1206700.0,1423100.0
WIIM,Wismilak Inti Makmur Tbk.,1415.0,1415.0,1420.0,1375.0,1395.0,-20.0,9352200.0,13075384000.0,1641.0,3631500.0,1423600.0
WIKA,Wijaya Karya (Persero) Tbk.,204.0,0.0,0.0,0.0,204.0,0.0,0.0,0.0,0.0,0.0,0.0
WINE,Hatten Bali Tbk.,131.0,130.0,130.0,129.0,129.0,-2.0,226800.0,29342400.0,70.0,11200.0,700.0
WINR,Winner Nusantara Jaya Tbk.,24.0,0.0,23.0,23.0,23.0,-1.0,54502400.0,1253555200.0,629.0,0.0,0.0
WINS,Wintermar Offshore Marine Tbk.,610.0,615.0,615.0,585.0,610.0,0.0,2001200.0,1190370000.0,389.0,991500.0,79700.0
WIRG,WIR ASIA Tbk.,76.0,76.0,79.0,71.0,73.0,-3.0,258983300.0,19242846000.0,5963.0,4549900.0,17669900.0
WMPP,Widodo Makmur Perkasa Tbk.,29.0,0.0,29.0,28.0,28.0,-1.0,19658300.0,552539900.0,430.0,0.0,0.0
WMUU,Widodo Makmur Unggas Tbk.,50.0,50.0,50.0,50.0,50.0,0.0,358200.0,17910000.0,71.0,0.0,0.0
WOMF,Wahana Ottomitra Multiartha Tbk.,276.0,0.0,294.0,274.0,280.0,4.0,620000.0,175532000.0,232.0,3000.0,75100.0
WOOD,Integra Indocabinet Tbk.,197.0,197.0,199.0,196.0,196.0,-1.0,1321000.0,260024200.0,279.0,7200.0,11900.0
WOWS,Ginting Jaya Energi Tbk.,56.0,56.0,57.0,52.0,53.0,-3.0,40209400.0,2162049000.0,1852.0,3181200.0,906100.0
WSBP,Waskita Beton Precast Tbk.,14.0,0.0,0.0,0.0,14.0,0.0,0.0,0.0,0.0,0.0,0.0
WSKT,Waskita Karya (Persero) Tbk.,202.0,0.0,0.0,0.0,202.0,0.0,0.0,0.0,0.0,0.0,0.0
WTON,Wijaya Karya Beton Tbk.,78.0,78.0,80.0,77.0,78.0,0.0,3689000.0,288698700.0,361.0,17000.0,333900.0
YELO,Yelooo Integra Datanet Tbk.,96.0,95.0,97.0,92.0,92.0,-4.0,32109000.0,3018798600.0,7741.0,679000.0,4671400.0
YOII,Asuransi Digital Bersama Tbk.,85.0,85.0,85.0,81.0,81.0,-4.0,4519300.0,374480500.0,384.0,8300.0,9800.0
YPAS,Yanaprima Hastapersada Tbk,1350.0,1350.0,1450.0,1310.0,1340.0,-10.0,63600.0,86386000.0,149.0,0.0,0.0
YULE,Yulie Sekuritas Indonesia Tbk.,3800.0,0.0,3800.0,3600.0,3600.0,-200.0,500.0,1880000.0,3.0,0.0,200.0
YUPI,Yupi Indo Jelly Gum Tbk.,1305.0,0.0,1315.0,1290.0,1295.0,-10.0,18700.0,24276000.0,44.0,0.0,3900.0
ZATA,Bersama Zatta Jaya Tbk.,65.0,65.0,65.0,62.0,63.0,-2.0,43029300.0,2729140500.0,2318.0,2228000.0,3563600.0
ZBRA,Dosni Roha Indonesia Tbk.,50.0,0.0,0.0,0.0,50.0,0.0,0.0,0.0,0.0,0.0,0.0
ZINC,Kapuas Prima Coal Tbk.,30.0,0.0,0.0,0.0,30.0,0.0,0.0,0.0,0.0,0.0,0.0
ZONE,Mega Perintis Tbk.,715.0,715.0,720.0,695.0,695.0,-20.0,21000.0,14716000.0,24.0,0.0,3700.0
ZYRX,Zyrexindo Mandiri Buana Tbk.,129.0,129.0,130.0,127.0,129.0,0.0,264700.0,33978100.0,128.0,600.0,800.0
