Stock Code,Company Name,Previous,Open Price,High,Low,Close,Change,Volume,Value,Frequency,Foreign Buy,Foreign Sell
AADI,Adaro Andalan Indonesia Tbk.,12225.0,12275.0,12350.0,12150.0,12275.0,50.0,4782200.0,58710652500.0,4771.0,2781900.0,2247800.0
AALI,Astra Agro Lestari Tbk.,8450.0,8500.0,8525.0,8400.0,8475.0,25.0,561200.0,4748327500.0,762.0,307000.0,311600.0
ABBA,Mahaka Media Tbk.,30.0,0.0,0.0,0.0,30.0,0.0,0.0,0.0,0.0,0.0,0.0
ABDA,Asuransi Bina Dana Arta Tbk.,4960.0,0.0,4970.0,4950.0,4960.0,0.0,3900.0,19335000.0,11.0,0.0,0.0
ABMM,ABM Investama Tbk.,2780.0,2780.0,2840.0,2770.0,2840.0,60.0,515000.0,1443513000.0,286.0,60100.0,92000.0
ACES,Aspirasi Hidup Indonesia Tbk.,354.0,354.0,356.0,350.0,354.0,0.0,22481500.0,7935737000.0,1855.0,11157900.0,2336100.0
ACRO,Samcro Hyosung Adilestari Tbk.,64.0,65.0,66.0,64.0,65.0,1.0,2774100.0,179203900.0,314.0,241500.0,14200.0
ACST,Acset Indonusa Tbk.,104.0,0.0,111.0,108.0,108.0,4.0,758200.0,83710400.0,116.0,0.0,34000.0
ADCP,Adhi Commuter Properti Tbk.,50.0,0.0,0.0,0.0,50.0,0.0,0.0,0.0,0.0,0.0,0.0
ADES,Akasha Wira International Tbk.,32000.0,0.0,32000.0,32000.0,32000.0,0.0,8800.0,281600000.0,20.0,0.0,0.0
ADHI,Adhi Karya (Persero) Tbk.,133.0,0.0,0.0,0.0,133.0,0.0,0.0,0.0,0.0,0.0,0.0
ADMF,Adira Dinamika Multi Finance Tbk.,8675.0,0.0,8775.0,8675.0,8750.0,75.0,27400.0,239285000.0,60.0,2800.0,3000.0
ADMG,Polychem Indonesia Tbk,248.0,248.0,258.0,246.0,252.0,4.0,1203300.0,302855600.0,147.0,237500.0,94700.0
ADMR,Alamtri Minerals Indonesia Tbk.,1595.0,1600.0,1605.0,1575.0,1580.0,-15.0,16604600.0,26350082000.0,4391.0,1835500.0,6357700.0
ADRO,Alamtri Resources Indonesia Tbk.,2620.0,2620.0,2640.0,2580.0,2590.0,-30.0,26711100.0,69666786000.0,10748.0,7570900.0,13300700.0
AEGS,Anugerah Spareparts Sejahtera Tbk.,49.0,0.0,52.0,48.0,51.0,2.0,5236500.0,263458100.0,364.0,0.0,1000900.0
AGAR,Asia Sejahtera Mina Tbk.,2410.0,2990.0,3010.0,2230.0,2740.0,330.0,5178400.0,14186262000.0,7915.0,132700.0,80800.0
AGII,Samator Indo Gas Tbk.,3080.0,3130.0,3160.0,3080.0,3150.0,70.0,185900.0,580387000.0,141.0,32200.0,35000.0
AGRO,Bank Raya Indonesia Tbk.,149.0,149.0,150.0,146.0,148.0,-1.0,2332000.0,344089100.0,412.0,30700.0,427100.0
AGRS,Bank IBK Indonesia Tbk.,60.0,60.0,61.0,59.0,60.0,0.0,2139400.0,128336300.0,146.0,0.0,110400.0
AHAP,Asuransi Harta Aman Pratama Tbk.,103.0,103.0,129.0,103.0,118.0,15.0,701612600.0,83785260700.0,36854.0,43271900.0,42671600.0
AIMS,Artha Mahiya Investama Tbk.,486.0,498.0,505.0,486.0,496.0,10.0,375900.0,186139400.0,136.0,180000.0,0.0
AISA,FKS Food Sejahtera Tbk.,116.0,117.0,117.0,115.0,115.0,-1.0,993000.0,114791700.0,221.0,20600.0,123400.0
AKKU,Anugerah Kagum Karya Utama Tbk.,38.0,0.0,0.0,0.0,38.0,0.0,0.0,0.0,0.0,0.0,0.0
AKPI,Argha Karya Prima Industry Tbk.,525.0,0.0,570.0,525.0,550.0,25.0,1438700.0,788648000.0,323.0,66700.0,28700.0
AKRA,AKR Corporindo Tbk.,1510.0,1505.0,1510.0,1465.0,1490.0,-20.0,13876200.0,20621346500.0,3230.0,8038000.0,5238800.0
AKSI,Mineral Sumberdaya Mandiri Tbk.,370.0,370.0,386.0,340.0,356.0,-14.0,2396100.0,873925600.0,975.0,74300.0,175100.0
ALDO,Alkindo Naratama Tbk.,955.0,0.0,955.0,940.0,945.0,-10.0,142500.0,134497500.0,33.0,0.0,0.0
ALII,Ancara Logistics Indonesia Tbk.,775.0,0.0,775.0,750.0,765.0,-10.0,552900.0,421763500.0,163.0,231200.0,46800.0
ALKA,Alakasa Industrindo Tbk,6225.0,7175.0,7450.0,6475.0,7400.0,1175.0,894800.0,6595170000.0,1918.0,7100.0,16700.0
ALMI,Alumindo Light Metal Industry Tbk.,74.0,0.0,0.0,0.0,74.0,0.0,0.0,0.0,0.0,0.0,0.0
ALTO,Tri Banyan Tirta Tbk.,18.0,0.0,0.0,0.0,18.0,0.0,0.0,0.0,0.0,0.0,0.0
AMAG,Asuransi Multi Artha Guna Tbk.,388.0,0.0,390.0,386.0,388.0,0.0,69500.0,26968800.0,24.0,14100.0,3100.0
AMAN,Makmur Berkah Amanda Tbk.,226.0,0.0,234.0,224.0,226.0,0.0,103700.0,23635200.0,53.0,200.0,10400.0
AMAR,Bank Amar Indonesia Tbk.,226.0,228.0,232.0,226.0,232.0,6.0,440700.0,100707800.0,55.0,0.0,43900.0
AMFG,Asahimas Flat Glass Tbk.,3310.0,0.0,3330.0,3230.0,3310.0,0.0,7600.0,24797000.0,25.0,200.0,1900.0
AMIN,Ateliers Mecaniques D Indonesie Tbk.,236.0,0.0,286.0,230.0,240.0,4.0,1326600.0,339664200.0,926.0,25200.0,27100.0
AMMN,Amman Mineral Internasional Tbk.,5100.0,5100.0,5125.0,4970.0,5050.0,-50.0,77865200.0,393033653500.0,29788.0,48029200.0,32914900.0
AMMS,Agung Menjangan Mas Tbk.,226.0,0.0,226.0,210.0,218.0,-8.0,358100.0,76940000.0,169.0,0.0,44600.0
AMOR,Ashmore Asset Management Indonesia Tbk.,364.0,368.0,370.0,364.0,370.0,6.0,82600.0,30293800.0,69.0,200.0,8200.0
AMRT,Sumber Alfaria Trijaya Tbk.,1280.0,1290.0,1310.0,1285.0,1300.0,20.0,31110600.0,40448405500.0,4496.0,26010400.0,18897600.0
ANDI,Andira Agro Tbk.,21.0,0.0,21.0,20.0,20.0,-1.0,8499200.0,171431300.0,270.0,0.0,0.0
ANJT,Austindo Nusantara Jaya Tbk.,1575.0,1575.0,1615.0,1565.0,1580.0,5.0,114300.0,180947000.0,50.0,0.0,0.0
ANTM,ANTAM (Persero) Tbk.,3190.0,3190.0,3290.0,3160.0,3270.0,80.0,136346800.0,442081138000.0,27540.0,86531900.0,32308500.0
APEX,Apexindo Pratama Duta Tbk.,202.0,202.0,204.0,197.0,200.0,-2.0,15937500.0,3180695700.0,1245.0,4494500.0,357700.0
APIC,Pacific Strategic Financial Tbk.,414.0,414.0,474.0,414.0,442.0,28.0,3214000.0,1420684000.0,1801.0,1010400.0,1015900.0
APII,Arita Prima Indonesia Tbk.,188.0,0.0,192.0,188.0,191.0,3.0,25600.0,4876500.0,25.0,0.0,700.0
APLI,Asiaplast Industries Tbk.,290.0,290.0,308.0,286.0,290.0,0.0,1090900.0,321559200.0,278.0,7900.0,17500.0
APLN,Agung Podomoro Land Tbk.,128.0,129.0,131.0,127.0,128.0,0.0,13222400.0,1700974400.0,1067.0,609500.0,4975900.0
ARCI,Archi Indonesia Tbk.,1310.0,1330.0,1360.0,1315.0,1335.0,25.0,33744000.0,45119396000.0,7663.0,18317700.0,7416800.0
AREA,Dunia Virtual Online Tbk.,310.0,312.0,340.0,310.0,314.0,4.0,2013300.0,655148400.0,876.0,46000.0,29000.0
ARGO,Argo Pantes Tbk,1170.0,0.0,1180.0,1145.0,1145.0,-25.0,157200.0,184588500.0,190.0,0.0,0.0
ARII,Atlas Resources Tbk.,296.0,0.0,308.0,292.0,298.0,2.0,267800.0,79921600.0,96.0,0.0,3600.0
ARKA,Arkha Jayanti Persada Tbk.,22.0,0.0,0.0,0.0,22.0,0.0,0.0,0.0,0.0,0.0,0.0
ARKO,Arkora Hydro Tbk.,4420.0,4420.0,4470.0,4310.0,4380.0,-40.0,2197400.0,9568753000.0,1106.0,311200.0,357700.0
ARMY,Armidian Karyatama Tbk.,50.0,0.0,0.0,0.0,50.0,0.0,0.0,0.0,0.0,0.0,0.0
ARNA,Arwana Citramulia Tbk.,505.0,510.0,510.0,498.0,505.0,0.0,3476800.0,1740138000.0,317.0,201900.0,170800.0
ARTA,Arthavest Tbk,2240.0,0.0,2290.0,2290.0,2290.0,50.0,1500.0,3435000.0,6.0,0.0,0.0
ARTI,Ratu Prabu Energi Tbk,2.0,0.0,0.0,0.0,2.0,0.0,0.0,0.0,0.0,0.0,0.0
ARTO,Bank Jago Tbk.,980.0,980.0,985.0,940.0,950.0,-30.0,16432100.0,15686277000.0,4606.0,1891600.0,9780800.0
ASBI,Asuransi Bintang Tbk.,400.0,0.0,420.0,398.0,400.0,0.0,39300.0,16000600.0,75.0,0.0,0.0
ASDM,Asuransi Dayin Mitra Tbk.,520.0,0.0,525.0,515.0,520.0,0.0,6200.0,3224500.0,7.0,0.0,5000.0
ASGR,Astra Graphia Tbk.,2120.0,2110.0,2180.0,2090.0,2100.0,-20.0,1090800.0,2324338000.0,1162.0,116600.0,203100.0
ASHA,Cilacap Samudera Fishing Industry Tbk.,56.0,56.0,57.0,55.0,57.0,1.0,7275500.0,410289400.0,525.0,191700.0,0.0
ASII,Astra International Tbk.,4980.0,4980.0,4980.0,4890.0,4890.0,-90.0,30001800.0,147544873000.0,8213.0,18093600.0,25220400.0
ASJT,Asuransi Jasa Tania Tbk.,160.0,0.0,181.0,160.0,161.0,1.0,5159200.0,878498000.0,1266.0,206100.0,225700.0
ASLC,Autopedia Sukses Lestari Tbk.,66.0,66.0,67.0,65.0,66.0,0.0,2246100.0,148047500.0,201.0,23900.0,631500.0
ASLI,Asri Karya Lestari Tbk.,368.0,368.0,380.0,350.0,362.0,-6.0,62154000.0,22641547000.0,3796.0,8386500.0,13891000.0
ASMI,Asuransi Maximus Graha Persada Tbk.,15.0,0.0,15.0,15.0,15.0,0.0,21895500.0,328432500.0,280.0,0.0,0.0
ASPI,Andalan Sakti Primaindo Tbk.,500.0,500.0,595.0,480.0,555.0,55.0,4846200.0,2570544400.0,807.0,121000.0,1418200.0
ASPR,Asia Pramulia Tbk.,138.0,138.0,153.0,136.0,153.0,15.0,51907000.0,7664146900.0,4385.0,6472800.0,8402400.0
ASRI,Alam Sutera Realty Tbk.,127.0,128.0,128.0,125.0,125.0,-2.0,3138400.0,395876800.0,330.0,83600.0,578600.0
ASRM,Asuransi Ramayana Tbk.,290.0,290.0,290.0,286.0,286.0,-4.0,163300.0,47111800.0,70.0,0.0,0.0
ASSA,Adi Sarana Armada Tbk.,605.0,605.0,610.0,595.0,595.0,-10.0,6669300.0,4019991500.0,972.0,1041000.0,2526000.0
ATAP,Trimitra Prawara Goldland Tbk.,565.0,0.0,570.0,545.0,570.0,5.0,659500.0,369213000.0,200.0,0.0,0.0
ATIC,Anabatic Technologies Tbk.,464.0,0.0,462.0,454.0,456.0,-8.0,186200.0,85346800.0,45.0,0.0,100.0
ATLA,Atlantis Subsea Indonesia Tbk.,50.0,50.0,50.0,50.0,50.0,0.0,377100.0,18855000.0,39.0,0.0,0.0
AUTO,Astra Otoparts Tbk.,3320.0,3320.0,3390.0,3320.0,3360.0,40.0,2849800.0,9578081000.0,1916.0,1328500.0,817600.0
AVIA,Avia Avian Tbk.,350.0,350.0,356.0,344.0,346.0,-4.0,8959100.0,3109421200.0,1195.0,3871300.0,6722500.0
AWAN,Era Digital Media Tbk.,159.0,0.0,165.0,161.0,164.0,5.0,162700.0,26516200.0,85.0,20000.0,13600.0
AXIO,Tera Data Indonusa Tbk.,114.0,116.0,117.0,114.0,116.0,2.0,590000.0,68215900.0,147.0,24900.0,0.0
AYAM,Janu Putra Sejahtera Tbk.,482.0,482.0,500.0,480.0,500.0,18.0,68850300.0,33996286800.0,2619.0,11654400.0,4226300.0
AYLS,Arkayana Lestari Grup Tbk.,156.0,163.0,167.0,153.0,156.0,0.0,6931700.0,1098436400.0,1635.0,0.0,0.0
BABP,Bank MNC Internasional Tbk.,50.0,50.0,50.0,50.0,50.0,0.0,233100.0,11655000.0,16.0,100000.0,0.0
BABY,Multitrend Indo Tbk.,208.0,208.0,210.0,202.0,206.0,-2.0,973600.0,199520600.0,305.0,90600.0,0.0
BACA,Bank Capital Indonesia Tbk.,118.0,0.0,120.0,116.0,117.0,-1.0,1489500.0,174666600.0,136.0,4600.0,175100.0
BACH,Bach Multi Global Tbk.,426.0,428.0,438.0,422.0,430.0,4.0,9059500.0,3904385200.0,2187.0,1353800.0,1506300.0
BAIK,Bersama Mencapai Puncak Tbk.,236.0,236.0,254.0,230.0,236.0,0.0,24547400.0,5998424600.0,3021.0,4150100.0,8495800.0
BAJA,Saranacentral Bajatama Tbk.,282.0,284.0,296.0,274.0,278.0,-4.0,4826900.0,1360337000.0,881.0,1150600.0,921800.0
BALI,Bali Towerindo Sentra Tbk.,1330.0,0.0,1325.0,1305.0,1305.0,-25.0,13200.0,17324000.0,16.0,0.0,200.0
BANK,Bank Aladin Syariah Tbk.,264.0,262.0,264.0,258.0,264.0,0.0,2025100.0,528743000.0,299.0,36900.0,590800.0
BAPA,Bekasi Asri Pemula Tbk.,124.0,124.0,131.0,120.0,127.0,3.0,19905300.0,2539174700.0,2014.0,2404400.0,2662700.0
BAPI,Bhakti Agung Propertindo Tbk.,22.0,0.0,22.0,21.0,21.0,-1.0,3443500.0,72731300.0,208.0,0.0,0.0
BATA,Sepatu Bata Tbk.,59.0,0.0,0.0,0.0,59.0,0.0,0.0,0.0,0.0,0.0,0.0
BATR,Benteng Api Technic Tbk.,91.0,0.0,93.0,91.0,92.0,1.0,83300.0,7700800.0,75.0,600.0,400.0
BAUT,Mitra Angkasa Sejahtera Tbk.,39.0,0.0,39.0,38.0,39.0,0.0,3367600.0,130946200.0,139.0,0.0,0.0
BAYU,Bayu Buana Tbk,1340.0,1345.0,1345.0,1330.0,1335.0,-5.0,18400.0,24549000.0,28.0,3000.0,0.0
BBCA,Bank Central Asia Tbk.,6500.0,6500.0,6500.0,6350.0,6400.0,-100.0,95608200.0,614491297500.0,19220.0,65949600.0,71222300.0
BBHI,Allo Bank Indonesia Tbk.,900.0,905.0,905.0,895.0,900.0,0.0,14995200.0,13495833500.0,436.0,473400.0,216700.0
BBKP,Bank KB Indonesia Tbk.,52.0,51.0,52.0,51.0,51.0,-1.0,27654800.0,1418547700.0,434.0,2239500.0,895300.0
BBLD,Buana Finance Tbk.,660.0,0.0,735.0,655.0,660.0,0.0,99200.0,67257500.0,97.0,0.0,9200.0
BBMD,Bank Mestika Dharma Tbk.,2000.0,0.0,1995.0,1995.0,1995.0,-5.0,100.0,199500.0,1.0,0.0,0.0
BBNI,Bank Negara Indonesia (Persero) Tbk.,3870.0,3870.0,3870.0,3740.0,3750.0,-120.0,39238000.0,147932188000.0,11321.0,3126800.0,28570800.0
BBRI,Bank Rakyat Indonesia (Persero) Tbk.,3400.0,3400.0,3400.0,3320.0,3320.0,-80.0,158042700.0,527658272000.0,33382.0,72773800.0,102709600.0
BBRM,Pelayaran Nasional Bina Buana Raya Tbk.,121.0,120.0,125.0,120.0,123.0,2.0,3625700.0,442849400.0,830.0,10600.0,9900.0
BBSI,Krom Bank Indonesia Tbk.,4580.0,0.0,4580.0,4550.0,4580.0,0.0,700.0,3191000.0,5.0,300.0,0.0
BBSS,Bumi Benowo Sukses Sejahtera Tbk.,90.0,90.0,90.0,87.0,89.0,-1.0,4362500.0,386016500.0,574.0,434700.0,156400.0
BBTN,Bank Tabungan Negara (Persero) Tbk.,1215.0,1215.0,1215.0,1185.0,1185.0,-30.0,7955100.0,9481382000.0,2087.0,1406600.0,5721100.0
BBYB,Bank Neo Commerce Tbk.,254.0,254.0,256.0,246.0,248.0,-6.0,17127400.0,4258239200.0,1175.0,1560700.0,3763800.0
BCAP,MNC Kapital Indonesia Tbk.,50.0,50.0,50.0,50.0,50.0,0.0,112200.0,5610000.0,15.0,100000.0,0.0
BCIC,Bank JTrust Indonesia Tbk.,132.0,0.0,132.0,128.0,128.0,-4.0,212500.0,27358200.0,72.0,0.0,100.0
BCIP,Bumi Citra Permai Tbk.,61.0,61.0,63.0,61.0,63.0,2.0,6270700.0,392387700.0,249.0,1456700.0,12400.0
BDKR,Berdikari Pondasi Perkasa Tbk.,155.0,154.0,164.0,154.0,164.0,9.0,38281900.0,6081414800.0,2431.0,8995500.0,5092800.0
BDMN,Bank Danamon Indonesia Tbk.,4470.0,4400.0,4470.0,4370.0,4430.0,-40.0,1634400.0,7213003000.0,1093.0,458300.0,811300.0
BEBS,Berkah Beton Sadaya Tbk.,5.0,0.0,0.0,0.0,5.0,0.0,0.0,0.0,0.0,0.0,0.0
BEEF,Estika Tata Tiara Tbk.,440.0,446.0,448.0,436.0,442.0,2.0,2398200.0,1057135000.0,494.0,556800.0,556900.0
BEER,Jobubu Jarum Minahasa Tbk.,77.0,77.0,82.0,76.0,77.0,0.0,18955500.0,1490536700.0,1300.0,1475600.0,1857900.0
BEKS,Bank Pembangunan Daerah Banten Tbk.,23.0,0.0,23.0,22.0,23.0,0.0,6050100.0,134051700.0,176.0,0.0,0.0
BELI,Global Digital Niaga Tbk.,290.0,296.0,298.0,286.0,288.0,-2.0,759800.0,219980800.0,317.0,64300.0,177200.0
BELL,Trisula Textile Industries Tbk.,107.0,107.0,110.0,105.0,108.0,1.0,13409800.0,1437156700.0,1337.0,760100.0,1060400.0
BESS,Batulicin Nusantara Maritim Tbk.,890.0,905.0,970.0,880.0,915.0,25.0,344300.0,314191000.0,291.0,11500.0,3600.0
BEST,Bekasi Fajar Industrial Estate Tbk.,125.0,125.0,125.0,123.0,123.0,-2.0,12595900.0,1560756400.0,916.0,1578200.0,2992200.0
BFIN,BFI Finance  Indonesia Tbk.,995.0,1005.0,1010.0,980.0,980.0,-15.0,11535500.0,11431381000.0,751.0,3142600.0,4857200.0
BGTG,Bank Ganesha Tbk.,119.0,119.0,124.0,117.0,123.0,4.0,6800800.0,820479000.0,344.0,361500.0,1453100.0
BHAT,Bhakti Multi Artha Tbk.,1770.0,0.0,0.0,0.0,1770.0,0.0,0.0,0.0,0.0,0.0,0.0
BHIT,MNC Asia Holding Tbk.,26.0,0.0,26.0,25.0,26.0,0.0,3781800.0,96061600.0,150.0,1000000.0,0.0
BIKA,Binakarya Jaya Abadi Tbk.,55.0,0.0,0.0,0.0,55.0,0.0,0.0,0.0,0.0,0.0,0.0
BIKE,Bhineka Inovasi Ketahanan Energi Tbk.,970.0,0.0,995.0,985.0,985.0,15.0,281200.0,278669000.0,133.0,0.0,4000.0
BIMA,Primarindo Asia Infrastructure Tbk.,82.0,0.0,0.0,0.0,82.0,0.0,0.0,0.0,0.0,0.0,0.0
BINA,Bank Ina Perdana Tbk.,4080.0,0.0,4100.0,4030.0,4060.0,-20.0,216800.0,878769000.0,53.0,0.0,4100.0
BINO,Perma Plasindo Tbk.,118.0,120.0,120.0,117.0,118.0,0.0,96700.0,11379500.0,40.0,0.0,0.0
BIPI,Astrindo Nusantara Infrastruktur Tbk.,144.0,145.0,147.0,141.0,142.0,-2.0,287786200.0,41439485100.0,8368.0,52325800.0,53275400.0
BIPP,Bhuwanatala Indah Permai Tbk.,64.0,65.0,71.0,63.0,67.0,3.0,37294800.0,2526336600.0,4029.0,2358100.0,4837700.0
BIRD,Blue Bird Tbk.,1605.0,1610.0,1615.0,1600.0,1605.0,0.0,1109700.0,1780851500.0,740.0,337100.0,608900.0
BISI,BISI International Tbk.,720.0,715.0,725.0,715.0,725.0,5.0,135200.0,97059000.0,84.0,9000.0,15200.0
BJBR,Bank Pembangunan Daerah Jawa Barat dan Banten Tbk.,795.0,795.0,795.0,790.0,795.0,0.0,993700.0,787187000.0,347.0,33500.0,27300.0
BJTM,Bank Pembangunan Daerah Jawa Timur Tbk.,525.0,525.0,525.0,520.0,520.0,-5.0,2700900.0,1413518000.0,496.0,206300.0,26200.0
BKDP,Bukit Darmo Property Tbk,191.0,193.0,210.0,190.0,198.0,7.0,51226900.0,10156308500.0,4829.0,2636800.0,2311800.0
BKSL,Sentul City Tbk.,69.0,69.0,71.0,68.0,69.0,0.0,94900900.0,6560731700.0,2748.0,14356400.0,28038500.0
BKSW,Bank QNB Indonesia Tbk.,54.0,54.0,54.0,53.0,54.0,0.0,1809000.0,96014300.0,532.0,173500.0,0.0
BLES,Superior Prima Sukses Tbk.,212.0,212.0,214.0,206.0,206.0,-6.0,8685000.0,1812307200.0,523.0,594400.0,1426600.0
BLOG,Trimitra Trans Persada Tbk.,364.0,0.0,368.0,364.0,366.0,2.0,106400.0,39033000.0,59.0,0.0,36200.0
BLTA,Berlian Laju Tanker Tbk,33.0,0.0,33.0,32.0,32.0,-1.0,1540300.0,50278100.0,125.0,0.0,0.0
BLTZ,Graha Layar Prima Tbk.,2000.0,0.0,0.0,0.0,2000.0,0.0,0.0,0.0,0.0,0.0,0.0
BLUE,Berkah Prima Perkasa Tbk.,3010.0,0.0,3230.0,2960.0,3030.0,20.0,282400.0,872894000.0,293.0,12100.0,11700.0
BMAS,Bank Kasikorn Indonesia Tbk.,515.0,0.0,560.0,510.0,530.0,15.0,403000.0,215318500.0,202.0,8500.0,12400.0
BMBL,Lavender Bina Cendikia Tbk.,32.0,0.0,33.0,30.0,31.0,-1.0,10421300.0,322617300.0,430.0,0.0,0.0
BMHS,Bundamedik Tbk.,202.0,202.0,204.0,199.0,202.0,0.0,890600.0,178627000.0,171.0,1600.0,26300.0
BMRI,Bank Mandiri (Persero) Tbk.,4440.0,4440.0,4450.0,4330.0,4340.0,-100.0,128314600.0,558864134000.0,28770.0,28527100.0,93530700.0
BMSR,Bintang Mitra Semestaraya Tbk,400.0,400.0,404.0,352.0,362.0,-38.0,1436300.0,546181800.0,759.0,47100.0,47300.0
BMTR,Global Mediacom Tbk.,114.0,115.0,118.0,113.0,117.0,3.0,101698800.0,11719640400.0,2618.0,25574000.0,19321300.0
BNBA,Bank Bumi Arta Tbk.,785.0,0.0,800.0,785.0,785.0,0.0,440900.0,349169000.0,87.0,35500.0,200.0
BNBR,Bakrie & Brothers Tbk,93.0,93.0,96.0,91.0,92.0,-1.0,519791700.0,48400991500.0,12954.0,82961800.0,79859000.0
BNGA,Bank CIMB Niaga Tbk.,1740.0,1745.0,1745.0,1730.0,1745.0,5.0,1466900.0,2551109500.0,567.0,110000.0,261900.0
BNII,Bank Maybank Indonesia Tbk.,192.0,192.0,194.0,191.0,192.0,0.0,3562400.0,683524900.0,258.0,34000.0,2313900.0
BNLI,Bank Permata Tbk.,2120.0,2120.0,2150.0,2100.0,2110.0,-10.0,37600.0,79602000.0,47.0,0.0,100.0
BOAT,Newport Marine Services Tbk.,136.0,136.0,139.0,136.0,136.0,0.0,788600.0,107890500.0,138.0,71300.0,2600.0
BOBA,Formosa Ingredient Factory Tbk.,208.0,208.0,218.0,208.0,210.0,2.0,487200.0,103355800.0,198.0,2600.0,123900.0
BOGA,Apollo Global Interactive Tbk.,1550.0,0.0,1650.0,1555.0,1580.0,30.0,2600.0,4206500.0,12.0,0.0,0.0
BOLA,Bali Bintang Sejahtera Tbk.,186.0,186.0,190.0,182.0,184.0,-2.0,543500.0,101023000.0,132.0,3200.0,2100.0
BOLT,Garuda Metalindo Tbk.,795.0,0.0,800.0,785.0,795.0,0.0,9000.0,7116500.0,20.0,0.0,0.0
BOSS,Borneo Olah Sarana Sukses Tbk.,50.0,0.0,0.0,0.0,50.0,0.0,0.0,0.0,0.0,0.0,0.0
BPFI,Woori Finance Indonesia Tbk.,250.0,248.0,252.0,246.0,252.0,2.0,40600.0,10142000.0,40.0,0.0,0.0
BPII,Batavia Prosperindo Internasional Tbk.,472.0,0.0,482.0,470.0,472.0,0.0,13100.0,6276400.0,23.0,0.0,0.0
BPTR,Batavia Prosperindo Trans Tbk.,75.0,75.0,77.0,74.0,76.0,1.0,3105100.0,233611100.0,800.0,157000.0,517600.0
BRAM,Indo Kordsa Tbk.,4670.0,0.0,4640.0,4590.0,4590.0,-80.0,700.0,3218000.0,5.0,0.0,0.0
BREN,Barito Renewables Energy Tbk.,3110.0,3120.0,3180.0,3060.0,3150.0,40.0,7102500.0,22099342000.0,3333.0,1137200.0,1943900.0
BRIS,Bank Syariah Indonesia (Persero) Tbk.,1730.0,1730.0,1735.0,1700.0,1710.0,-20.0,12262600.0,20947965000.0,4615.0,253100.0,5453100.0
BRMS,Bumi Resources Minerals Tbk.,730.0,730.0,740.0,720.0,735.0,5.0,450319900.0,329306493500.0,32756.0,264374900.0,148667000.0
BRNA,Berlina Tbk.,635.0,0.0,645.0,630.0,645.0,10.0,128100.0,81863500.0,106.0,4400.0,0.0
BRPT,Barito Pacific Tbk.,1655.0,1655.0,1675.0,1620.0,1620.0,-35.0,37740300.0,61935812000.0,9657.0,5232300.0,15219300.0
BRRC,Raja Roti Cemerlang Tbk.,71.0,71.0,76.0,71.0,72.0,1.0,15077300.0,1110515300.0,1214.0,466600.0,1025200.0
BSBK,Wulandari Bangun Laksana Tbk.,50.0,50.0,50.0,50.0,50.0,0.0,1110600.0,55530000.0,96.0,0.0,0.0
BSDE,Bumi Serpong Damai Tbk.,650.0,650.0,655.0,635.0,640.0,-10.0,6652800.0,4267720500.0,933.0,1032400.0,2326300.0
BSIM,Bank Sinarmas Tbk.,1030.0,1065.0,1240.0,1065.0,1090.0,60.0,965400.0,1128308500.0,1060.0,44300.0,73100.0
BSML,Bintang Samudera Mandiri Lines Tbk.,550.0,550.0,555.0,540.0,550.0,0.0,13056600.0,7161951000.0,452.0,2795100.0,951400.0
BSSR,Baramulti Suksessarana Tbk.,4950.0,4950.0,4950.0,4900.0,4900.0,-50.0,585300.0,2877800000.0,784.0,65400.0,195900.0
BSWD,Bank Of India Indonesia Tbk.,1500.0,0.0,0.0,0.0,1500.0,0.0,0.0,0.0,0.0,0.0,0.0
BTEK,Bumi Teknokultura Unggul Tbk,13.0,0.0,13.0,12.0,12.0,-1.0,205283400.0,2551493400.0,1743.0,0.0,0.0
BTEL,Bakrie Telecom Tbk.,50.0,0.0,0.0,0.0,50.0,0.0,0.0,0.0,0.0,0.0,0.0
BTON,Betonjaya Manunggal Tbk.,362.0,362.0,378.0,362.0,366.0,4.0,98500.0,36011800.0,55.0,0.0,0.0
BTPN,Bank SMBC Indonesia Tbk.,2320.0,2300.0,2340.0,2280.0,2320.0,0.0,24000.0,55109000.0,27.0,2800.0,0.0
BTPS,Bank BTPN Syariah Tbk.,1055.0,1055.0,1055.0,1030.0,1045.0,-10.0,1688100.0,1749145500.0,896.0,156500.0,555500.0
BUAH,Segar Kumala Indonesia Tbk.,496.0,498.0,505.0,488.0,496.0,0.0,395800.0,196320700.0,128.0,0.0,29600.0
BUDI,Budi Starch & Sweetener Tbk.,222.0,222.0,228.0,222.0,226.0,4.0,246900.0,55792200.0,80.0,0.0,35500.0
BUKA,Bukalapak.com Tbk.,107.0,107.0,108.0,104.0,104.0,-3.0,92945700.0,9873541900.0,2051.0,57467400.0,74706700.0
BUKK,Bukaka Teknik Utama Tbk.,960.0,0.0,960.0,900.0,950.0,-10.0,130900.0,121367500.0,99.0,5600.0,9000.0
BULL,Buana Lintas Lautan Tbk.,424.0,426.0,428.0,416.0,416.0,-8.0,196558500.0,82854414400.0,10416.0,22467100.0,21290400.0
BUMI,Bumi Resources Tbk.,208.0,210.0,212.0,204.0,208.0,0.0,2751551200.0,574478146600.0,30414.0,988353700.0,506017800.0
BUVA,Bukit Uluwatu Villa Tbk.,710.0,720.0,725.0,705.0,705.0,-5.0,22335300.0,15847575500.0,3793.0,2700800.0,3532300.0
BVIC,Bank Victoria International Tbk.,94.0,94.0,95.0,93.0,94.0,0.0,739300.0,69170900.0,156.0,346400.0,1600.0
BWPT,Eagle High Plantations Tbk.,127.0,127.0,128.0,123.0,123.0,-4.0,111212800.0,13906148000.0,4018.0,21449900.0,40053800.0
BYAN,Bayan Resources Tbk.,11100.0,10925.0,11000.0,10075.0,10200.0,-900.0,2441600.0,25457497500.0,5091.0,502200.0,1351400.0
CAKK,Cahayaputra Asa Keramik Tbk.,160.0,160.0,160.0,158.0,159.0,-1.0,29600.0,4715100.0,30.0,0.0,0.0
CAMP,Campina Ice Cream Industry Tbk.,171.0,169.0,191.0,169.0,170.0,-1.0,19513700.0,3509746300.0,3884.0,854900.0,688500.0
CANI,Capitol Nusantara Indonesia Tbk.,135.0,0.0,0.0,0.0,135.0,0.0,0.0,0.0,0.0,0.0,0.0
CARE,Metro Healthcare Indonesia Tbk.,402.0,402.0,402.0,394.0,398.0,-4.0,453000.0,180266800.0,186.0,14800.0,237200.0
CARS,Industri dan Perdagangan Bintraco Dharma Tbk.,113.0,113.0,114.0,111.0,113.0,0.0,2746800.0,308569500.0,151.0,10200.0,1408100.0
CASA,Capital Financial Indonesia Tbk.,1915.0,0.0,1915.0,1805.0,1810.0,-105.0,14000.0,25548500.0,39.0,0.0,6500.0
CASH,Cashlez Worldwide Indonesia Tbk.,226.0,0.0,234.0,220.0,230.0,4.0,820900.0,185878000.0,119.0,48400.0,0.0
CASS,Cahaya Aero Services Tbk.,1850.0,1850.0,1850.0,1835.0,1835.0,-15.0,117900.0,216539500.0,213.0,13100.0,107200.0
CBDK,Bangun Kosambi Sukses Tbk.,3710.0,3730.0,3860.0,3690.0,3720.0,10.0,2825300.0,10657716000.0,1401.0,612500.0,411500.0
CBMF,Cahaya Bintang Medan Tbk.,50.0,0.0,0.0,0.0,50.0,0.0,0.0,0.0,0.0,0.0,0.0
CBPE,Citra Buana Prasida Tbk.,494.0,505.0,515.0,488.0,505.0,11.0,110800.0,56051900.0,42.0,0.0,8100.0
CBRE,Cakra Buana Resources Energi Tbk.,740.0,745.0,750.0,705.0,705.0,-35.0,9554500.0,6878401000.0,2202.0,698700.0,3787200.0
CBUT,Citra Borneo Utama Tbk.,990.0,0.0,1040.0,955.0,1035.0,45.0,132500.0,132152000.0,270.0,0.0,14900.0
CCSI,Communication Cable Systems Indonesia Tbk.,354.0,362.0,442.0,358.0,442.0,88.0,15035600.0,6262898600.0,3444.0,229600.0,271400.0
CDIA,Chandra Daya Investasi Tbk.,665.0,665.0,670.0,650.0,655.0,-10.0,22856000.0,15074758500.0,3726.0,420800.0,7362000.0
CEKA,Wilmar Cahaya Indonesia Tbk.,2170.0,0.0,2350.0,2170.0,2170.0,0.0,42700.0,95242000.0,88.0,0.0,0.0
CENT,Centratama Telekomunikasi Indonesia Tbk.,105.0,105.0,118.0,103.0,112.0,7.0,72347000.0,8128058400.0,5929.0,2565100.0,8207100.0
CFIN,Clipan Finance Indonesia Tbk.,368.0,368.0,376.0,368.0,376.0,8.0,2345300.0,876119800.0,271.0,65100.0,82200.0
CGAS,Citra Nusantara Gemilang Tbk.,146.0,146.0,148.0,146.0,146.0,0.0,1210900.0,177596700.0,275.0,0.0,172900.0
CHEK,Diastika Biotekindo Tbk.,128.0,129.0,131.0,128.0,131.0,3.0,445200.0,57563100.0,72.0,0.0,0.0
CHEM,Chemstar Indonesia Tbk.,69.0,70.0,71.0,68.0,70.0,1.0,6937500.0,482561400.0,434.0,1318800.0,39000.0
CHIP,Pelita Teknologi Global Tbk.,780.0,0.0,780.0,750.0,755.0,-25.0,104200.0,79136000.0,160.0,0.0,7600.0
CINT,Chitose Internasional Tbk.,183.0,183.0,184.0,181.0,183.0,0.0,70900.0,12956000.0,50.0,0.0,0.0
CITA,Cita Mineral Investindo Tbk.,3490.0,3480.0,3580.0,3450.0,3510.0,20.0,103800.0,363861000.0,154.0,2400.0,28100.0
CITY,Natura City Developments Tbk.,178.0,182.0,190.0,178.0,184.0,6.0,537300.0,97803200.0,206.0,18100.0,4100.0
CLAY,Citra Putra Realty Tbk.,2630.0,2500.0,2730.0,2500.0,2670.0,40.0,47600.0,124632000.0,75.0,0.0,4900.0
CLEO,Sariguna Primatirta Tbk.,426.0,428.0,430.0,418.0,428.0,2.0,15312000.0,6480219400.0,1298.0,1931600.0,2771300.0
CLPI,Colorpak Indonesia Tbk.,1605.0,1605.0,1610.0,1600.0,1605.0,0.0,17100.0,27446000.0,68.0,1200.0,0.0
CMNP,Citra Marga Nusaphala Persada Tbk.,1395.0,1400.0,1425.0,1365.0,1400.0,5.0,55800.0,77501000.0,60.0,0.0,2700.0
CMNT,Cemindo Gemilang Tbk.,750.0,0.0,780.0,750.0,775.0,25.0,22377000.0,17066611000.0,619.0,3987100.0,7517800.0
CMPP,AirAsia Indonesia Tbk.,69.0,0.0,0.0,0.0,69.0,0.0,0.0,0.0,0.0,0.0,0.0
CMRY,Cisarua Mountain Dairy Tbk.,4460.0,4460.0,4580.0,4440.0,4550.0,90.0,3436200.0,15541710000.0,2794.0,1330000.0,2422200.0
CNKO,Exploitasi Energi Indonesia Tbk.,37.0,0.0,0.0,0.0,37.0,0.0,0.0,0.0,0.0,0.0,0.0
CNMA,Nusantara Sejahtera Raya Tbk.,91.0,91.0,92.0,90.0,92.0,1.0,13677100.0,1247667500.0,801.0,26700.0,2911200.0
COAL,Black Diamond Resources Tbk.,31.0,0.0,0.0,0.0,31.0,0.0,0.0,0.0,0.0,0.0,0.0
COCO,Wahana Interfood Nusantara Tbk.,140.0,142.0,151.0,137.0,139.0,-1.0,1747011400.0,252324993400.0,55980.0,277816800.0,310893700.0
COIN,Indokripto Koin Semesta Tbk.,725.0,730.0,740.0,705.0,715.0,-10.0,10317800.0,7425694000.0,2453.0,901100.0,3151900.0
COWL,Cowell Development Tbk.,50.0,0.0,0.0,0.0,50.0,0.0,0.0,0.0,0.0,0.0,0.0
CPIN,Charoen Pokphand Indonesia Tbk,3130.0,3130.0,3150.0,3080.0,3090.0,-40.0,33737600.0,104922307000.0,7316.0,13343700.0,28999800.0
CPRI,Capri Nusa Satu Properti Tbk.,50.0,0.0,0.0,0.0,50.0,0.0,0.0,0.0,0.0,0.0,0.0
CPRO,Central Proteina Prima Tbk.,50.0,50.0,50.0,50.0,50.0,0.0,819200.0,40960000.0,107.0,0.0,0.0
CRAB,Toba Surimi Industries Tbk.,216.0,218.0,218.0,212.0,216.0,0.0,597400.0,127692200.0,94.0,113700.0,0.0
CRSN,Carsurin Tbk.,127.0,125.0,136.0,124.0,130.0,3.0,1511700.0,196020400.0,373.0,66900.0,61900.0
CSAP,Catur Sentosa Adiprana Tbk.,292.0,292.0,296.0,290.0,296.0,4.0,106200.0,31072800.0,28.0,100.0,0.0
CSIS,Cahayasakti Investindo Sukses Tbk.,202.0,0.0,214.0,206.0,206.0,4.0,984300.0,206366600.0,170.0,119400.0,4900.0
CSMI,Cipta Selera Murni Tbk.,198.0,0.0,187.0,179.0,179.0,-19.0,14313700.0,2612230700.0,607.0,0.0,0.0
CSRA,Cisadane Sawit Raya Tbk.,755.0,750.0,760.0,740.0,755.0,0.0,111000.0,83511500.0,86.0,800.0,11500.0
CTBN,Citra Tubindo Tbk.,3050.0,0.0,3060.0,3020.0,3040.0,-10.0,5200.0,15822000.0,35.0,0.0,1100.0
CTRA,Ciputra Development Tbk.,615.0,615.0,620.0,605.0,605.0,-10.0,6308500.0,3867139000.0,1169.0,1679500.0,2558100.0
CTTH,Citatah Tbk.,127.0,127.0,138.0,125.0,130.0,3.0,27274400.0,3602844000.0,2883.0,1060200.0,861600.0
CUAN,Petrindo Jaya Kreasi Tbk.,940.0,940.0,950.0,915.0,920.0,-20.0,174906600.0,162296366000.0,17613.0,20551700.0,43613700.0
CYBR,ITSEC Asia Tbk.,525.0,520.0,530.0,515.0,525.0,0.0,27490800.0,14381512500.0,1278.0,2043200.0,1056500.0
DAAZ,Daaz Bara Lestari Tbk.,1655.0,1655.0,1685.0,1620.0,1660.0,5.0,119300.0,195960500.0,104.0,2600.0,20700.0
DADA,Diamond Citra Propertindo Tbk.,50.0,50.0,50.0,50.0,50.0,0.0,62600.0,3130000.0,38.0,0.0,0.0
DART,Duta Anggada Realty Tbk.,158.0,157.0,178.0,157.0,169.0,11.0,10705200.0,1832803700.0,2995.0,553200.0,347200.0
DATA,Remala Abadi Tbk.,1675.0,1680.0,1700.0,1650.0,1675.0,0.0,940000.0,1577244000.0,501.0,52100.0,163100.0
DAYA,Duta Intidaya Tbk.,1085.0,1095.0,1095.0,1035.0,1050.0,-35.0,4400.0,4592500.0,15.0,0.0,200.0
DCII,DCI Indonesia Tbk.,199325.0,199350.0,199350.0,199325.0,199325.0,0.0,700.0,139532500.0,6.0,0.0,500.0
DEAL,Dewata Freightinternational Tbk.,6.0,0.0,0.0,0.0,6.0,0.0,0.0,0.0,0.0,0.0,0.0
DEFI,Danasupra Erapacific Tbk.,103.0,105.0,139.0,104.0,139.0,36.0,626367400.0,81872866800.0,39991.0,13860600.0,11733800.0
DEPO,Caturkarda Depo Bangunan Tbk.,240.0,240.0,242.0,230.0,240.0,0.0,194800.0,46419600.0,123.0,1000.0,900.0
DEWA,Darma Henwa Tbk,406.0,406.0,410.0,392.0,396.0,-10.0,323426400.0,129250565600.0,18619.0,42598000.0,49231600.0
DEWI,Dewi Shri Farmindo Tbk.,166.0,166.0,173.0,164.0,170.0,4.0,75340500.0,12706222300.0,5355.0,15541800.0,18321200.0
DFAM,Dafam Property Indonesia Tbk.,81.0,81.0,94.0,80.0,83.0,2.0,106883400.0,9517330900.0,7450.0,90700.0,90500.0
DGIK,Nusa Konstruksi Enjiniring Tbk.,134.0,134.0,144.0,133.0,142.0,8.0,21624900.0,3006922000.0,1738.0,3400500.0,1186800.0
DGNS,Diagnos Laboratorium Utama Tbk.,270.0,272.0,276.0,256.0,262.0,-8.0,1722400.0,456655800.0,181.0,3000.0,3800.0
DGWG,Delta Giri Wacana Tbk.,326.0,326.0,330.0,324.0,328.0,2.0,6947800.0,2273838200.0,1124.0,631300.0,276600.0
DIGI,Arkadia Digital Media Tbk.,29.0,0.0,0.0,0.0,29.0,0.0,0.0,0.0,0.0,0.0,0.0
DILD,Intiland Development Tbk.,117.0,117.0,118.0,116.0,117.0,0.0,7828500.0,915478100.0,374.0,1296500.0,1974200.0
DIVA,Distribusi Voucher Nusantara Tbk.,135.0,135.0,138.0,134.0,136.0,1.0,2662100.0,363690900.0,355.0,192500.0,13000.0
DKFT,Central Omega Resources Tbk.,670.0,670.0,670.0,650.0,650.0,-20.0,5077300.0,3354878500.0,964.0,221600.0,2838500.0
DKHH,Cipta Sarana Medika Tbk.,71.0,71.0,73.0,70.0,70.0,-1.0,10516300.0,750038700.0,626.0,1225200.0,942000.0
DLTA,Delta Djakarta Tbk.,1790.0,0.0,1795.0,1785.0,1790.0,0.0,64100.0,114747500.0,45.0,8900.0,0.0
DMAS,Puradelta Lestari Tbk.,194.0,195.0,195.0,191.0,192.0,-2.0,98170500.0,18937078700.0,6069.0,39785200.0,28631800.0
DMMX,Digital Mediatama Maxima Tbk.,186.0,185.0,187.0,184.0,186.0,0.0,281700.0,52020500.0,92.0,27700.0,0.0
DMND,Diamond Food Indonesia Tbk.,615.0,0.0,700.0,605.0,605.0,-10.0,397900.0,252337000.0,243.0,19900.0,10800.0
DNAR,Bank Oke Indonesia Tbk.,129.0,0.0,135.0,129.0,131.0,2.0,558700.0,73649300.0,125.0,3100.0,54200.0
DNET,Indoritel Makmur Internasional Tbk.,9850.0,0.0,10025.0,9850.0,9850.0,0.0,9500.0,93775000.0,14.0,0.0,400.0
DOID,BUMA Internasional Grup Tbk.,250.0,250.0,252.0,244.0,244.0,-6.0,2083100.0,511893200.0,457.0,38800.0,724100.0
DOOH,Era Media Sejahtera Tbk.,364.0,0.0,400.0,388.0,400.0,36.0,38213700.0,15165340000.0,1665.0,0.0,553900.0
DOSS,Global Sukses Digital Tbk.,165.0,169.0,172.0,165.0,171.0,6.0,2529000.0,428804500.0,237.0,344300.0,261200.0
DPNS,Duta Pertiwi Nusantara Tbk.,310.0,0.0,0.0,0.0,310.0,0.0,0.0,0.0,0.0,0.0,0.0
DPUM,Dua Putra Utama Makmur Tbk.,139.0,140.0,142.0,131.0,138.0,-1.0,25177200.0,3430186500.0,2368.0,5116400.0,785600.0
DRMA,Dharma Polimetal Tbk.,1005.0,995.0,1015.0,985.0,1000.0,-5.0,931800.0,928509000.0,385.0,27800.0,672900.0
DSFI,Dharma Samudera Fishing Industries Tbk.,87.0,88.0,89.0,86.0,87.0,0.0,6774700.0,593211700.0,449.0,30100.0,34000.0
DSNG,Dharma Satya Nusantara Tbk.,1650.0,1650.0,1650.0,1580.0,1600.0,-50.0,1569400.0,2511219000.0,817.0,350400.0,662100.0
DSSA,Dian Swastatika Sentosa Tbk,1070.0,1070.0,1100.0,1050.0,1085.0,15.0,188886500.0,204055153500.0,18535.0,37247700.0,42320100.0
DUCK,Jaya Bersama Indo Tbk.,176.0,0.0,0.0,0.0,176.0,0.0,0.0,0.0,0.0,0.0,0.0
DUTI,Duta Pertiwi Tbk,4770.0,0.0,4770.0,4770.0,4770.0,0.0,400.0,1908000.0,3.0,0.0,0.0
DVLA,Darya-Varia Laboratoria Tbk.,1590.0,0.0,1595.0,1585.0,1590.0,0.0,22200.0,35274500.0,28.0,700.0,18600.0
DWGL,Dwi Guna Laksana Tbk.,224.0,226.0,236.0,222.0,230.0,6.0,4994700.0,1151085200.0,978.0,206700.0,1067600.0
DYAN,Dyandra Media International Tbk.,86.0,85.0,87.0,85.0,86.0,0.0,2376800.0,203737600.0,203.0,80800.0,9200.0
EAST,Eastparc Hotel Tbk.,90.0,90.0,90.0,89.0,90.0,0.0,317200.0,28352900.0,159.0,0.0,0.0
ECII,Electronic City Indonesia Tbk.,158.0,158.0,185.0,157.0,167.0,9.0,13363300.0,2331154600.0,2532.0,689500.0,980800.0
EDGE,Indointernet Tbk.,4790.0,0.0,0.0,0.0,4790.0,0.0,0.0,0.0,0.0,0.0,0.0
EKAD,Ekadharma International Tbk.,412.0,412.0,414.0,398.0,402.0,-10.0,4113600.0,1659225200.0,1092.0,190300.0,204800.0
ELIT,Data Sinergitama Jaya Tbk.,272.0,272.0,276.0,252.0,260.0,-12.0,20094700.0,5283149600.0,2180.0,1911700.0,1975200.0
ELPI,Pelayaran Nasional Ekalya Purnamasari Tbk.,670.0,670.0,670.0,655.0,665.0,-5.0,356100.0,235784500.0,251.0,12900.0,18200.0
ELSA,Elnusa Tbk.,725.0,725.0,730.0,710.0,720.0,-5.0,12956500.0,9279263000.0,1611.0,1488200.0,3262500.0
ELTY,Bakrieland Development Tbk.,33.0,0.0,36.0,34.0,36.0,3.0,57643900.0,2022180500.0,1125.0,0.0,0.0
EMAS,Merdeka Gold Resources Tbk.,7700.0,7775.0,7825.0,7600.0,7600.0,-100.0,15560600.0,119116455000.0,7613.0,9444800.0,10224500.0
EMDE,Megapolitan Developments Tbk.,75.0,76.0,83.0,74.0,77.0,2.0,34664800.0,2733624100.0,12211.0,1337600.0,4000900.0
EMMI,Esa Medika Mandiri Tbk.,342.0,340.0,348.0,336.0,340.0,-2.0,962100.0,327742400.0,435.0,12100.0,123800.0
EMTK,Elang Mahkota Teknologi Tbk.,496.0,496.0,500.0,492.0,492.0,-4.0,21766400.0,10732645000.0,2683.0,1503100.0,10146200.0
ENAK,Champ Resto Indonesia Tbk.,228.0,236.0,236.0,222.0,226.0,-2.0,353400.0,80221000.0,181.0,0.0,0.0
ENRG,Energi Mega Persada Tbk.,1455.0,1460.0,1475.0,1415.0,1430.0,-25.0,46238000.0,66947590000.0,7417.0,11943000.0,15664200.0
ENVY,Envy Technologies Indonesia Tbk.,50.0,0.0,0.0,0.0,50.0,0.0,0.0,0.0,0.0,0.0,0.0
ENZO,Morenzo Abadi Perkasa Tbk.,75.0,76.0,85.0,73.0,81.0,6.0,159836000.0,12897487000.0,10030.0,5243500.0,3903200.0
EPAC,Megalestari Epack Sentosaraya Tbk.,54.0,54.0,54.0,50.0,53.0,-1.0,69213900.0,3583432200.0,2476.0,7533200.0,5609200.0
EPMT,Enseval Putera Megatrading Tbk.,2480.0,2490.0,2780.0,2480.0,2620.0,140.0,280000.0,740652000.0,379.0,15800.0,15900.0
ERAA,Erajaya Swasembada Tbk.,580.0,580.0,620.0,580.0,605.0,25.0,165914900.0,99868219500.0,11520.0,75361200.0,35761600.0
ERAL,Sinar Eka Selaras Tbk.,324.0,324.0,330.0,318.0,328.0,4.0,9447600.0,3065275200.0,583.0,1745100.0,638100.0
ERTX,Eratex Djaja Tbk.,180.0,181.0,182.0,176.0,178.0,-2.0,234300.0,41730000.0,112.0,600.0,25400.0
ESIP,Sinergi Inti Plastindo Tbk.,123.0,125.0,125.0,121.0,123.0,0.0,12197800.0,1496629100.0,1381.0,1149500.0,1480600.0
ESSA,ESSA Industries Indonesia Tbk.,650.0,650.0,655.0,615.0,620.0,-30.0,106490400.0,66522135500.0,11024.0,15217200.0,50110100.0
ESTA,Esta Multi Usaha Tbk.,176.0,179.0,179.0,170.0,175.0,-1.0,1383500.0,239490800.0,269.0,17500.0,24400.0
ESTI,Ever Shine Tex Tbk.,168.0,168.0,175.0,165.0,168.0,0.0,6956900.0,1178769500.0,1201.0,1183700.0,227100.0
ETWA,Eterindo Wahanatama Tbk,70.0,0.0,0.0,0.0,70.0,0.0,0.0,0.0,0.0,0.0,0.0
EURO,Estee Gold Feet Tbk.,1350.0,0.0,1365.0,1350.0,1355.0,5.0,62200.0,84108500.0,66.0,0.0,42900.0
EXCL,XLSMART Telecom Sejahtera Tbk.,2550.0,2560.0,2600.0,2550.0,2550.0,0.0,3888900.0,9980352000.0,1595.0,1637600.0,2443700.0
FAPA,FAP Agri Tbk.,7400.0,0.0,7450.0,7400.0,7425.0,25.0,300.0,2227500.0,3.0,100.0,200.0
FAST,Fast Food Indonesia Tbk.,434.0,434.0,452.0,426.0,432.0,-2.0,7847700.0,3453530400.0,1822.0,889300.0,1185200.0
FASW,Fajar Surya Wisesa Tbk.,5275.0,0.0,0.0,0.0,5275.0,0.0,0.0,0.0,0.0,0.0,0.0
FILM,MD Entertainment Tbk.,775.0,775.0,780.0,755.0,755.0,-20.0,9413400.0,7195104000.0,2451.0,575500.0,3551300.0
FIMP,Fimperkasa Utama Tbk.,69.0,0.0,0.0,0.0,69.0,0.0,0.0,0.0,0.0,0.0,0.0
FIRE,Alfa Energi Investama Tbk.,123.0,127.0,133.0,123.0,124.0,1.0,43820400.0,5604368600.0,3853.0,4940000.0,7337100.0
FISH,FKS Multi Agro Tbk.,720.0,760.0,820.0,700.0,720.0,0.0,1587100.0,1216519500.0,1309.0,87300.0,84300.0
FITT,Fortune Resources Investment Tbk.,456.0,452.0,484.0,436.0,468.0,12.0,2412900.0,1130921800.0,266.0,0.0,85600.0
FLMC,Falmaco Nonwoven Industri Tbk.,131.0,0.0,133.0,123.0,128.0,-3.0,1668000.0,214720700.0,283.0,0.0,0.0
FMII,Fortune Mate Indonesia Tbk,252.0,0.0,252.0,242.0,248.0,-4.0,86300.0,21077600.0,21.0,0.0,100.0
FOLK,Multi Garam Utama Tbk.,296.0,298.0,300.0,252.0,268.0,-28.0,77798400.0,21303164600.0,11074.0,2320100.0,9106700.0
FOOD,Sentra Food Indonesia Tbk.,176.0,0.0,0.0,0.0,176.0,0.0,0.0,0.0,0.0,0.0,0.0
FORE,Fore Kopi Indonesia Tbk.,790.0,800.0,810.0,785.0,800.0,10.0,2791700.0,2218282500.0,1145.0,630900.0,607100.0
FORU,Fortune Indonesia Tbk,4650.0,5175.0,5500.0,4150.0,4220.0,-430.0,12115400.0,56711299500.0,10186.0,911900.0,1659600.0
FPNI,Lotte Chemical Titan Tbk.,520.0,530.0,530.0,505.0,520.0,0.0,2511600.0,1296452000.0,631.0,742400.0,531800.0
FUJI,Fuji Finance Indonesia Tbk.,248.0,0.0,276.0,248.0,252.0,4.0,5147700.0,1350415400.0,1233.0,562600.0,1050300.0
FUTR,Futura Energi Global Tbk.,302.0,304.0,312.0,296.0,302.0,0.0,22645500.0,6880548600.0,2581.0,1096600.0,2124100.0
FWCT,Wijaya Cahaya Timber Tbk.,90.0,91.0,93.0,90.0,92.0,2.0,4836900.0,440821700.0,378.0,16000.0,16000.0
GAMA,Aksara Global Development Tbk.,18.0,0.0,0.0,0.0,18.0,0.0,0.0,0.0,0.0,0.0,0.0
GDST,Gunawan Dianjaya Steel Tbk.,113.0,113.0,115.0,111.0,113.0,0.0,4582600.0,518788700.0,359.0,260700.0,486200.0
GDYR,Goodyear Indonesia Tbk.,1125.0,0.0,1150.0,1125.0,1140.0,15.0,8300.0,9454500.0,14.0,0.0,0.0
GEMA,Gema Grahasarana Tbk.,91.0,92.0,93.0,90.0,92.0,1.0,1765300.0,160938800.0,173.0,6300.0,4200.0
GEMS,Golden Energy Mines Tbk.,7400.0,7475.0,7475.0,7250.0,7450.0,50.0,52800.0,388105000.0,123.0,0.0,10000.0
GGRM,Gudang Garam Tbk.,19000.0,18975.0,19025.0,17575.0,17875.0,-1125.0,2515900.0,45371787500.0,4191.0,749600.0,507800.0
GGRP,Gunung Raja Paksi Tbk.,326.0,328.0,328.0,320.0,326.0,0.0,743600.0,240871400.0,142.0,400.0,77600.0
GHON,Gihon Telekomunikasi Indonesia Tbk.,1685.0,1685.0,1695.0,1650.0,1685.0,0.0,7000.0,11693000.0,33.0,0.0,2400.0
GIAA,Garuda Indonesia (Persero) Tbk.,63.0,63.0,64.0,62.0,63.0,0.0,43741200.0,2752580800.0,2009.0,9727700.0,12090800.0
GJTL,Gajah Tunggal Tbk.,1365.0,1365.0,1370.0,1335.0,1340.0,-25.0,2616600.0,3528967000.0,536.0,145000.0,1939600.0
GLOB,Globe Kita Terang Tbk.,155.0,0.0,0.0,0.0,155.0,0.0,0.0,0.0,0.0,0.0,0.0
GLVA,Galva Technologies Tbk.,330.0,330.0,334.0,322.0,334.0,4.0,60500.0,19970600.0,32.0,0.0,3800.0
GMFI,Garuda Maintenance Facility Aero Asia Tbk.,58.0,58.0,59.0,57.0,59.0,1.0,75505000.0,4377183300.0,2822.0,3450800.0,15148900.0
GMTD,Gowa Makassar Tourism Development Tbk.,1335.0,1465.0,1465.0,1240.0,1240.0,-95.0,51900.0,70005500.0,117.0,1900.0,3400.0
GOLD,Visi Telekomunikasi Infrastruktur Tbk.,272.0,0.0,280.0,274.0,274.0,2.0,31800.0,8831400.0,29.0,0.0,0.0
GOLF,Intra Golflink Resorts Tbk.,179.0,179.0,184.0,176.0,180.0,1.0,4151300.0,747860700.0,741.0,18800.0,35900.0
GOLL,Golden Plantation Tbk.,50.0,0.0,0.0,0.0,50.0,0.0,0.0,0.0,0.0,0.0,0.0
GOOD,Garudafood Putra Putri Jaya Tbk.,306.0,306.0,318.0,306.0,314.0,8.0,183600.0,57089800.0,148.0,15400.0,62500.0
GOTO,GoTo Gojek Tokopedia Tbk.,50.0,50.0,50.0,50.0,50.0,0.0,4653300.0,232665000.0,630.0,7300.0,0.0
GOTOM,MVS GoTo Gojek Tokopedia Tbk.,68.0,0.0,0.0,0.0,68.0,0.0,0.0,0.0,0.0,0.0,0.0
GPRA,Perdana Gapuraprima Tbk.,106.0,106.0,106.0,103.0,103.0,-3.0,34670000.0,3629938500.0,901.0,5009800.0,3019100.0
GPSO,Geoprima Solusi Tbk.,288.0,290.0,292.0,282.0,288.0,0.0,27479800.0,7878787400.0,973.0,4233800.0,2602800.0
GRIA,Ingria Pratama Capitalindo Tbk.,165.0,165.0,169.0,164.0,168.0,3.0,1413700.0,235084600.0,240.0,330500.0,12000.0
GRPH,Griptha Putra Persada Tbk.,137.0,0.0,0.0,0.0,137.0,0.0,0.0,0.0,0.0,0.0,0.0
GRPM,Graha Prima Mentari Tbk.,170.0,0.0,172.0,166.0,171.0,1.0,6352800.0,1076279900.0,501.0,759800.0,303400.0
GSMF,Equity Development Investment Tbk.,103.0,104.0,106.0,102.0,104.0,1.0,8306400.0,863020400.0,934.0,500.0,2315200.0
GTBO,Garda Tujuh Buana Tbk,155.0,0.0,155.0,153.0,153.0,-2.0,55100.0,8536300.0,13.0,0.0,0.0
GTRA,Grahaprima Suksesmandiri Tbk.,244.0,0.0,256.0,238.0,240.0,-4.0,486400.0,118517200.0,145.0,3800.0,60800.0
GTSI,GTS Internasional Tbk.,159.0,159.0,161.0,157.0,158.0,-1.0,8156200.0,1298570900.0,929.0,555600.0,1877600.0
GULA,Aman Agrindo Tbk.,830.0,835.0,835.0,815.0,830.0,0.0,11242400.0,9261896000.0,790.0,2670200.0,3291700.0
GUNA,Gunanusa Eramandiri Tbk.,220.0,220.0,220.0,214.0,220.0,0.0,513200.0,111218400.0,67.0,0.0,800.0
GWSA,Greenwood Sejahtera Tbk.,163.0,163.0,163.0,157.0,159.0,-4.0,450200.0,71507500.0,199.0,9800.0,6100.0
GZCO,Gozco Plantations Tbk.,191.0,192.0,194.0,186.0,188.0,-3.0,8266300.0,1558737800.0,1173.0,1232500.0,3648100.0
HADE,Himalaya Energi Perkasa Tbk.,22.0,0.0,22.0,20.0,21.0,-1.0,19167400.0,398407400.0,292.0,0.0,0.0
HAIS,Hasnur Internasional Shipping Tbk.,183.0,185.0,185.0,182.0,185.0,2.0,463400.0,85135500.0,104.0,1000.0,30000.0
HAJJ,Arsy Buana Travelindo Tbk.,109.0,0.0,117.0,109.0,116.0,7.0,11891600.0,1357557400.0,1128.0,1210100.0,1047400.0
HALO,Haloni Jane Tbk.,72.0,71.0,74.0,71.0,71.0,-1.0,6041400.0,435312200.0,1205.0,701100.0,135600.0
HATM,Habco Trans Maritima Tbk.,585.0,575.0,575.0,550.0,560.0,-25.0,22403900.0,12615876500.0,2673.0,1210000.0,1698600.0
HBAT,Minahasa Membangun Hebat Tbk.,350.0,0.0,360.0,340.0,354.0,4.0,850200.0,297025200.0,201.0,21000.0,12300.0
HDFA,Radana Bhaskara Finance Tbk.,101.0,103.0,104.0,101.0,102.0,1.0,1096400.0,111697100.0,163.0,218600.0,0.0
HDIT,Hensel Davest Indonesia Tbk.,50.0,50.0,50.0,50.0,50.0,0.0,123000.0,6150000.0,33.0,0.0,0.0
HEAL,Medikaloka Hermina Tbk.,685.0,685.0,690.0,675.0,675.0,-10.0,6627000.0,4510341000.0,1300.0,867800.0,5051500.0
HELI,Jaya Trishindo Tbk.,202.0,206.0,214.0,199.0,204.0,2.0,1751000.0,357726600.0,508.0,0.0,0.0
HERO,DFI Retail Nusantara Tbk.,336.0,336.0,336.0,330.0,336.0,0.0,60300.0,20158800.0,28.0,0.0,1400.0
HEXA,Hexindo Adiperkasa Tbk.,4460.0,4470.0,4510.0,4460.0,4490.0,30.0,552600.0,2482746000.0,436.0,46600.0,125300.0
HGII,Hero Global Investment Tbk.,144.0,144.0,144.0,140.0,143.0,-1.0,1956600.0,276478100.0,285.0,5600.0,3900.0
HILL,Hillcon Tbk.,16.0,0.0,0.0,0.0,16.0,0.0,0.0,0.0,0.0,0.0,0.0
HITS,Humpuss Intermoda Transportasi Tbk.,116.0,0.0,0.0,0.0,116.0,0.0,0.0,0.0,0.0,0.0,0.0
HKMU,HK Metals Utama Tbk.,50.0,0.0,0.0,0.0,50.0,0.0,0.0,0.0,0.0,0.0,0.0
HMSP,H.M. Sampoerna Tbk.,720.0,730.0,730.0,655.0,660.0,-60.0,133967500.0,89838191000.0,9358.0,32461700.0,16028900.0
HOKI,Buyung Poetra Sembada Tbk.,55.0,56.0,56.0,54.0,55.0,0.0,7062100.0,387949800.0,506.0,32900.0,1519100.0
HOME,Hotel Mandarine Regency Tbk.,50.0,0.0,0.0,0.0,50.0,0.0,0.0,0.0,0.0,0.0,0.0
HOMI,Grand House Mulia Tbk.,234.0,234.0,258.0,230.0,252.0,18.0,6013100.0,1466913000.0,825.0,46300.0,244700.0
HOPE,Harapan Duta Pertiwi Tbk.,206.0,208.0,208.0,199.0,206.0,0.0,16720400.0,3399815600.0,907.0,2304300.0,2904800.0
HOTL,Saraswati Griya Lestari Tbk.,50.0,0.0,0.0,0.0,50.0,0.0,0.0,0.0,0.0,0.0,0.0
HRME,Menteng Heritage Realty Tbk.,45.0,0.0,45.0,43.0,43.0,-2.0,1107300.0,48923700.0,62.0,0.0,0.0
HRTA,Hartadinata Abadi Tbk.,2120.0,2120.0,2180.0,2110.0,2150.0,30.0,4255900.0,9138774000.0,2665.0,2032700.0,1299800.0
HRUM,Harum Energy Tbk.,920.0,920.0,925.0,900.0,900.0,-20.0,6415800.0,5822481500.0,1460.0,1640800.0,2756300.0
HUMI,Humpuss Maritim Internasional Tbk.,133.0,136.0,136.0,130.0,133.0,0.0,13830900.0,1833377800.0,1312.0,2698800.0,2236700.0
HYGN,Ecocare Indo Pasifik Tbk.,196.0,196.0,197.0,187.0,188.0,-8.0,2767100.0,533493400.0,320.0,1500.0,291800.0
IATA,Karya Pacific Energy Tbk.,123.0,124.0,127.0,120.0,122.0,-1.0,374984300.0,46120874800.0,10135.0,29672100.0,117341000.0
IBFN,Intan Baru Prana Tbk.,63.0,0.0,0.0,0.0,63.0,0.0,0.0,0.0,0.0,0.0,0.0
IBOS,Indo Boga Sukses Tbk.,92.0,0.0,94.0,90.0,92.0,0.0,2277300.0,208723300.0,283.0,10000.0,109600.0
IBST,Inti Bangun Sejahtera Tbk.,8475.0,0.0,0.0,0.0,8475.0,0.0,0.0,0.0,0.0,0.0,0.0
ICBP,Indofood CBP Sukses Makmur Tbk.,7125.0,7150.0,7150.0,6850.0,6900.0,-225.0,10118100.0,70366435000.0,6895.0,2264200.0,3185100.0
ICON,Island Concepts Indonesia Tbk.,143.0,143.0,152.0,143.0,144.0,1.0,23955900.0,3534457700.0,2640.0,5490100.0,2544700.0
IDEA,Idea Indonesia Akademi Tbk.,85.0,0.0,93.0,80.0,93.0,8.0,36572700.0,3310085700.0,1331.0,0.0,0.0
IDPR,Indonesia Pondasi Raya Tbk.,284.0,284.0,298.0,274.0,284.0,0.0,37200.0,10509800.0,77.0,0.0,0.0
IFII,Indonesia Fibreboard Industry Tbk.,204.0,212.0,240.0,208.0,210.0,6.0,4898500.0,1087527200.0,1433.0,170300.0,158800.0
IFSH,Ifishdeco Tbk.,1070.0,0.0,1030.0,1000.0,1000.0,-70.0,19200.0,19484000.0,26.0,0.0,0.0
IGAR,Champion Pacific Indonesia Tbk.,468.0,0.0,476.0,468.0,468.0,0.0,8300.0,3885800.0,16.0,0.0,0.0
IIKP,Inti Agri Resources Tbk,50.0,0.0,0.0,0.0,50.0,0.0,0.0,0.0,0.0,0.0,0.0
IKAI,Intikeramik Alamasri Industri Tbk.,21.0,0.0,21.0,21.0,21.0,0.0,10622800.0,223078800.0,324.0,0.0,0.0
IKAN,Era Mandiri Cemerlang Tbk.,86.0,87.0,92.0,86.0,88.0,2.0,9410100.0,839598600.0,1095.0,1712200.0,641500.0
IKBI,Sumi Indo Kabel Tbk.,550.0,555.0,635.0,550.0,580.0,30.0,3004900.0,1784961000.0,2098.0,103300.0,103300.0
IKPM,Ikapharmindo Putramas Tbk.,184.0,187.0,187.0,180.0,180.0,-4.0,148800.0,27085400.0,193.0,0.0,0.0
IMAS,Indomobil Sukses Internasional Tbk.,880.0,895.0,910.0,880.0,895.0,15.0,348200.0,312444500.0,63.0,53300.0,260800.0
IMJS,Indomobil Multi Jasa Tbk.,186.0,186.0,192.0,180.0,188.0,2.0,4129500.0,770023800.0,537.0,131000.0,551400.0
IMPC,Impack Pratama Industri Tbk.,1725.0,1725.0,1745.0,1625.0,1625.0,-100.0,21373400.0,35642471500.0,4531.0,3794100.0,11119600.0
INAF,Indofarma Tbk.,126.0,0.0,0.0,0.0,126.0,0.0,0.0,0.0,0.0,0.0,0.0
INAI,Indal Aluminium Industry Tbk.,174.0,175.0,178.0,172.0,174.0,0.0,2123800.0,370790400.0,401.0,100000.0,0.0
INCF,Indo Komoditi Korpora Tbk.,50.0,0.0,0.0,0.0,50.0,0.0,0.0,0.0,0.0,0.0,0.0
INCI,Intanwijaya Internasional Tbk,775.0,775.0,815.0,765.0,810.0,35.0,198600.0,159042500.0,145.0,0.0,0.0
INCO,Vale Indonesia Tbk.,4690.0,4700.0,4710.0,4630.0,4640.0,-50.0,12017400.0,56070986000.0,5875.0,2961600.0,2608200.0
INDF,Indofood Sukses Makmur Tbk.,7250.0,7350.0,7350.0,7250.0,7275.0,25.0,2381300.0,17336682500.0,1906.0,1438500.0,1750600.0
INDO,Royalindo Investa Wijaya Tbk.,186.0,186.0,187.0,184.0,186.0,0.0,16934000.0,3135830000.0,838.0,4631300.0,2340800.0
INDR,Indo-Rama Synthetics Tbk.,2950.0,0.0,2950.0,2860.0,2940.0,-10.0,17900.0,52420000.0,21.0,800.0,3100.0
INDS,Indospring Tbk.,258.0,256.0,262.0,252.0,254.0,-4.0,1318000.0,337230200.0,435.0,0.0,504000.0
INDX,Tanah Laut Tbk,60.0,0.0,0.0,0.0,60.0,0.0,0.0,0.0,0.0,0.0,0.0
INDY,Indika Energy Tbk.,2790.0,2790.0,2810.0,2740.0,2740.0,-50.0,10372200.0,28682455000.0,3252.0,1260400.0,3518300.0
INET,Sinergi Inti Andalan Prima Tbk.,332.0,332.0,334.0,320.0,322.0,-10.0,214204100.0,69914674600.0,13590.0,39999000.0,52511400.0
INKP,Indah Kiat Pulp & Paper Tbk.,8825.0,8875.0,8875.0,8675.0,8675.0,-150.0,3803000.0,33190332500.0,2804.0,2187300.0,2660600.0
INOV,Inocycle Technology Group Tbk.,138.0,0.0,139.0,137.0,138.0,0.0,580100.0,79670800.0,115.0,400.0,0.0
INPC,Bank Artha Graha Internasional Tbk.,157.0,156.0,161.0,154.0,156.0,-1.0,5641400.0,885292500.0,510.0,198000.0,1885000.0
INPP,Indonesian Paradise Property Tbk.,750.0,0.0,750.0,730.0,750.0,0.0,38000.0,28037500.0,44.0,0.0,900.0
INPS,Indah Prakasa Sentosa Tbk.,805.0,0.0,885.0,805.0,885.0,80.0,485300.0,422011500.0,91.0,0.0,0.0
INRU,Toba Pulp Lestari Tbk.,590.0,0.0,0.0,0.0,590.0,0.0,0.0,0.0,0.0,0.0,0.0
INTA,Intraco Penta Tbk.,61.0,0.0,0.0,0.0,61.0,0.0,0.0,0.0,0.0,0.0,0.0
INTD,Inter Delta Tbk,292.0,290.0,320.0,264.0,320.0,28.0,6043100.0,1779642600.0,1907.0,0.0,0.0
INTP,Indocement Tunggal Prakarsa Tbk.,5100.0,5125.0,5275.0,5125.0,5225.0,125.0,712000.0,3703102500.0,602.0,371200.0,450100.0
IOTF,Sumber Sinergi Makmur Tbk.,65.0,65.0,66.0,63.0,64.0,-1.0,15069400.0,966787700.0,1077.0,854400.0,1237100.0
IPAC,Era Graharealty Tbk.,189.0,0.0,0.0,0.0,189.0,0.0,0.0,0.0,0.0,0.0,0.0
IPCC,Indonesia Kendaraan Terminal Tbk.,1125.0,1125.0,1125.0,1110.0,1120.0,-5.0,632400.0,706931500.0,432.0,34100.0,18600.0
IPCM,Jasa Armada Indonesia Tbk.,292.0,292.0,292.0,290.0,290.0,-2.0,375300.0,109004000.0,228.0,2500.0,2000.0
IPOL,Indopoly Swakarsa Industry Tbk.,117.0,117.0,118.0,115.0,115.0,-2.0,1127800.0,130826100.0,97.0,25600.0,0.0
IPPE,Indo Pureco Pratama Tbk.,14.0,0.0,0.0,0.0,14.0,0.0,0.0,0.0,0.0,0.0,0.0
IPTV,MNC Vision Networks Tbk.,31.0,0.0,32.0,31.0,31.0,0.0,1688100.0,53032000.0,71.0,0.0,0.0
IRRA,Itama Ranoraya Tbk.,370.0,368.0,382.0,368.0,370.0,0.0,297100.0,110288200.0,120.0,700.0,14600.0
IRSX,Folago Global Nusantara Tbk.,404.0,410.0,416.0,396.0,400.0,-4.0,25562700.0,10393808000.0,2008.0,6422200.0,1315400.0
ISAP,Isra Presisi Indonesia Tbk.,25.0,0.0,25.0,23.0,24.0,-1.0,144150300.0,3414872900.0,4156.0,6000000.0,0.0
ISAT,Indosat Tbk.,2380.0,2390.0,2420.0,2350.0,2390.0,10.0,40947000.0,97710060000.0,8175.0,25058200.0,21423800.0
ISEA,Indo American Seafoods Tbk.,87.0,87.0,89.0,86.0,89.0,2.0,2374700.0,208722200.0,326.0,71200.0,59600.0
ISSP,Steel Pipe Industry of Indonesia Tbk.,440.0,446.0,458.0,430.0,438.0,-2.0,844400.0,373039200.0,260.0,2600.0,29600.0
ITIC,Indonesian Tobacco Tbk.,220.0,220.0,224.0,214.0,216.0,-4.0,312700.0,68072200.0,297.0,126800.0,4700.0
ITMA,Sumber Energi Andalan Tbk.,1495.0,0.0,1630.0,1460.0,1470.0,-25.0,116400.0,176081000.0,245.0,18500.0,16300.0
ITMG,Indo Tambangraya Megah Tbk.,26150.0,26350.0,26375.0,26125.0,26175.0,25.0,1177100.0,30938237500.0,1775.0,482900.0,635100.0
JARR,Jhonlin Agro Raya Tbk.,3830.0,3850.0,4050.0,3750.0,3890.0,60.0,34680500.0,136734421000.0,10667.0,7630100.0,4819900.0
JAST,Jasnita Telekomindo Tbk.,91.0,91.0,93.0,87.0,90.0,-1.0,17540100.0,1571749600.0,1401.0,1778400.0,767200.0
JATI,Informasi Teknologi Indonesia Tbk.,124.0,125.0,125.0,116.0,118.0,-6.0,45385500.0,5449565700.0,2632.0,7011600.0,3509000.0
JAWA,Jaya Agra Wattie Tbk.,148.0,148.0,156.0,144.0,149.0,1.0,5548800.0,840704900.0,774.0,296900.0,610100.0
JAYA,Armada Berjaya Trans Tbk.,150.0,150.0,155.0,148.0,152.0,2.0,2261500.0,343026100.0,525.0,138100.0,103500.0
JECC,Jembo Cable Company Tbk.,850.0,860.0,1030.0,860.0,985.0,135.0,1715600.0,1670462500.0,1654.0,103600.0,85000.0
JECX,Nitrasanata Dharma Tbk.,1300.0,1300.0,1325.0,1275.0,1320.0,20.0,1419800.0,1847728500.0,809.0,56700.0,705500.0
JELI,Niramas Utama Tbk.,482.0,482.0,498.0,482.0,486.0,4.0,2863600.0,1402948000.0,1465.0,160700.0,765400.0
JGLE,Graha Andrasentra Propertindo Tbk.,74.0,75.0,81.0,74.0,76.0,2.0,508220400.0,39242989000.0,14315.0,25821100.0,147566400.0
JIHD,Jakarta International Hotels & Development Tbk.,440.0,0.0,448.0,422.0,434.0,-6.0,583000.0,251018000.0,159.0,19200.0,100.0
JKON,Jaya Konstruksi Manggala Pratama Tbk.,85.0,86.0,86.0,84.0,85.0,0.0,5260200.0,447564300.0,349.0,781000.0,1421100.0
JMAS,Asuransi Jiwa Syariah Jasa Mitra Abadi Tbk.,228.0,0.0,0.0,0.0,228.0,0.0,0.0,0.0,0.0,0.0,0.0
JPFA,Japfa Comfeed Indonesia Tbk.,2270.0,2270.0,2320.0,2220.0,2270.0,0.0,13510200.0,30755570000.0,3341.0,3956100.0,6434000.0
JRPT,Jaya Real Property Tbk.,1110.0,0.0,1120.0,1115.0,1120.0,10.0,246700.0,276093000.0,19.0,0.0,239800.0
JSKY,Sky Energy Indonesia Tbk.,52.0,0.0,0.0,0.0,52.0,0.0,0.0,0.0,0.0,0.0,0.0
JSMR,Jasa Marga (Persero) Tbk.,2920.0,2920.0,2940.0,2850.0,2870.0,-50.0,3951700.0,11343591000.0,1806.0,684400.0,729400.0
JSPT,Jakarta Setiabudi Internasional Tbk.,1485.0,1485.0,1500.0,1415.0,1470.0,-15.0,56700.0,82106000.0,67.0,900.0,0.0
JTPE,Jasuindo Tiga Perkasa Tbk.,590.0,590.0,615.0,590.0,600.0,10.0,2400600.0,1447735000.0,373.0,192600.0,725400.0
KAEF,Kimia Farma (Persero) Tbk.,440.0,442.0,444.0,434.0,440.0,0.0,922800.0,405919200.0,292.0,2500.0,109100.0
KAQI,Jantra Grupo Indonesia Tbk.,94.0,94.0,95.0,92.0,93.0,-1.0,17269000.0,1610339500.0,923.0,2789900.0,734900.0
KARW,Meratus Jasa Prima Tbk.,212.0,0.0,0.0,0.0,212.0,0.0,0.0,0.0,0.0,0.0,0.0
KAYU,Darmi Bersaudara Tbk.,18.0,0.0,0.0,0.0,18.0,0.0,0.0,0.0,0.0,0.0,0.0
KBAG,Karya Bersama Anugerah Tbk.,44.0,0.0,43.0,41.0,42.0,-2.0,9560400.0,397507200.0,280.0,0.0,0.0
KBLI,KMI Wire & Cable Tbk.,350.0,350.0,426.0,338.0,390.0,40.0,20471600.0,7911793800.0,5132.0,1246900.0,2160600.0
KBLM,Kabelindo Murni Tbk.,356.0,358.0,414.0,352.0,390.0,34.0,11570400.0,4486785400.0,3290.0,257400.0,564700.0
KBLV,First Media Tbk.,125.0,125.0,133.0,124.0,126.0,1.0,11443200.0,1472529800.0,933.0,934800.0,4559800.0
KBRI,Kertas Basuki Rachmat Indonesia Tbk.,50.0,0.0,0.0,0.0,50.0,0.0,0.0,0.0,0.0,0.0,0.0
KDSI,Kedawung Setia Industrial Tbk.,468.0,0.0,468.0,466.0,468.0,0.0,5800.0,2713400.0,8.0,0.0,400.0
KDTN,Puri Sentul Permai Tbk.,398.0,400.0,404.0,386.0,392.0,-6.0,1421300.0,563914800.0,372.0,470200.0,277600.0
KEEN,Kencana Energi Lestari Tbk.,910.0,910.0,925.0,900.0,915.0,5.0,5975600.0,5433007500.0,858.0,944500.0,1347200.0
KEJU,Mulia Boga Raya Tbk.,600.0,0.0,610.0,590.0,595.0,-5.0,74700.0,44794000.0,51.0,0.0,400.0
KETR,Ketrosden Triasmitra Tbk.,905.0,905.0,920.0,880.0,905.0,0.0,19348600.0,17472195000.0,2337.0,6225400.0,4578200.0
KIAS,Keramika Indonesia Assosiasi Tbk.,21.0,0.0,0.0,0.0,21.0,0.0,0.0,0.0,0.0,0.0,0.0
KICI,Kedaung Indah Can Tbk,274.0,276.0,282.0,270.0,274.0,0.0,1273100.0,347598400.0,160.0,407900.0,43300.0
KIJA,Kawasan Industri Jababeka Tbk.,192.0,192.0,194.0,185.0,185.0,-7.0,116675800.0,21932809900.0,7740.0,6392100.0,34777900.0
KING,Hoffmen Cleanindo Tbk.,368.0,0.0,388.0,358.0,382.0,14.0,927500.0,346623000.0,354.0,120100.0,32100.0
KINO,Kino Indonesia Tbk.,1395.0,0.0,1410.0,1395.0,1395.0,0.0,8400.0,11723500.0,16.0,0.0,0.0
KIOS,Kioson Komersial Indonesia Tbk.,98.0,98.0,100.0,96.0,100.0,2.0,9251600.0,906386000.0,711.0,463700.0,411000.0
KJEN,Krida Jaringan Nusantara Tbk.,161.0,161.0,197.0,155.0,170.0,9.0,231283800.0,41700415900.0,18705.0,3409000.0,3559700.0
KKES,Kusuma Kemindo Sentosa Tbk.,87.0,86.0,93.0,83.0,91.0,4.0,58857800.0,5242893900.0,3527.0,699800.0,364500.0
KKGI,Resource Alam Indonesia Tbk.,304.0,308.0,322.0,304.0,316.0,12.0,8490200.0,2662916000.0,1451.0,720400.0,286800.0
KLAS,Pelayaran Kurnia Lautan Semesta Tbk.,83.0,83.0,86.0,81.0,82.0,-1.0,6327600.0,526511700.0,534.0,67800.0,300500.0
KLBF,Kalbe Farma Tbk.,735.0,740.0,780.0,730.0,770.0,35.0,123325000.0,92932345500.0,7225.0,59909000.0,65761400.0
KLIN,Klinko Karya Imaji Tbk.,124.0,0.0,127.0,120.0,123.0,-1.0,90500.0,11277200.0,48.0,0.0,0.0
KMDS,Kurniamitra Duta Sentosa Tbk.,525.0,525.0,525.0,520.0,525.0,0.0,64600.0,33788000.0,32.0,0.0,0.0
KMTR,Kirana Megatara Tbk.,256.0,0.0,256.0,250.0,252.0,-4.0,16400.0,4145000.0,19.0,0.0,2100.0
KOBX,Kobexindo Tractors Tbk.,179.0,179.0,182.0,177.0,177.0,-2.0,1270100.0,227166900.0,226.0,0.0,69000.0
KOCI,Kokoh Exa Nusantara Tbk.,125.0,129.0,136.0,124.0,126.0,1.0,43379300.0,5657649400.0,3418.0,4425800.0,6484700.0
KOIN,Kokoh Inti Arebama Tbk,78.0,0.0,0.0,0.0,78.0,0.0,0.0,0.0,0.0,0.0,0.0
KOKA,Koka Indonesia Tbk.,191.0,193.0,197.0,188.0,189.0,-2.0,12806800.0,2449430300.0,1888.0,897200.0,1598700.0
KONI,Perdana Bangun Pusaka Tbk,2070.0,0.0,2170.0,2020.0,2040.0,-30.0,17300.0,35402000.0,70.0,0.0,0.0
KOPI,Mitra Energi Persada Tbk.,200.0,200.0,204.0,198.0,202.0,2.0,522100.0,104182400.0,190.0,0.0,0.0
KOTA,DMS Propertindo Tbk.,193.0,194.0,210.0,191.0,204.0,11.0,413987300.0,83626331600.0,23004.0,72335400.0,86101600.0
KPIG,MNC Tourism Indonesia Tbk.,81.0,81.0,83.0,76.0,76.0,-5.0,480237400.0,38229549300.0,11028.0,23217800.0,143783400.0
KRAS,Krakatau Steel (Persero) Tbk.,234.0,234.0,234.0,228.0,230.0,-4.0,1431800.0,331129000.0,314.0,31100.0,408100.0
KREN,Quantum Clovera Investama Tbk.,15.0,0.0,16.0,15.0,16.0,1.0,20285100.0,317111400.0,333.0,0.0,0.0
KRYA,Bangun Karya Perkasa Jaya Tbk.,67.0,68.0,71.0,67.0,68.0,1.0,40339100.0,2785901200.0,1604.0,3563000.0,3886000.0
KSIX,Kentanix Supra International Tbk.,408.0,0.0,412.0,404.0,406.0,-2.0,796500.0,327587000.0,58.0,8400.0,0.0
KUAS,Ace Oldfields Tbk.,99.0,99.0,103.0,97.0,100.0,1.0,15694300.0,1567676600.0,1246.0,2391600.0,1203100.0
LABA,Green Power Group Tbk.,125.0,126.0,136.0,123.0,129.0,4.0,51847200.0,6756350400.0,4454.0,957500.0,525000.0
LABS,UBC Medical Indonesia Tbk.,166.0,166.0,172.0,165.0,170.0,4.0,1149400.0,193915800.0,223.0,1400.0,6700.0
LAJU,Jasa Berdikari Logistics Tbk.,69.0,70.0,74.0,69.0,70.0,1.0,27185500.0,1951285100.0,1663.0,292100.0,1744600.0
LAND,Trimitra Propertindo Tbk.,72.0,72.0,74.0,71.0,72.0,0.0,11120600.0,803892600.0,651.0,2113500.0,116200.0
LAPD,Leyand International Tbk.,93.0,102.0,105.0,83.0,84.0,-9.0,1383087700.0,132742122000.0,58344.0,55217000.0,55494300.0
LCGP,Eureka Prima Jakarta Tbk.,114.0,0.0,0.0,0.0,114.0,0.0,0.0,0.0,0.0,0.0,0.0
LCKM,LCK Global Kedaton Tbk.,109.0,0.0,0.0,0.0,109.0,0.0,0.0,0.0,0.0,0.0,0.0
LEAD,Logindo Samudramakmur Tbk.,110.0,111.0,112.0,107.0,107.0,-3.0,24561200.0,2674576400.0,810.0,6197100.0,1577600.0
LFLO,Imago Mulia Persada Tbk.,530.0,0.0,535.0,510.0,535.0,5.0,13000.0,6801500.0,28.0,1400.0,800.0
LIFE,MSIG Life Insurance Indonesia Tbk.,12725.0,0.0,0.0,0.0,12725.0,0.0,0.0,0.0,0.0,0.0,0.0
LINK,Link Net Tbk.,1655.0,1655.0,1765.0,1620.0,1640.0,-15.0,32800.0,55042000.0,97.0,0.0,2600.0
LION,Lion Metal Works Tbk.,366.0,366.0,374.0,366.0,368.0,2.0,10800.0,4010400.0,24.0,0.0,0.0
LIVE,Homeco Victoria Makmur Tbk.,189.0,191.0,192.0,181.0,186.0,-3.0,3414100.0,634949200.0,555.0,208500.0,122900.0
LMAS,Limas Indonesia Makmur Tbk,50.0,0.0,0.0,0.0,50.0,0.0,0.0,0.0,0.0,0.0,0.0
LMAX,Lupromax Pelumas Indonesia Tbk.,105.0,0.0,111.0,105.0,109.0,4.0,297800.0,32165000.0,123.0,0.0,0.0
LMPI,Langgeng Makmur Industri Tbk.,159.0,0.0,162.0,158.0,161.0,2.0,66100.0,10553000.0,35.0,0.0,0.0
LMSH,Lionmesh Prima Tbk.,256.0,0.0,0.0,0.0,256.0,0.0,0.0,0.0,0.0,0.0,0.0
LOPI,Logisticsplus International Tbk.,61.0,0.0,64.0,60.0,62.0,1.0,5331400.0,330352800.0,462.0,24100.0,22600.0
LPCK,Lippo Cikarang Tbk,585.0,585.0,600.0,585.0,600.0,15.0,178500.0,106378500.0,76.0,300.0,500.0
LPGI,Lippo General Insurance Tbk.,645.0,0.0,0.0,0.0,645.0,0.0,0.0,0.0,0.0,0.0,0.0
LPIN,Multi Prima Sejahtera Tbk,430.0,0.0,434.0,430.0,432.0,2.0,91900.0,39689800.0,59.0,0.0,0.0
LPKR,Lippo Karawaci Tbk.,61.0,61.0,61.0,59.0,59.0,-2.0,172301800.0,10344647600.0,2497.0,14540100.0,35219100.0
LPLI,Star Pacific Tbk,232.0,232.0,234.0,226.0,232.0,0.0,273200.0,62970600.0,230.0,40900.0,141000.0
LPPF,MDS Retailing Tbk.,1620.0,1620.0,1625.0,1610.0,1620.0,0.0,532900.0,861507500.0,600.0,55900.0,281500.0
LPPS,Lenox Pasifik Investama Tbk.,81.0,81.0,82.0,80.0,81.0,0.0,1049500.0,84641300.0,164.0,137300.0,0.0
LRNA,Eka Sari Lorena Transport Tbk.,208.0,0.0,222.0,202.0,220.0,12.0,1824900.0,393653200.0,719.0,0.0,0.0
LSIP,PP London Sumatra Indonesia Tbk.,1705.0,1720.0,1720.0,1685.0,1685.0,-20.0,6730100.0,11430211000.0,2811.0,3598100.0,4431700.0
LTLS,Lautan Luas Tbk.,1050.0,1050.0,1080.0,1005.0,1030.0,-20.0,274800.0,283998500.0,251.0,21000.0,14100.0
LUCK,Sentral Mitra Informatika Tbk.,116.0,117.0,122.0,114.0,118.0,2.0,7520400.0,893497900.0,432.0,760000.0,0.0
LUCY,Lima Dua Lima Tiga Tbk.,350.0,0.0,358.0,316.0,334.0,-16.0,167892400.0,55764150600.0,13181.0,36268200.0,18617100.0
MABA,Marga Abhinaya Abadi Tbk.,50.0,0.0,0.0,0.0,50.0,0.0,0.0,0.0,0.0,0.0,0.0
MAGP,Multi Agro Gemilang Plantation Tbk.,50.0,0.0,0.0,0.0,50.0,0.0,0.0,0.0,0.0,0.0,0.0
MAHA,Mandiri Herindo Adiperkasa Tbk.,144.0,144.0,145.0,142.0,144.0,0.0,2431900.0,349033400.0,475.0,12500.0,197700.0
MAIN,Malindo Feedmill Tbk.,670.0,670.0,670.0,660.0,660.0,-10.0,892100.0,591873500.0,385.0,17800.0,247900.0
MANG,Manggung Polahraya Tbk.,38.0,0.0,39.0,38.0,38.0,0.0,6320800.0,240982500.0,299.0,0.0,0.0
MAPA,Map Aktif Adiperkasa Tbk.,650.0,660.0,670.0,645.0,645.0,-5.0,9387600.0,6163668500.0,1477.0,4354000.0,7948800.0
MAPB,MAP Boga Adiperkasa Tbk.,1260.0,0.0,1225.0,1220.0,1220.0,-40.0,600.0,734500.0,2.0,0.0,0.0
MAPI,Mitra Adiperkasa Tbk.,1325.0,1330.0,1440.0,1330.0,1385.0,60.0,17814200.0,24965457000.0,4277.0,10474800.0,9643800.0
MARI,Mahaka Radio Integra Tbk.,23.0,0.0,0.0,0.0,23.0,0.0,0.0,0.0,0.0,0.0,0.0
MARK,Mark Dynamics Indonesia Tbk.,1110.0,1105.0,1160.0,1105.0,1155.0,45.0,22234300.0,25293582000.0,2376.0,6388900.0,5845900.0
MASB,Bank Multiarta Sentosa Tbk.,3340.0,0.0,3270.0,3100.0,3190.0,-150.0,7800.0,24621000.0,44.0,0.0,0.0
MAXI,Maxindo Karya Anugerah Tbk.,50.0,0.0,50.0,50.0,50.0,0.0,823000.0,41150000.0,13.0,0.0,0.0
MAYA,Bank Mayapada Internasional Tbk.,197.0,197.0,199.0,196.0,197.0,0.0,77300.0,15187900.0,77.0,5500.0,4200.0
MBAP,Mitrabara Adiperdana Tbk.,1675.0,1675.0,1730.0,1670.0,1695.0,20.0,46100.0,78175500.0,101.0,4100.0,0.0
MBMA,Merdeka Battery Materials Tbk.,505.0,505.0,510.0,496.0,496.0,-9.0,64350000.0,32178657600.0,7549.0,10064300.0,17766600.0
MBSS,Mitrabahtera Segara Sejati Tbk.,2890.0,2890.0,2890.0,2880.0,2890.0,0.0,314200.0,905573000.0,130.0,1100.0,9100.0
MBTO,Martina Berto Tbk.,155.0,154.0,157.0,150.0,151.0,-4.0,7134100.0,1088704400.0,725.0,491300.0,100.0
MCAS,M Cash Integrasi Tbk.,264.0,0.0,272.0,256.0,262.0,-2.0,584600.0,155280600.0,189.0,800.0,26000.0
MCOL,Prima Andalan Mandiri Tbk.,3610.0,3730.0,3730.0,3610.0,3620.0,10.0,29900.0,108768000.0,48.0,4600.0,23300.0
MCOR,Bank China Construction Bank Indonesia Tbk.,69.0,69.0,70.0,69.0,70.0,1.0,2298500.0,159752200.0,205.0,1600.0,39100.0
MDIA,Intermedia Capital Tbk.,200.0,200.0,218.0,197.0,214.0,14.0,313626800.0,65636928600.0,12354.0,87111200.0,37303000.0
MDIY,Daya Intiguna Yasa Tbk.,945.0,950.0,960.0,935.0,950.0,5.0,680800.0,646780500.0,332.0,663100.0,667200.0
MDKA,Merdeka Copper Gold Tbk.,2880.0,2880.0,2900.0,2810.0,2810.0,-70.0,23912200.0,68072242000.0,9629.0,5111200.0,8708200.0
MDKI,Emdeki Utama Tbk.,194.0,196.0,197.0,192.0,195.0,1.0,221300.0,43091700.0,90.0,3800.0,9000.0
MDLA,Medela Potentia Tbk.,206.0,208.0,208.0,204.0,206.0,0.0,1426400.0,294199600.0,241.0,24500.0,2000.0
MDLN,Modernland Realty Tbk.,50.0,50.0,50.0,50.0,50.0,0.0,167200.0,8360000.0,25.0,400.0,0.0
MDRN,Modern Internasional Tbk.,26.0,0.0,0.0,0.0,26.0,0.0,0.0,0.0,0.0,0.0,0.0
MEDC,Medco Energi Internasional Tbk.,1575.0,1585.0,1600.0,1555.0,1565.0,-10.0,28192700.0,44538814500.0,6444.0,5334200.0,10537200.0
MEDS,Hetzer Medical Indonesia Tbk.,82.0,83.0,86.0,81.0,82.0,0.0,53134700.0,4410775000.0,4478.0,3076400.0,1289300.0
MEGA,Bank Mega Tbk.,1945.0,0.0,1955.0,1900.0,1955.0,10.0,40100.0,77336500.0,84.0,1000.0,3300.0
MEJA,Harta Djaya Karya Tbk.,117.0,0.0,119.0,113.0,114.0,-3.0,22183400.0,2555241700.0,1198.0,5495400.0,1902300.0
MENN,Menn Teknologi Indonesia Tbk.,53.0,0.0,0.0,0.0,53.0,0.0,0.0,0.0,0.0,0.0,0.0
MERI,Merry Riana Edukasi Tbk.,117.0,118.0,132.0,118.0,121.0,4.0,28216500.0,3533353500.0,3555.0,176100.0,792200.0
MERK,Merck Tbk.,3910.0,3910.0,3930.0,3870.0,3930.0,20.0,12400.0,48428000.0,29.0,0.0,0.0
META,Nusantara Infrastructure Tbk.,238.0,0.0,0.0,0.0,238.0,0.0,0.0,0.0,0.0,0.0,0.0
MFMI,Multifiling Mitra Indonesia Tbk.,1300.0,0.0,0.0,0.0,1300.0,0.0,0.0,0.0,0.0,0.0,0.0
MGLV,NexAI Digital Infrastruktur Tbk.,14650.0,0.0,15450.0,14425.0,14600.0,-50.0,546500.0,8091272500.0,944.0,231200.0,160100.0
MGNA,Magna Investama Mandiri Tbk.,140.0,145.0,162.0,141.0,148.0,8.0,24047000.0,3683236500.0,3537.0,2014800.0,3703400.0
MGRO,Mahkota Group Tbk.,685.0,0.0,695.0,680.0,685.0,0.0,7357800.0,5055824000.0,236.0,2031200.0,741700.0
MHKI,Multi Hanna Kreasindo Tbk.,129.0,129.0,133.0,129.0,132.0,3.0,2081100.0,271635800.0,416.0,17500.0,19600.0
MICE,Multi Indocitra Tbk.,545.0,0.0,545.0,535.0,545.0,0.0,1200.0,649000.0,6.0,0.0,0.0
MIDI,Midi Utama Indonesia Tbk.,266.0,266.0,272.0,266.0,272.0,6.0,22958600.0,6182180200.0,659.0,13389900.0,11371400.0
MIKA,Mitra Keluarga Karyasehat Tbk.,1860.0,1855.0,1855.0,1780.0,1810.0,-50.0,1620000.0,2943112500.0,1139.0,163100.0,228700.0
MINA,Sanurhasta Mitra Tbk.,268.0,270.0,270.0,262.0,264.0,-4.0,19777700.0,5246527400.0,2235.0,970900.0,1481700.0
MINE,Sinar Terang Mandiri Tbk.,286.0,290.0,320.0,282.0,304.0,18.0,10601600.0,3200229000.0,2556.0,1182900.0,1865700.0
MIRA,Mitra International Resources Tbk.,25.0,0.0,25.0,23.0,24.0,-1.0,5002400.0,118739900.0,415.0,0.0,0.0
MITI,Mitra Investindo Tbk.,264.0,264.0,264.0,246.0,256.0,-8.0,8335900.0,2096920400.0,2818.0,866200.0,494800.0
MKAP,Multikarya Asia Pasifik Raya Tbk.,1135.0,1135.0,1135.0,1120.0,1130.0,-5.0,2085600.0,2346651000.0,346.0,1600.0,0.0
MKNT,Mitra Komunikasi Nusantara Tbk.,1.0,0.0,0.0,0.0,1.0,0.0,0.0,0.0,0.0,0.0,0.0
MKPI,Metropolitan Kentjana Tbk.,21750.0,0.0,21850.0,21700.0,21800.0,50.0,41100.0,894195000.0,120.0,200.0,40900.0
MKTR,Menthobi Karyatama Raya Tbk.,123.0,123.0,124.0,122.0,124.0,1.0,1059300.0,130887100.0,129.0,64800.0,0.0
MLBI,Multi Bintang Indonesia Tbk.,6875.0,6900.0,6900.0,6800.0,6800.0,-75.0,10100.0,69097500.0,25.0,700.0,6200.0
MLIA,Mulia Industrindo Tbk,218.0,0.0,218.0,212.0,214.0,-4.0,228700.0,48905200.0,65.0,69000.0,5400.0
MLPL,Multipolar Tbk.,89.0,89.0,91.0,88.0,89.0,0.0,12427400.0,1106338300.0,523.0,240700.0,1296100.0
MLPT,Multipolar Technology Tbk.,1150.0,1150.0,1175.0,1125.0,1135.0,-15.0,954600.0,1096178500.0,706.0,274100.0,223200.0
MMIX,Multi Medika Internasional Tbk.,855.0,855.0,870.0,850.0,860.0,5.0,25861100.0,22161097500.0,1333.0,5815900.0,1772900.0
MMLP,Mega Manunggal Property Tbk.,300.0,304.0,306.0,302.0,304.0,4.0,609200.0,184563600.0,95.0,1200.0,49200.0
MNCN,Media Nusantara Citra Tbk.,200.0,202.0,214.0,200.0,202.0,2.0,125417900.0,25771627200.0,4319.0,35153300.0,37472600.0
MOLI,Madusari Murni Indah Tbk.,314.0,318.0,326.0,312.0,326.0,12.0,5898400.0,1886700200.0,695.0,1286200.0,131500.0
MORA,Ekamas Mora Republik Tbk.,5050.0,0.0,5175.0,5050.0,5100.0,50.0,75800.0,388355000.0,162.0,3000.0,35000.0
MPIX,Mitra Pedagang Indonesia Tbk.,160.0,164.0,195.0,156.0,187.0,27.0,199756300.0,35729450300.0,19959.0,27946700.0,22507600.0
MPMX,Mitra Pinasthika Mustika Tbk.,1025.0,1030.0,1035.0,1015.0,1020.0,-5.0,2565500.0,2621225000.0,904.0,513000.0,365800.0
MPOW,Megapower Makmur Tbk.,112.0,112.0,122.0,111.0,115.0,3.0,21298600.0,2494147300.0,2020.0,685600.0,512100.0
MPPA,Matahari Putra Prima Tbk.,41.0,0.0,41.0,40.0,41.0,0.0,9843100.0,394074500.0,360.0,0.0,0.0
MPRO,Maha Properti Indonesia Tbk.,12100.0,0.0,0.0,0.0,12100.0,0.0,0.0,0.0,0.0,0.0,0.0
MPXL,MPX Logistics International Tbk.,171.0,173.0,173.0,166.0,169.0,-2.0,492400.0,82632700.0,184.0,76000.0,96600.0
MRAT,Mustika Ratu Tbk.,392.0,0.0,392.0,384.0,386.0,-6.0,44000.0,17005400.0,36.0,0.0,0.0
MREI,Maskapai Reasuransi Indonesia Tbk.,920.0,0.0,0.0,0.0,920.0,0.0,0.0,0.0,0.0,0.0,0.0
MSIE,Multisarana Intan Eduka Tbk.,159.0,0.0,174.0,154.0,173.0,14.0,13172100.0,2221995900.0,1306.0,3271500.0,728900.0
MSIN,MNC Digital Entertainment Tbk.,300.0,302.0,304.0,294.0,298.0,-2.0,35867900.0,10691618400.0,8916.0,18061200.0,24919000.0
MSJA,Multi Spunindo Jaya Tbk.,785.0,785.0,830.0,760.0,810.0,25.0,10764600.0,8514131000.0,778.0,1511200.0,2704800.0
MSKY,MNC Sky Vision Tbk.,73.0,74.0,76.0,71.0,72.0,-1.0,28017600.0,2048115000.0,1649.0,1832700.0,4735400.0
MSTI,Mastersystem Infotama Tbk.,1355.0,1355.0,1370.0,1335.0,1350.0,-5.0,818300.0,1105530500.0,510.0,53800.0,29300.0
MTDL,Metrodata Electronics Tbk.,510.0,510.0,515.0,505.0,510.0,0.0,1532500.0,779167000.0,360.0,9800.0,557800.0
MTEL,Dayamitra Telekomunikasi Tbk.,482.0,480.0,492.0,474.0,492.0,10.0,23673300.0,11522995800.0,2074.0,5239100.0,11497300.0
MTFN,Capitalinc Investment Tbk.,13.0,0.0,0.0,0.0,13.0,0.0,0.0,0.0,0.0,0.0,0.0
MTLA,Metropolitan Land Tbk.,530.0,0.0,525.0,515.0,525.0,-5.0,30800.0,15924500.0,18.0,0.0,0.0
MTMH,Murni Sadar Tbk.,930.0,0.0,995.0,930.0,945.0,15.0,37700.0,35299500.0,14.0,32600.0,0.0
MTPS,Meta Epsi Tbk.,81.0,0.0,0.0,0.0,81.0,0.0,0.0,0.0,0.0,0.0,0.0
MTRA,Mitra Pemuda Tbk.,244.0,0.0,0.0,0.0,244.0,0.0,0.0,0.0,0.0,0.0,0.0
MTSM,Metro Realty Tbk.,500.0,0.0,0.0,0.0,500.0,0.0,0.0,0.0,0.0,0.0,0.0
MTWI,Malacca Trust Wuwungan Insurance Tbk.,264.0,0.0,284.0,254.0,268.0,4.0,100700.0,26630200.0,82.0,0.0,2700.0
MUTU,Mutuagung Lestari Tbk.,131.0,132.0,133.0,125.0,129.0,-2.0,22532800.0,2892284300.0,1740.0,4470800.0,831700.0
MYOH,Samindo Resources Tbk.,1085.0,1090.0,1090.0,1060.0,1075.0,-10.0,112200.0,120349000.0,105.0,12100.0,33900.0
MYOR,Mayora Indah Tbk.,1500.0,1500.0,1510.0,1490.0,1495.0,-5.0,11332400.0,16962114500.0,3137.0,3138700.0,5462800.0
MYTX,Asia Pacific Investama Tbk.,41.0,0.0,0.0,0.0,41.0,0.0,0.0,0.0,0.0,0.0,0.0
NAIK,Adiwarna Anugerah Abadi Tbk.,92.0,92.0,93.0,91.0,93.0,1.0,1343800.0,123765800.0,247.0,4600.0,135800.0
NANO,Nanotech Indonesia Global Tbk.,36.0,0.0,36.0,33.0,34.0,-2.0,38134400.0,1302237300.0,981.0,719800.0,104400.0
NASA,Andalan Perkasa Abadi Tbk.,33.0,0.0,34.0,33.0,34.0,1.0,333700.0,11215200.0,50.0,0.0,0.0
NASI,Wahana Inti Makmur Tbk.,163.0,0.0,166.0,160.0,161.0,-2.0,6660600.0,1075904100.0,406.0,0.0,0.0
NATO,Olympus Strategic Indonesia Tbk.,1035.0,1015.0,1055.0,1010.0,1010.0,-25.0,161200.0,165693000.0,130.0,3700.0,10200.0
NAYZ,Hassana Boga Sejahtera Tbk.,73.0,0.0,74.0,72.0,74.0,1.0,5141500.0,375250500.0,289.0,757200.0,120300.0
NCKL,Trimegah Bangun Persada Tbk.,920.0,920.0,945.0,910.0,915.0,-5.0,34051500.0,31535333000.0,4622.0,13807000.0,9015400.0
NELY,Pelayaran Nelly Dwi Putri Tbk.,208.0,210.0,214.0,204.0,212.0,4.0,595300.0,125096600.0,139.0,0.0,38600.0
NEST,Esta Indonesia Tbk.,735.0,735.0,735.0,720.0,725.0,-10.0,3786800.0,2741476500.0,3077.0,518800.0,47100.0
NETV,MDTV Media Technologies Tbk.,50.0,50.0,50.0,50.0,50.0,0.0,208300.0,10415000.0,80.0,300.0,0.0
NFCX,NFC Indonesia Tbk.,1700.0,0.0,1750.0,1700.0,1700.0,0.0,3900.0,6636000.0,5.0,0.0,0.0
NICE,Adhi Kartiko Pratama Tbk.,356.0,356.0,380.0,352.0,364.0,8.0,1938700.0,702223800.0,435.0,250400.0,185000.0
NICK,Charnic Capital Tbk.,2450.0,0.0,2770.0,2500.0,2600.0,150.0,59500.0,157033000.0,109.0,1800.0,600.0
NICL,PAM Mineral Tbk.,470.0,466.0,468.0,456.0,458.0,-12.0,38767700.0,17904799800.0,2071.0,1287800.0,5269400.0
NIKL,Pelat Timah Nusantara Tbk.,226.0,228.0,238.0,224.0,226.0,0.0,8542800.0,1956644200.0,1051.0,286900.0,2617000.0
NINE,Techno9 Indonesia Tbk.,90.0,0.0,91.0,86.0,87.0,-3.0,9604900.0,852376600.0,711.0,41400.0,1529600.0
NIRO,City Retail Developments Tbk.,183.0,183.0,191.0,177.0,180.0,-3.0,448100.0,82304200.0,173.0,50300.0,11200.0
NISP,Bank OCBC NISP Tbk.,1285.0,1280.0,1285.0,1260.0,1280.0,-5.0,2656800.0,3376378000.0,448.0,674700.0,1013900.0
NOBU,Bank Nationalnobu Tbk.,520.0,525.0,525.0,510.0,515.0,-5.0,889900.0,457603000.0,180.0,25200.0,112700.0
NPGF,Nusa Palapa Gemilang Tbk.,57.0,57.0,58.0,56.0,56.0,-1.0,5477800.0,311503700.0,264.0,0.0,0.0
NRCA,Nusa Raya Cipta Tbk.,550.0,555.0,555.0,540.0,540.0,-10.0,1949500.0,1067481500.0,450.0,205500.0,947300.0
NSSS,Nusantara Sawit Sejahtera Tbk.,785.0,790.0,790.0,765.0,765.0,-20.0,2404000.0,1860270000.0,783.0,174200.0,278400.0
NTBK,Nusatama Berkah Tbk.,82.0,83.0,84.0,81.0,83.0,1.0,20636100.0,1707874100.0,1479.0,2359900.0,3637000.0
NUSA,Sinergi Megah Internusa Tbk.,50.0,0.0,0.0,0.0,50.0,0.0,0.0,0.0,0.0,0.0,0.0
NZIA,Nusantara Almazia Tbk.,185.0,189.0,199.0,181.0,199.0,14.0,19461600.0,3758171100.0,2518.0,2031900.0,1063000.0
OASA,Maharaksa Biru Energi Tbk.,296.0,296.0,298.0,282.0,282.0,-14.0,10618100.0,3044478400.0,1520.0,2248800.0,2266800.0
OBAT,Brigit Biofarmaka Teknologi Tbk.,238.0,238.0,240.0,234.0,238.0,0.0,196600.0,46571400.0,86.0,200.0,0.0
OBMD,OBM Drilchem Tbk.,192.0,202.0,210.0,192.0,202.0,10.0,2146000.0,431511100.0,456.0,7800.0,9300.0
OCAP,Onix Capital Tbk.,159.0,0.0,0.0,0.0,159.0,0.0,0.0,0.0,0.0,0.0,0.0
OILS,Indo Oil Perkasa Tbk.,326.0,326.0,330.0,316.0,320.0,-6.0,8630200.0,2780627000.0,1477.0,1239400.0,520200.0
OKAS,Ancora Indonesia Resources Tbk.,119.0,120.0,120.0,116.0,117.0,-2.0,2337500.0,274423100.0,300.0,2800.0,712900.0
OLIV,Atlas Nexus Group Tbk.,66.0,0.0,72.0,62.0,63.0,-3.0,23892600.0,1534340200.0,1659.0,16000.0,5528900.0
OMED,Jayamas Medica Industri Tbk.,214.0,216.0,218.0,214.0,214.0,0.0,2831500.0,609965000.0,419.0,289100.0,753500.0
OMRE,Indonesia Prima Property Tbk,940.0,0.0,985.0,900.0,960.0,20.0,3100.0,2962500.0,19.0,0.0,0.0
OPMS,Optima Prima Metal Sinergi Tbk.,116.0,115.0,119.0,114.0,119.0,3.0,1325100.0,154562300.0,379.0,0.0,341600.0
PACK,Abadi Nusantara Hijau Investama Tbk.,560.0,0.0,0.0,0.0,560.0,0.0,0.0,0.0,0.0,0.0,0.0
PADA,Personel Alih Daya Tbk.,195.0,196.0,197.0,190.0,191.0,-4.0,10254400.0,1975219600.0,1122.0,1008200.0,1274700.0
PADI,Minna Padi Investama Sekuritas Tbk.,71.0,71.0,72.0,70.0,70.0,-1.0,125862200.0,8932885300.0,3344.0,15345100.0,10812800.0
PALM,Provident Investasi Bersama Tbk.,294.0,0.0,296.0,290.0,294.0,0.0,60800.0,17728400.0,54.0,300.0,9000.0
PAMG,Bima Sakti Pertiwi Tbk.,56.0,56.0,56.0,55.0,55.0,-1.0,2191200.0,120798300.0,278.0,0.0,0.0
PANI,Pantai Indah Kapuk Dua Tbk.,5575.0,5575.0,5575.0,5475.0,5500.0,-75.0,4311000.0,23734380000.0,1968.0,772500.0,1214500.0
PANR,Panorama Sentrawisata Tbk.,424.0,0.0,426.0,412.0,412.0,-12.0,103000.0,42766600.0,86.0,0.0,96800.0
PANS,Panin Sekuritas Tbk.,1640.0,0.0,1660.0,1635.0,1640.0,0.0,144600.0,238020500.0,100.0,0.0,30600.0
PART,Cipta Perdana Lancar Tbk.,99.0,101.0,101.0,94.0,100.0,1.0,31849400.0,3115894500.0,1160.0,2593300.0,1837300.0
PBID,Panca Budi Idaman Tbk.,525.0,530.0,535.0,515.0,525.0,0.0,2089900.0,1095459500.0,415.0,19700.0,900.0
PBRX,Pan Brothers Tbk.,26.0,0.0,27.0,26.0,26.0,0.0,4305000.0,111968700.0,184.0,1000000.0,0.0
PBSA,Paramita Bangun Sarana Tbk.,750.0,750.0,780.0,725.0,745.0,-5.0,2366400.0,1757576000.0,731.0,195800.0,132700.0
PCAR,Prima Cakrawala Abadi Tbk.,43.0,0.0,45.0,44.0,44.0,1.0,2574100.0,114760500.0,79.0,0.0,0.0
PDES,Destinasi Tirta Nusantara Tbk,372.0,0.0,378.0,370.0,376.0,4.0,124200.0,46285200.0,74.0,2900.0,0.0
PDPP,Primadaya Plastisindo Tbk.,336.0,350.0,350.0,334.0,338.0,2.0,136300.0,46564200.0,106.0,700.0,19700.0
PEGE,Panca Global Kapital Tbk.,128.0,129.0,130.0,125.0,129.0,1.0,6326400.0,803608600.0,659.0,2404000.0,118700.0
PEHA,Phapros Tbk.,288.0,288.0,302.0,288.0,292.0,4.0,349700.0,103832000.0,160.0,5100.0,36800.0
PEVE,Penta Valent Tbk.,310.0,310.0,310.0,300.0,308.0,-2.0,1242200.0,378883800.0,163.0,0.0,0.0
PGAS,Perusahaan Gas Negara (Persero) Tbk.,1550.0,1550.0,1555.0,1525.0,1530.0,-20.0,25470500.0,39170300000.0,5216.0,11287800.0,12574800.0
PGEO,Pertamina Geothermal Energy Tbk.,1030.0,1030.0,1070.0,1015.0,1055.0,25.0,31702800.0,33313512000.0,4592.0,3135200.0,3524700.0
PGJO,Bahtera Bumi Raya Tbk.,875.0,0.0,920.0,865.0,905.0,30.0,746700.0,669816000.0,357.0,0.0,42300.0
PGLI,Pembangunan Graha Lestari Indah Tbk.,204.0,210.0,210.0,204.0,208.0,4.0,14300.0,2994000.0,13.0,0.0,0.0
PGUN,Pradiksi Gunatama Tbk.,9275.0,9300.0,9900.0,9300.0,9425.0,150.0,69600.0,675080000.0,183.0,0.0,9900.0
PICO,Pelangi Indah Canindo Tbk,176.0,177.0,189.0,174.0,182.0,6.0,2391700.0,435789400.0,782.0,337700.0,391100.0
PIPA,Oxala Energy International Tbk.,190.0,190.0,196.0,188.0,190.0,0.0,132361200.0,25399999800.0,8365.0,10551600.0,22012400.0
PJAA,Pembangunan Jaya Ancol Tbk.,470.0,0.0,470.0,464.0,468.0,-2.0,29900.0,13924400.0,35.0,3600.0,0.0
PJHB,Pelayaran Jaya Hidup Baru Tbk.,179.0,179.0,182.0,178.0,179.0,0.0,900400.0,162051600.0,241.0,0.0,202900.0
PKPK,Paragon Karya Perkasa Tbk.,4250.0,4250.0,4330.0,4160.0,4200.0,-50.0,723100.0,3040237000.0,429.0,163900.0,83000.0
PLAN,Planet Properindo Jaya Tbk.,67.0,0.0,69.0,62.0,62.0,-5.0,8831000.0,564610800.0,677.0,0.0,0.0
PLAS,Polaris Investama Tbk,50.0,0.0,0.0,0.0,50.0,0.0,0.0,0.0,0.0,0.0,0.0
PLIN,Plaza Indonesia Realty Tbk.,2510.0,0.0,0.0,0.0,2510.0,0.0,0.0,0.0,0.0,0.0,0.0
PMJS,Putra Mandiri Jembar Tbk.,142.0,142.0,145.0,141.0,144.0,2.0,1000200.0,142587000.0,111.0,153300.0,21500.0
PMMP,Panca Mitra Multiperdana Tbk.,50.0,0.0,0.0,0.0,50.0,0.0,0.0,0.0,0.0,0.0,0.0
PMUI,Prima Multi Usaha Indonesia Tbk.,103.0,102.0,107.0,100.0,102.0,-1.0,3885400.0,404175000.0,939.0,201600.0,597800.0
PNBN,Bank Pan Indonesia Tbk,900.0,905.0,905.0,890.0,895.0,-5.0,1994800.0,1786595000.0,235.0,93800.0,1154600.0
PNBS,Bank Panin Dubai Syariah Tbk.,50.0,50.0,50.0,50.0,50.0,0.0,220200.0,11010000.0,19.0,0.0,0.0
PNGO,AEP Pinago Plantations Tbk.,3590.0,0.0,3390.0,3360.0,3390.0,-200.0,5600.0,18929000.0,6.0,0.0,0.0
PNIN,Paninvest Tbk.,725.0,0.0,725.0,705.0,715.0,-10.0,794800.0,565133500.0,133.0,19500.0,123300.0
PNLF,Panin Financial Tbk.,222.0,222.0,226.0,220.0,220.0,-2.0,13988400.0,3107416800.0,399.0,1046400.0,2314100.0
PNSE,Pudjiadi & Sons Tbk.,496.0,0.0,498.0,478.0,498.0,2.0,16900.0,8249000.0,41.0,0.0,0.0
POLA,Pool Advista Finance Tbk.,77.0,81.0,82.0,74.0,75.0,-2.0,30845600.0,2363271900.0,2219.0,3744500.0,3276700.0
POLI,Pollux Hotels Group Tbk.,895.0,0.0,990.0,835.0,845.0,-50.0,95500.0,84284500.0,149.0,13900.0,7900.0
POLL,Pollux Properties Indonesia Tbk.,112.0,0.0,0.0,0.0,112.0,0.0,0.0,0.0,0.0,0.0,0.0
POLU,Golden Flower Tbk.,16375.0,16350.0,16375.0,15800.0,15800.0,-575.0,5100.0,81635000.0,33.0,0.0,400.0
POLY,Asia Pacific Fibers Tbk,32.0,0.0,0.0,0.0,32.0,0.0,0.0,0.0,0.0,0.0,0.0
POOL,Pool Advista Indonesia Tbk.,50.0,0.0,0.0,0.0,50.0,0.0,0.0,0.0,0.0,0.0,0.0
PORT,Nusantara Pelabuhan Handal Tbk.,965.0,0.0,990.0,935.0,965.0,0.0,33200.0,31636000.0,63.0,0.0,0.0
POSA,Bliss Properti Indonesia Tbk.,50.0,0.0,0.0,0.0,50.0,0.0,0.0,0.0,0.0,0.0,0.0
POWR,Cikarang Listrindo Tbk.,1020.0,1020.0,1025.0,965.0,970.0,-50.0,12852400.0,12697289500.0,2775.0,1589800.0,6368100.0
PPGL,Prima Globalindo Logistik Tbk.,468.0,0.0,0.0,0.0,468.0,0.0,0.0,0.0,0.0,0.0,0.0
PPRE,PP Presisi Tbk.,105.0,105.0,108.0,104.0,106.0,1.0,17218700.0,1822048500.0,1299.0,664700.0,1637600.0
PPRI,Paperocks Indonesia Tbk.,170.0,173.0,176.0,165.0,173.0,3.0,2898900.0,498398900.0,423.0,270000.0,408900.0
PPRO,PP Properti Tbk.,15.0,0.0,16.0,15.0,15.0,0.0,17024200.0,257599300.0,341.0,0.0,100000.0
PRAY,Famon Awal Bros Sedaya Tbk.,730.0,0.0,740.0,730.0,740.0,10.0,3600.0,2632500.0,6.0,0.0,0.0
PRDA,Prodia Widyahusada Tbk.,2810.0,2800.0,2810.0,2780.0,2810.0,0.0,314300.0,877515000.0,189.0,3900.0,94900.0
PRDL,Prodia Diagnostic Line Tbk.,230.0,230.0,232.0,222.0,224.0,-6.0,7096200.0,1603635400.0,2104.0,880900.0,1283100.0
PRIM,Royal Prima Tbk.,119.0,121.0,122.0,118.0,120.0,1.0,2422100.0,291426900.0,174.0,70600.0,10300.0
PSAB,J Resources Asia Pasifik Tbk.,580.0,580.0,585.0,565.0,570.0,-10.0,76740200.0,44009533000.0,6011.0,6895700.0,20521300.0
PSAT,Pancaran Samudera Transport Tbk.,870.0,0.0,890.0,850.0,855.0,-15.0,33300.0,28876000.0,41.0,0.0,200.0
PSDN,Prasidha Aneka Niaga Tbk,136.0,136.0,139.0,134.0,136.0,0.0,1344500.0,183262400.0,289.0,0.0,268400.0
PSGO,Palma Serasih Tbk.,194.0,197.0,197.0,192.0,196.0,2.0,409800.0,79106000.0,127.0,65200.0,17600.0
PSKT,Red Planet Indonesia Tbk.,234.0,234.0,242.0,232.0,238.0,4.0,6841600.0,1616913600.0,399.0,1559700.0,1020600.0
PSSI,IMC Pelita Logistik Tbk.,358.0,358.0,364.0,352.0,352.0,-6.0,404400.0,144652400.0,75.0,0.0,88100.0
PTBA,Bukit Asam (Persero) Tbk.,3080.0,3080.0,3090.0,3020.0,3020.0,-60.0,22338600.0,67872378000.0,7221.0,10238300.0,12160900.0
PTDU,Djasa Ubersakti Tbk.,70.0,0.0,0.0,0.0,70.0,0.0,0.0,0.0,0.0,0.0,0.0
PTIS,Indo Straits Tbk.,256.0,0.0,292.0,260.0,264.0,8.0,1529800.0,416346000.0,755.0,0.0,0.0
PTMP,Mitra Pack Tbk.,64.0,64.0,68.0,63.0,65.0,1.0,52259500.0,3440496500.0,7710.0,1987400.0,6887000.0
PTMR,Master Print Tbk.,374.0,0.0,0.0,0.0,374.0,0.0,0.0,0.0,0.0,0.0,0.0
PTPP,PP (Persero) Tbk.,202.0,204.0,204.0,196.0,198.0,-4.0,3417100.0,675810700.0,632.0,228900.0,1289100.0
PTPS,Pulau Subur Tbk.,164.0,164.0,164.0,152.0,156.0,-8.0,7728200.0,1208300600.0,1438.0,202600.0,107100.0
PTPW,Pratama Widya Tbk.,1180.0,1175.0,1175.0,1170.0,1170.0,-10.0,15600.0,18324000.0,29.0,0.0,0.0
PTRO,Petrosea Tbk.,5300.0,5350.0,5400.0,5150.0,5175.0,-125.0,19149900.0,100731887500.0,8422.0,1419600.0,2788900.0
PTSN,Sat Nusapersada Tbk,450.0,452.0,500.0,450.0,480.0,30.0,39958800.0,18667921800.0,8408.0,1356200.0,1734200.0
PTSP,Pioneerindo Gourmet International Tbk.,1245.0,1255.0,1305.0,1190.0,1250.0,5.0,82300.0,102663000.0,159.0,1200.0,5300.0
PUDP,Pudjiadi Prestige Tbk.,272.0,0.0,276.0,270.0,274.0,2.0,49000.0,13407400.0,26.0,0.0,0.0
PURA,Putra Rajawali Kencana Tbk.,32.0,0.0,33.0,32.0,32.0,0.0,2507300.0,80464500.0,156.0,0.0,0.0
PURE,Trinitan Metals and Minerals Tbk.,51.0,0.0,0.0,0.0,51.0,0.0,0.0,0.0,0.0,0.0,0.0
PURI,Puri Global Sukses Tbk.,167.0,169.0,170.0,163.0,166.0,-1.0,5496800.0,909669500.0,875.0,46100.0,54300.0
PWON,Pakuwon Jati Tbk.,270.0,272.0,276.0,270.0,270.0,0.0,26044700.0,7106745800.0,1398.0,12680500.0,7877300.0
PYFA,Pyridam Farma Tbk,246.0,250.0,280.0,244.0,258.0,12.0,46524700.0,12148812200.0,3342.0,2640000.0,4842900.0
PZZA,Sarimelati Kencana Tbk.,186.0,0.0,193.0,184.0,186.0,0.0,998000.0,186216200.0,331.0,125800.0,72800.0
RAAM,Tripar Multivision Plus Tbk.,175.0,175.0,182.0,175.0,180.0,5.0,731500.0,130890000.0,182.0,54100.0,183800.0
RAFI,Sari Kreasi Boga Tbk.,36.0,0.0,0.0,0.0,36.0,0.0,0.0,0.0,0.0,0.0,0.0
RAJA,Rukun Raharja Tbk.,800.0,805.0,810.0,785.0,785.0,-15.0,27280300.0,21677751500.0,5047.0,697900.0,2282600.0
RALS,Ramayana Lestari Sentosa Tbk.,392.0,392.0,392.0,388.0,390.0,-2.0,538500.0,209750200.0,290.0,15000.0,41900.0
RANC,Supra Boga Lestari Tbk.,540.0,0.0,550.0,525.0,530.0,-10.0,15400.0,8179000.0,36.0,0.0,1000.0
RANS,Rans Entertainmen Indonesia Tbk.,199.0,199.0,202.0,197.0,198.0,-1.0,20329300.0,4032048600.0,2553.0,2370600.0,2698700.0
RATU,Raharja Energi Cepu Tbk.,4450.0,4470.0,4480.0,4370.0,4380.0,-70.0,3015400.0,13342529000.0,2127.0,533300.0,1222100.0
RBMS,Ristia Bintang Mahkotasejati Tbk.,62.0,62.0,64.0,61.0,63.0,1.0,23798100.0,1486493300.0,2288.0,37700.0,73600.0
RCCC,Utama Radar Cahaya Tbk.,113.0,0.0,115.0,112.0,112.0,-1.0,228100.0,25756200.0,104.0,0.0,0.0
RDTX,Roda Vivatex Tbk,13100.0,0.0,0.0,0.0,13100.0,0.0,0.0,0.0,0.0,0.0,0.0
REAL,Repower Asia Indonesia Tbk.,50.0,50.0,50.0,50.0,50.0,0.0,357200.0,17860000.0,73.0,0.0,0.0
RELF,Graha Mitra Asia Tbk.,37.0,0.0,38.0,36.0,38.0,1.0,4438700.0,164190700.0,192.0,120800.0,0.0
RELI,Reliance Sekuritas Indonesia Tbk.,545.0,545.0,550.0,525.0,550.0,5.0,12800.0,6872000.0,35.0,0.0,0.0
RGAS,Kian Santang Muliatama Tbk.,109.0,109.0,110.0,104.0,106.0,-3.0,18536600.0,1977282000.0,2324.0,2619200.0,1531300.0
RICY,Ricky Putra Globalindo Tbk,79.0,0.0,80.0,78.0,78.0,-1.0,1153500.0,90251600.0,143.0,0.0,0.0
RIGS,Rig Tenders Indonesia Tbk.,695.0,0.0,695.0,595.0,625.0,-70.0,6278700.0,3832365500.0,1083.0,38500.0,3200.0
RIMO,Rimo International Lestari Tbk,50.0,0.0,0.0,0.0,50.0,0.0,0.0,0.0,0.0,0.0,0.0
RISE,Jaya Sukses Makmur Sentosa Tbk.,810.0,810.0,815.0,785.0,795.0,-15.0,708100.0,567677500.0,280.0,20300.0,136800.0
RLCO,Abadi Lestari Indonesia Tbk.,4390.0,4400.0,4400.0,4300.0,4300.0,-90.0,309100.0,1336495000.0,585.0,12000.0,91600.0
RMKE,RMK Energy Tbk.,412.0,414.0,418.0,404.0,408.0,-4.0,46860100.0,19183681000.0,2193.0,3294900.0,14062300.0
RMKO,Royaltama Mulia Kontraktorindo Tbk.,340.0,342.0,352.0,330.0,336.0,-4.0,4689400.0,1580122000.0,984.0,329400.0,1167300.0
ROCK,Rockfields Properti Indonesia Tbk.,1990.0,0.0,2070.0,1990.0,2070.0,80.0,16500.0,33076500.0,48.0,0.0,1800.0
RODA,Pikko Land Development Tbk.,63.0,63.0,66.0,61.0,63.0,0.0,14959700.0,957310200.0,967.0,605500.0,511600.0
RONY,Aracord Nusantara Group Tbk.,1380.0,0.0,1390.0,1320.0,1330.0,-50.0,7100.0,9574500.0,26.0,0.0,0.0
ROTI,Nippon Indosari Corpindo Tbk.,585.0,590.0,590.0,585.0,585.0,0.0,282200.0,165896000.0,132.0,13500.0,58100.0
RSCH,Charlie Hospital Semarang Tbk.,434.0,434.0,434.0,424.0,434.0,0.0,39404500.0,16850131800.0,2414.0,3180400.0,2985100.0
RSGK,Kedoya Adyaraya Tbk.,1030.0,1030.0,1030.0,990.0,1030.0,0.0,85700.0,87682500.0,58.0,70900.0,400.0
RUIS,Radiant Utama Interinsco Tbk.,206.0,206.0,210.0,202.0,202.0,-4.0,1347100.0,275823800.0,158.0,1100.0,800.0
RUNS,Global Sukses Solusi Tbk.,72.0,0.0,73.0,68.0,70.0,-2.0,1079900.0,75604300.0,141.0,0.0,0.0
SAFE,Steady Safe Tbk,875.0,0.0,960.0,960.0,960.0,85.0,549500.0,527520000.0,213.0,0.0,0.0
SAGE,Saptausaha Gemilangindah Tbk.,30.0,0.0,31.0,30.0,31.0,1.0,1943200.0,59237100.0,141.0,0.0,0.0
SAME,Sarana Meditama Metropolitan Tbk.,294.0,0.0,304.0,288.0,298.0,4.0,1026100.0,300365800.0,232.0,32000.0,4400.0
SAMF,Saraswanti Anugerah Makmur Tbk.,318.0,318.0,322.0,292.0,310.0,-8.0,143600.0,44945800.0,113.0,8200.0,29700.0
SAPX,Satria Antaran Prima Tbk.,505.0,560.0,630.0,430.0,430.0,-75.0,42241100.0,23583955900.0,9621.0,465800.0,432800.0
SATU,Kota Satu Properti Tbk.,242.0,242.0,242.0,236.0,240.0,-2.0,77600.0,18518800.0,54.0,0.0,28500.0
SBAT,Sejahtera Bintang Abadi Textile Tbk.,1.0,0.0,0.0,0.0,1.0,0.0,0.0,0.0,0.0,0.0,0.0
SBMA,Surya Biru Murni Acetylene Tbk.,109.0,113.0,114.0,109.0,113.0,4.0,1744500.0,192857900.0,234.0,152200.0,0.0
SCCO,Supreme Cable Manufacturing & Commerce Tbk.,2570.0,0.0,3140.0,2550.0,3020.0,450.0,3450100.0,10135819000.0,1183.0,47900.0,54800.0
SCMA,Surya Citra Media Tbk.,199.0,199.0,200.0,195.0,195.0,-4.0,25707200.0,5054834300.0,1935.0,1739400.0,11800100.0
SCNP,Selaras Citra Nusantara Perkasa Tbk.,155.0,155.0,166.0,154.0,156.0,1.0,719400.0,114085200.0,300.0,35900.0,30500.0
SCPI,Organon Pharma Indonesia Tbk.,29000.0,0.0,0.0,0.0,29000.0,0.0,0.0,0.0,0.0,0.0,0.0
SDMU,Sidomulyo Selaras Tbk.,90.0,91.0,95.0,90.0,93.0,3.0,33607800.0,3125170400.0,3682.0,3288200.0,4732700.0
SDPC,Millennium Pharmacon International Tbk.,196.0,196.0,198.0,193.0,198.0,2.0,294700.0,57556000.0,50.0,0.0,0.0
SDRA,Bank Woori Saudara Indonesia 1906 Tbk.,216.0,214.0,218.0,210.0,216.0,0.0,615400.0,130185600.0,128.0,0.0,80000.0
SEMA,Semacom Integrated Tbk.,197.0,210.0,260.0,208.0,234.0,37.0,89226200.0,21394644200.0,12521.0,7042200.0,5398400.0
SFAN,Surya Fajar Capital Tbk.,2030.0,0.0,2040.0,2030.0,2030.0,0.0,51500.0,104946000.0,42.0,1900.0,0.0
SGER,Sumber Global Energy Tbk.,685.0,680.0,695.0,675.0,685.0,0.0,22027300.0,15123951000.0,1062.0,5654600.0,2218200.0
SGRO,Prime Agri Resources Tbk.,4830.0,0.0,4810.0,4700.0,4760.0,-70.0,11600.0,54816000.0,28.0,0.0,2000.0
SHID,Hotel Sahid Jaya International Tbk.,800.0,0.0,795.0,735.0,790.0,-10.0,109300.0,84062000.0,119.0,100.0,6600.0
SHIP,Sillo Maritime Perdana Tbk.,2720.0,0.0,2800.0,2610.0,2750.0,30.0,84800.0,227597000.0,101.0,0.0,1900.0
SICO,Sigma Energy Compressindo Tbk.,114.0,115.0,116.0,113.0,115.0,1.0,1812500.0,207054800.0,234.0,11400.0,6800.0
SIDO,Industri Jamu dan Farmasi Sido Muncul Tbk.,348.0,350.0,352.0,348.0,352.0,4.0,10927300.0,3825734600.0,2541.0,1811900.0,1568300.0
SILO,Siloam International Hospitals Tbk.,2010.0,2010.0,2030.0,1995.0,2010.0,0.0,983700.0,1978211500.0,1156.0,554000.0,484100.0
SIMA,Siwani Makmur Tbk,50.0,0.0,0.0,0.0,50.0,0.0,0.0,0.0,0.0,0.0,0.0
SIMP,Salim Ivomas Pratama Tbk.,620.0,630.0,630.0,610.0,610.0,-10.0,6821300.0,4207367500.0,1063.0,409200.0,2025400.0
SINI,Singaraja Putra Tbk.,13750.0,13975.0,13975.0,13350.0,13350.0,-400.0,5316600.0,72188015000.0,4004.0,360800.0,1851600.0
SIPD,Sreeya Sewu Indonesia Tbk.,920.0,0.0,935.0,890.0,925.0,5.0,11200.0,10190500.0,22.0,0.0,900.0
SKBM,Sekar Bumi Tbk.,530.0,530.0,545.0,530.0,535.0,5.0,185300.0,99491500.0,77.0,0.0,47900.0
SKLT,Sekar Laut Tbk.,214.0,0.0,218.0,208.0,212.0,-2.0,49100.0,10347000.0,49.0,5700.0,0.0
SKRN,Superkrane Mitra Utama Tbk.,418.0,434.0,438.0,410.0,418.0,0.0,205800.0,86418800.0,198.0,14000.0,38700.0
SKYB,Northcliff Citranusa Indonesia Tbk.,51.0,0.0,0.0,0.0,51.0,0.0,0.0,0.0,0.0,0.0,0.0
SLIS,Gaya Abadi Sempurna Tbk.,82.0,83.0,85.0,80.0,82.0,0.0,14119000.0,1164778700.0,1205.0,2974800.0,2397400.0
SMAR,Sinar Mas Agro Resources and Technology Tbk.,6125.0,6125.0,6600.0,6125.0,6275.0,150.0,61600.0,384320000.0,141.0,5200.0,7600.0
SMBR,Semen Baturaja (Persero) Tbk.,171.0,175.0,175.0,168.0,169.0,-2.0,2747000.0,464611500.0,450.0,15000.0,440900.0
SMCB,Solusi Bangun Indonesia Tbk.,775.0,0.0,0.0,0.0,775.0,0.0,0.0,0.0,0.0,0.0,0.0
SMDM,Suryamas Dutamakmur Tbk.,525.0,545.0,555.0,520.0,545.0,20.0,60400.0,32664000.0,58.0,0.0,2400.0
SMDR,Samudera Indonesia  Tbk.,396.0,398.0,404.0,390.0,390.0,-6.0,36316200.0,14380622400.0,3039.0,3598400.0,7706900.0
SMGA,Sumber Mineral Global Abadi Tbk.,87.0,86.0,88.0,85.0,86.0,-1.0,5221000.0,448234200.0,411.0,312300.0,241500.0
SMGR,Semen Indonesia (Persero) Tbk.,1655.0,1670.0,1680.0,1585.0,1585.0,-70.0,25254800.0,40727293500.0,6266.0,2508800.0,17260400.0
SMIL,Sarana Mitra Luas Tbk.,424.0,428.0,452.0,414.0,430.0,6.0,36461100.0,16040893400.0,2100.0,2118600.0,4762900.0
SMKL,Satyamitra Kemas Lestari Tbk.,157.0,157.0,157.0,152.0,153.0,-4.0,179100.0,27411700.0,54.0,20000.0,0.0
SMKM,Sumber Mas Konstruksi Tbk.,104.0,0.0,103.0,100.0,103.0,-1.0,3504000.0,357038400.0,166.0,202200.0,0.0
SMLE,Sinergi Multi Lestarindo Tbk.,206.0,208.0,226.0,200.0,220.0,14.0,60795100.0,13103220600.0,8786.0,10715700.0,6094600.0
SMMA,Sinarmas Multiartha Tbk.,20000.0,0.0,20050.0,19750.0,20025.0,25.0,3900.0,77935000.0,13.0,3800.0,500.0
SMMT,Golden Eagle Energy Tbk.,2720.0,2780.0,2780.0,2660.0,2680.0,-40.0,236100.0,634075000.0,148.0,53100.0,36200.0
SMRA,Summarecon Agung Tbk.,332.0,328.0,330.0,284.0,288.0,-44.0,186738500.0,56176900200.0,8877.0,11185900.0,19966600.0
SMRU,SMR Utama Tbk.,50.0,0.0,0.0,0.0,50.0,0.0,0.0,0.0,0.0,0.0,0.0
SMSM,Selamat Sempurna Tbk.,1730.0,1730.0,1735.0,1720.0,1730.0,0.0,698500.0,1206193500.0,916.0,216300.0,485200.0
SNLK,Sunter Lakeside Hotel Tbk.,250.0,250.0,256.0,236.0,252.0,2.0,25624100.0,6315553000.0,1384.0,2491800.0,2349200.0
SOCI,Soechi Lines Tbk.,635.0,635.0,685.0,635.0,660.0,25.0,33562100.0,22222131000.0,2942.0,10699400.0,3434400.0
SOFA,Solusi Environment Asia Tbk.,370.0,0.0,392.0,362.0,372.0,2.0,6398600.0,2401478000.0,1759.0,47100.0,2422300.0
SOHO,Soho Global Health Tbk.,1535.0,0.0,1780.0,1550.0,1555.0,20.0,223200.0,369030000.0,393.0,30900.0,36600.0
SOLA,Xolare RCR Energy Tbk.,89.0,89.0,92.0,88.0,90.0,1.0,2729100.0,245933600.0,393.0,236700.0,140700.0
SONA,Sona Topas Tourism Industry Tbk.,2180.0,0.0,2180.0,2180.0,2180.0,0.0,21300.0,46434000.0,25.0,0.0,0.0
SOSS,ALSOK Indonesia Services Tbk.,945.0,0.0,940.0,935.0,935.0,-10.0,600.0,563000.0,2.0,0.0,0.0
SOTS,Satria Mega Kencana Tbk.,600.0,600.0,600.0,580.0,590.0,-10.0,128500.0,75415000.0,117.0,0.0,2700.0
SOUL,Mitra Tirta Buwana Tbk.,37.0,0.0,0.0,0.0,37.0,0.0,0.0,0.0,0.0,0.0,0.0
SPMA,Suparma Tbk.,171.0,171.0,172.0,169.0,169.0,-2.0,235700.0,40105000.0,77.0,300.0,0.0
SPRE,Soraya Berjaya Indonesia Tbk.,96.0,0.0,102.0,87.0,94.0,-2.0,5207000.0,491160000.0,510.0,8200.0,0.0
SPTO,Surya Pertiwi Tbk.,605.0,605.0,610.0,600.0,605.0,0.0,472400.0,284852000.0,230.0,86800.0,500.0
SQMI,Wilton Makmur Indonesia Tbk.,91.0,93.0,97.0,90.0,95.0,4.0,144838800.0,13622620900.0,5057.0,12496300.0,16544300.0
SRAJ,Sejahteraraya Anugrahjaya Tbk.,14000.0,0.0,13750.0,13700.0,13700.0,-300.0,1000.0,13727500.0,9.0,0.0,100.0
SRIL,Sri Rejeki Isman Tbk.,146.0,0.0,0.0,0.0,146.0,0.0,0.0,0.0,0.0,0.0,0.0
SRSN,Indo Acidatama Tbk,98.0,99.0,107.0,96.0,107.0,9.0,289889400.0,29918236400.0,10105.0,26868700.0,83183400.0
SRTG,Saratoga Investama Sedaya Tbk.,1800.0,1805.0,1805.0,1770.0,1785.0,-15.0,1329400.0,2376311000.0,911.0,338500.0,606400.0
SSIA,Surya Semesta Internusa Tbk.,1695.0,1715.0,1735.0,1695.0,1720.0,25.0,9955700.0,17139771000.0,2869.0,702900.0,2139200.0
SSMS,Sawit Sumbermas Sarana Tbk.,1130.0,1140.0,1145.0,1060.0,1075.0,-55.0,9883000.0,10889715000.0,1455.0,542600.0,2619100.0
SSTM,Sunson Textile Manufacture Tbk,448.0,436.0,444.0,430.0,436.0,-12.0,54600.0,23687000.0,115.0,0.0,0.0
STAA,Sumber Tani Agung Resources Tbk.,1205.0,1210.0,1210.0,1175.0,1195.0,-10.0,2320600.0,2767221500.0,304.0,139600.0,742200.0
STAR,Calculus Global Ventures Tbk.,370.0,370.0,384.0,370.0,384.0,14.0,26100.0,9805800.0,38.0,0.0,400.0
STRK,Lovina Beach Brewery Tbk.,65.0,66.0,68.0,63.0,67.0,2.0,19723400.0,1308768800.0,1287.0,1808700.0,3250400.0
STTP,Siantar Top Tbk.,9475.0,0.0,9625.0,9300.0,9300.0,-175.0,800.0,7505000.0,6.0,0.0,0.0
SUGI,Sugih Energy Tbk.,50.0,0.0,0.0,0.0,50.0,0.0,0.0,0.0,0.0,0.0,0.0
SULI,SLJ Global Tbk.,86.0,85.0,88.0,84.0,87.0,1.0,2843000.0,244248100.0,363.0,737900.0,98000.0
SUNI,Sunindo Pratama Tbk.,685.0,685.0,690.0,670.0,690.0,5.0,317700.0,216290500.0,118.0,1400.0,1300.0
SUPA,Super Bank Indonesia Tbk.,505.0,505.0,505.0,498.0,498.0,-7.0,6952600.0,3478892800.0,993.0,2652200.0,118400.0
SUPR,Solusi Tunas Pratama Tbk.,43850.0,0.0,0.0,0.0,43850.0,0.0,0.0,0.0,0.0,0.0,0.0
SURE,Super Energy Tbk.,3020.0,0.0,3010.0,3010.0,3010.0,-10.0,400.0,1204000.0,2.0,0.0,0.0
SURI,Maja Agung Latexindo Tbk.,85.0,85.0,85.0,84.0,85.0,0.0,973000.0,81939500.0,198.0,100.0,5300.0
SWAT,Sriwahana Adityakarta Tbk.,16.0,0.0,0.0,0.0,16.0,0.0,0.0,0.0,0.0,0.0,0.0
SWID,Saraswanti Indoland Development Tbk.,123.0,128.0,130.0,122.0,125.0,2.0,11642100.0,1451524900.0,1300.0,1888500.0,1823300.0
TALF,Tunas Alfin Tbk.,705.0,705.0,705.0,685.0,700.0,-5.0,68900.0,47738000.0,88.0,10900.0,0.0
TAMA,Lancartama Sejati Tbk.,185.0,0.0,195.0,190.0,194.0,9.0,1023200.0,196707500.0,115.0,0.0,0.0
TAMU,Pelayaran Tamarin Samudra Tbk.,26.0,0.0,27.0,26.0,27.0,1.0,2168900.0,56946200.0,132.0,0.0,0.0
TAPG,Triputra Agro Persada Tbk.,2250.0,2250.0,2250.0,2180.0,2230.0,-20.0,12310300.0,27194612000.0,3403.0,8112900.0,2494800.0
TARA,Agung Semesta Sejahtera Tbk.,30.0,0.0,31.0,31.0,31.0,1.0,1069600.0,33157600.0,30.0,0.0,0.0
TAXI,Express Transindo Utama Tbk.,16.0,0.0,17.0,15.0,15.0,-1.0,81713800.0,1312852500.0,723.0,0.0,1000000.0
TAYS,Jaya Swarasa Agung Tbk.,50.0,0.0,0.0,0.0,50.0,0.0,0.0,0.0,0.0,0.0,0.0
TBIG,Tower Bersama Infrastructure Tbk.,1440.0,1440.0,1470.0,1440.0,1455.0,15.0,132600.0,193015500.0,109.0,10900.0,35200.0
TBLA,Tunas Baru Lampung Tbk.,620.0,620.0,625.0,620.0,620.0,0.0,733200.0,456216000.0,168.0,14400.0,69200.0
TBMS,Tembaga Mulia Semanan Tbk.,1220.0,1220.0,1235.0,1210.0,1225.0,5.0,19800.0,24217000.0,29.0,0.0,500.0
TCID,Mandom Indonesia Tbk.,2640.0,0.0,2700.0,2560.0,2670.0,30.0,13100.0,35241000.0,12.0,0.0,200.0
TCPI,Transcoal Pacific Tbk.,1845.0,1845.0,1845.0,1675.0,1675.0,-170.0,4765500.0,8229970500.0,3942.0,1179700.0,2827900.0
TDPM,Tianrong Chemicals Industry Tbk.,119.0,0.0,0.0,0.0,119.0,0.0,0.0,0.0,0.0,0.0,0.0
TEBE,Dana Brata Luhur Tbk.,1685.0,1710.0,1775.0,1670.0,1680.0,-5.0,9869900.0,16990531000.0,3233.0,1378400.0,1090800.0
TECH,Indosterling Technomedia Tbk.,50.0,0.0,0.0,0.0,50.0,0.0,0.0,0.0,0.0,0.0,0.0
TELE,Omni Inovasi Indonesia Tbk.,9.0,0.0,0.0,0.0,9.0,0.0,0.0,0.0,0.0,0.0,0.0
TFAS,Telefast Indonesia Tbk.,186.0,189.0,189.0,183.0,186.0,0.0,257400.0,47244500.0,101.0,0.0,0.0
TFCO,Tifico Fiber Indonesia Tbk.,800.0,0.0,0.0,0.0,800.0,0.0,0.0,0.0,0.0,0.0,0.0
TGKA,Tigaraksa Satria Tbk.,5000.0,0.0,5000.0,4970.0,4970.0,-30.0,300.0,1494000.0,3.0,0.0,0.0
TGRA,Terregra Asia Energy Tbk.,27.0,0.0,0.0,0.0,27.0,0.0,0.0,0.0,0.0,0.0,0.0
TGUK,Platinum Wahab Nusantara Tbk.,83.0,0.0,91.0,88.0,91.0,8.0,10302300.0,920562100.0,328.0,0.0,0.0
TIFA,KDB Tifa Finance Tbk.,316.0,0.0,380.0,306.0,306.0,-10.0,444200.0,147971400.0,343.0,65500.0,34100.0
TINS,TIMAH (Persero) Tbk.,4700.0,4690.0,4820.0,4650.0,4740.0,40.0,38730600.0,184376183000.0,11016.0,17316200.0,12630400.0
TIRA,Tira Austenite Tbk,398.0,0.0,400.0,388.0,396.0,-2.0,888800.0,348105600.0,132.0,0.0,51000.0
TIRT,Tirta Mahakam Resources Tbk,590.0,0.0,0.0,0.0,590.0,0.0,0.0,0.0,0.0,0.0,0.0
TKIM,Pabrik Kertas Tjiwi Kimia Tbk.,7900.0,7875.0,7900.0,7700.0,7800.0,-100.0,1205800.0,9364392500.0,813.0,297400.0,630200.0
TLDN,Teladan Prima Agro Tbk.,620.0,620.0,635.0,615.0,620.0,0.0,1253800.0,784472500.0,455.0,68300.0,176300.0
TLKM,Telkom Indonesia (Persero) Tbk.,2690.0,2720.0,2720.0,2670.0,2700.0,10.0,142432700.0,384410904000.0,16760.0,120010200.0,84013900.0
TMAS,Temas Tbk.,145.0,145.0,151.0,145.0,145.0,0.0,5551600.0,817644000.0,555.0,35700.0,936000.0
TMPO,Tempo Intimedia Tbk.,148.0,150.0,168.0,147.0,159.0,11.0,43123200.0,6888368900.0,6284.0,1934200.0,4065200.0
TNCA,Trimuda Nuansa Citra Tbk.,184.0,186.0,186.0,181.0,183.0,-1.0,744200.0,136286500.0,189.0,0.0,0.0
TOBA,TBS Energi Utama Tbk.,545.0,550.0,550.0,530.0,535.0,-10.0,5743100.0,3090698500.0,1059.0,565000.0,1145400.0
TOOL,Rohartindo Nusantara Luas Tbk.,69.0,70.0,83.0,69.0,75.0,6.0,381260900.0,29590578500.0,14145.0,13973700.0,11323300.0
TOPS,Totalindo Eka Persada Tbk.,1.0,0.0,0.0,0.0,1.0,0.0,0.0,0.0,0.0,0.0,0.0
TOSK,Topindo Solusi Komunika Tbk.,82.0,82.0,85.0,81.0,84.0,2.0,21449600.0,1783332100.0,893.0,174000.0,392700.0
TOTL,Total Bangun Persada Tbk.,1515.0,1515.0,1615.0,1510.0,1555.0,40.0,9765600.0,15307053000.0,3164.0,3992200.0,3066800.0
TOTO,Surya Toto Indonesia Tbk.,242.0,242.0,244.0,240.0,242.0,0.0,376200.0,90883000.0,123.0,600.0,31100.0
TOWR,Sarana Menara Nusantara Tbk.,444.0,444.0,450.0,440.0,448.0,4.0,23762900.0,10554109200.0,1861.0,8678700.0,4432900.0
TOYS,Sunindo Adipersada Tbk.,8.0,0.0,0.0,0.0,8.0,0.0,0.0,0.0,0.0,0.0,0.0
TPIA,Chandra Asri Pacific Tbk.,1865.0,1870.0,1880.0,1830.0,1835.0,-30.0,77735600.0,143750728000.0,15272.0,9209000.0,16735200.0
TPMA,Trans Power Marine Tbk.,476.0,476.0,484.0,470.0,482.0,6.0,1184200.0,566322400.0,315.0,1400.0,53100.0
TRAM,Trada Alam Minera Tbk.,50.0,0.0,0.0,0.0,50.0,0.0,0.0,0.0,0.0,0.0,0.0
TRGU,Cerestar Indonesia Tbk.,169.0,0.0,174.0,163.0,174.0,5.0,306700.0,50819100.0,49.0,21300.0,30400.0
TRIL,Triwira Insanlestari Tbk.,50.0,0.0,0.0,0.0,50.0,0.0,0.0,0.0,0.0,0.0,0.0
TRIM,Trimegah Sekuritas Indonesia Tbk.,795.0,780.0,825.0,770.0,805.0,10.0,838100.0,669872000.0,354.0,51000.0,37900.0
TRIN,Perintis Triniti Properti Tbk.,418.0,420.0,422.0,404.0,404.0,-14.0,27755700.0,11359419400.0,2981.0,1025700.0,6522700.0
TRIO,Trikomsel Oke Tbk.,426.0,0.0,0.0,0.0,426.0,0.0,0.0,0.0,0.0,0.0,0.0
TRIS,Trisula International Tbk.,172.0,172.0,172.0,170.0,171.0,-1.0,159200.0,27230500.0,82.0,0.0,200.0
TRJA,Transkon Jaya Tbk.,122.0,122.0,164.0,122.0,145.0,23.0,80556900.0,12186536100.0,11918.0,3613800.0,3786000.0
TRON,Teknologi Karya Digital Nusa Tbk.,99.0,99.0,102.0,98.0,101.0,2.0,9977800.0,995611200.0,846.0,1821700.0,138500.0
TRST,Trias Sentosa Tbk.,472.0,472.0,474.0,458.0,464.0,-8.0,49500.0,22953000.0,20.0,2400.0,43800.0
TRUE,Triniti Dinamik Tbk.,50.0,0.0,0.0,0.0,50.0,0.0,0.0,0.0,0.0,0.0,0.0
TRUK,Guna Timur Raya Tbk.,1075.0,0.0,0.0,0.0,1075.0,0.0,0.0,0.0,0.0,0.0,0.0
TRUS,Trust Finance Indonesia Tbk,450.0,450.0,468.0,442.0,454.0,4.0,33800.0,15258200.0,49.0,0.0,0.0
TSPC,Tempo Scan Pacific Tbk.,2750.0,2750.0,2760.0,2720.0,2750.0,0.0,353300.0,968863000.0,192.0,12500.0,91100.0
TUGU,Asuransi Tugu Pratama Indonesia Tbk.,1425.0,1435.0,1475.0,1420.0,1455.0,30.0,3200800.0,4628276000.0,787.0,209000.0,842900.0
TYRE,King Tire Indonesia Tbk.,111.0,112.0,126.0,109.0,116.0,5.0,4294400.0,501208500.0,615.0,525600.0,361000.0
UANG,Pakuan Tbk.,3530.0,3590.0,3590.0,3350.0,3370.0,-160.0,301300.0,1037416000.0,465.0,24200.0,55300.0
UCID,Uni-Charm Indonesia Tbk.,510.0,515.0,520.0,498.0,498.0,-12.0,3849300.0,1932382700.0,353.0,1733400.0,158800.0
UDNG,Agro Bahari Nusantara Tbk.,540.0,0.0,590.0,486.0,486.0,-54.0,39683500.0,20795161000.0,6448.0,2829400.0,3974600.0
UFOE,Damai Sejahtera Abadi Tbk.,142.0,145.0,151.0,143.0,147.0,5.0,584500.0,85797100.0,344.0,23400.0,23000.0
ULTJ,Ultrajaya Milk Industry & Trading Company Tbk.,1715.0,1745.0,1995.0,1690.0,1800.0,85.0,51428300.0,95393755500.0,12978.0,12155300.0,8202700.0
UNIC,Unggul Indah Cahaya Tbk.,14950.0,0.0,15075.0,14900.0,15050.0,100.0,5700.0,85297500.0,15.0,0.0,600.0
UNIQ,Ulima Nitra Tbk.,120.0,123.0,123.0,118.0,119.0,-1.0,1159100.0,138759400.0,240.0,111400.0,5400.0
UNIT,Nusantara Inti Corpora Tbk,316.0,0.0,0.0,0.0,316.0,0.0,0.0,0.0,0.0,0.0,0.0
UNSP,Bakrie Sumatera Plantations Tbk.,206.0,0.0,0.0,0.0,206.0,0.0,0.0,0.0,0.0,0.0,0.0
UNTD,Terang Dunia Internusa Tbk.,81.0,81.0,82.0,80.0,81.0,0.0,13266300.0,1071016500.0,465.0,256300.0,428000.0
UNTR,United Tractors Tbk.,26400.0,26400.0,26500.0,26050.0,26100.0,-300.0,3085100.0,80936647500.0,5337.0,2686000.0,2657600.0
UNVR,Unilever Indonesia Tbk.,1620.0,1625.0,1635.0,1620.0,1625.0,5.0,20072700.0,32563181500.0,3733.0,12989700.0,16879900.0
URBN,Urban Jakarta Propertindo Tbk.,218.0,0.0,218.0,214.0,218.0,0.0,64200.0,13994800.0,26.0,0.0,3400.0
UVCR,Trimegah Karya Pratama Tbk.,155.0,155.0,173.0,151.0,173.0,18.0,178628100.0,29362457600.0,9312.0,32685600.0,21948900.0
VAST,Vastland Indonesia Tbk.,113.0,114.0,114.0,111.0,111.0,-2.0,2105800.0,235447600.0,284.0,5700.0,3500.0
VERN,Verona Indah Pictures Tbk.,228.0,224.0,228.0,222.0,226.0,-2.0,7201100.0,1612996200.0,2933.0,59800.0,809000.0
VICI,Victoria Care Indonesia Tbk.,1115.0,1155.0,1200.0,1070.0,1180.0,65.0,18922400.0,21720208500.0,2180.0,1756000.0,1218700.0
VICO,Victoria Investama Tbk.,165.0,165.0,175.0,164.0,171.0,6.0,1405000.0,239328600.0,445.0,11500.0,16900.0
VINS,Victoria Insurance Tbk.,143.0,142.0,156.0,138.0,145.0,2.0,3289500.0,488305400.0,766.0,169100.0,176300.0
VISI,Satu Visi Putra Tbk.,1020.0,1045.0,1045.0,995.0,1025.0,5.0,1710100.0,1720549000.0,198.0,122300.0,1116500.0
VIVA,Visi Media Asia Tbk.,43.0,0.0,44.0,43.0,43.0,0.0,15494100.0,667300500.0,350.0,0.0,0.0
VKTR,VKTR Teknologi Mobilitas Tbk.,765.0,775.0,795.0,750.0,755.0,-10.0,57379800.0,44381070500.0,8290.0,4754800.0,16835300.0
VOKS,Voksel Electric Tbk.,260.0,266.0,324.0,254.0,324.0,64.0,16089700.0,4961516000.0,4422.0,569300.0,518200.0
VRNA,Mizuho Leasing Indonesia Tbk.,93.0,95.0,98.0,90.0,93.0,0.0,2931300.0,273815900.0,871.0,116600.0,122200.0
VTNY,Venteny Fortuna International Tbk.,78.0,78.0,79.0,74.0,79.0,1.0,32061700.0,2462811100.0,1173.0,4123600.0,995700.0
WAPO,Wahana Pronatural Tbk.,193.0,193.0,202.0,189.0,194.0,1.0,3830500.0,747146800.0,746.0,211800.0,11600.0
WBSA,BSA Logistics Indonesia Tbk.,655.0,655.0,660.0,635.0,650.0,-5.0,8297900.0,5360164000.0,2334.0,3118500.0,4935300.0
WEGE,Wijaya Karya Bangunan Gedung Tbk.,50.0,50.0,50.0,50.0,50.0,0.0,3336400.0,166820000.0,299.0,0.0,0.0
WEHA,WEHA Transportasi Indonesia Tbk.,111.0,113.0,113.0,110.0,113.0,2.0,4225100.0,472220900.0,459.0,16500.0,15500.0
WGSH,Wira Global Solusi Tbk.,133.0,0.0,137.0,131.0,136.0,3.0,32029100.0,4282041900.0,3048.0,3987500.0,4528000.0
WICO,Wicaksana Overseas International Tbk.,123.0,0.0,0.0,0.0,123.0,0.0,0.0,0.0,0.0,0.0,0.0
WIDI,Widiant Jaya Krenindo Tbk.,27.0,0.0,29.0,26.0,29.0,2.0,26059300.0,740388600.0,580.0,0.0,0.0
WIFI,Solusi Sinergi Digital Tbk.,1950.0,1945.0,1970.0,1935.0,1940.0,-10.0,7327300.0,14287732500.0,2123.0,853800.0,2219700.0
WIIM,Wismilak Inti Makmur Tbk.,1570.0,1570.0,1570.0,1470.0,1525.0,-45.0,4572400.0,6899785500.0,1533.0,847000.0,767100.0
WIKA,Wijaya Karya (Persero) Tbk.,204.0,0.0,0.0,0.0,204.0,0.0,0.0,0.0,0.0,0.0,0.0
WINE,Hatten Bali Tbk.,129.0,0.0,134.0,129.0,130.0,1.0,996200.0,130471200.0,247.0,31300.0,49000.0
WINR,Winner Nusantara Jaya Tbk.,28.0,0.0,28.0,27.0,27.0,-1.0,26977100.0,732250500.0,542.0,0.0,0.0
WINS,Wintermar Offshore Marine Tbk.,565.0,575.0,580.0,570.0,570.0,5.0,1587700.0,912366000.0,284.0,164500.0,153800.0
WIRG,WIR ASIA Tbk.,82.0,83.0,84.0,77.0,79.0,-3.0,312789200.0,25355478100.0,9426.0,11304600.0,87882900.0
WMPP,Widodo Makmur Perkasa Tbk.,30.0,0.0,30.0,29.0,29.0,-1.0,29500500.0,868851100.0,495.0,0.0,200000.0
WMUU,Widodo Makmur Unggas Tbk.,50.0,50.0,50.0,50.0,50.0,0.0,338100.0,16905000.0,75.0,0.0,0.0
WOMF,Wahana Ottomitra Multiartha Tbk.,288.0,288.0,288.0,276.0,278.0,-10.0,195900.0,54619800.0,109.0,0.0,400.0
WOOD,Integra Indocabinet Tbk.,200.0,200.0,202.0,196.0,198.0,-2.0,2052400.0,407527400.0,364.0,68700.0,17300.0
WOWS,Ginting Jaya Energi Tbk.,56.0,57.0,59.0,56.0,57.0,1.0,17766600.0,1025977400.0,991.0,83500.0,129300.0
WSBP,Waskita Beton Precast Tbk.,14.0,0.0,0.0,0.0,14.0,0.0,0.0,0.0,0.0,0.0,0.0
WSKT,Waskita Karya (Persero) Tbk.,202.0,0.0,0.0,0.0,202.0,0.0,0.0,0.0,0.0,0.0,0.0
WTON,Wijaya Karya Beton Tbk.,78.0,78.0,79.0,76.0,78.0,0.0,14725700.0,1139043100.0,408.0,13300.0,11100.0
YELO,Yelooo Integra Datanet Tbk.,95.0,95.0,97.0,93.0,94.0,-1.0,42688000.0,4054518500.0,9732.0,4191600.0,14278000.0
YOII,Asuransi Digital Bersama Tbk.,81.0,81.0,93.0,80.0,85.0,4.0,131526200.0,11456081900.0,10286.0,2931200.0,7058900.0
YPAS,Yanaprima Hastapersada Tbk,1375.0,0.0,1570.0,1375.0,1425.0,50.0,368000.0,538019000.0,581.0,36200.0,24900.0
YULE,Yulie Sekuritas Indonesia Tbk.,3500.0,0.0,3500.0,3470.0,3470.0,-30.0,15100.0,52823000.0,4.0,0.0,900.0
YUPI,Yupi Indo Jelly Gum Tbk.,1295.0,0.0,1320.0,1295.0,1320.0,25.0,23100.0,30224500.0,33.0,0.0,200.0
ZATA,Bersama Zatta Jaya Tbk.,67.0,67.0,68.0,65.0,67.0,0.0,39459300.0,2614843000.0,2227.0,5343800.0,4423900.0
ZBRA,Dosni Roha Indonesia Tbk.,50.0,0.0,0.0,0.0,50.0,0.0,0.0,0.0,0.0,0.0,0.0
ZINC,Kapuas Prima Coal Tbk.,30.0,0.0,0.0,0.0,30.0,0.0,0.0,0.0,0.0,0.0,0.0
ZONE,Mega Perintis Tbk.,710.0,710.0,720.0,695.0,705.0,-5.0,15700.0,11008000.0,37.0,0.0,0.0
ZYRX,Zyrexindo Mandiri Buana Tbk.,126.0,128.0,135.0,126.0,130.0,4.0,2780700.0,362468100.0,1264.0,11900.0,12000.0
