Stock Code,Company Name,Previous,Open Price,High,Low,Close,Change,Volume,Value,Frequency,Foreign Buy,Foreign Sell
AADI,Adaro Andalan Indonesia Tbk.,11600.0,11500.0,11600.0,11025.0,11150.0,-450.0,12207700.0,136828192500.0,10752.0,7576700.0,4855700.0
AALI,Astra Agro Lestari Tbk.,8350.0,8350.0,8450.0,7825.0,7850.0,-500.0,8097300.0,64871617500.0,6918.0,3698600.0,1330900.0
ABBA,Mahaka Media Tbk.,30.0,0.0,0.0,0.0,30.0,0.0,0.0,0.0,0.0,0.0,0.0
ABDA,Asuransi Bina Dana Arta Tbk.,5000.0,0.0,4980.0,4970.0,4970.0,-30.0,1800.0,8961000.0,7.0,0.0,400.0
ABMM,ABM Investama Tbk.,2740.0,2740.0,2750.0,2700.0,2700.0,-40.0,403500.0,1093509000.0,366.0,12100.0,84800.0
ACES,Aspirasi Hidup Indonesia Tbk.,346.0,348.0,348.0,338.0,340.0,-6.0,18467200.0,6301516200.0,3371.0,402300.0,10033300.0
ACRO,Samcro Hyosung Adilestari Tbk.,62.0,63.0,63.0,61.0,61.0,-1.0,4403000.0,270943500.0,453.0,480000.0,738300.0
ACST,Acset Indonusa Tbk.,103.0,0.0,103.0,93.0,93.0,-10.0,2070000.0,194642500.0,131.0,0.0,9500.0
ADCP,Adhi Commuter Properti Tbk.,50.0,0.0,0.0,0.0,50.0,0.0,0.0,0.0,0.0,0.0,0.0
ADES,Akasha Wira International Tbk.,31975.0,0.0,31975.0,31800.0,31950.0,-25.0,7300.0,233170000.0,23.0,0.0,0.0
ADHI,Adhi Karya (Persero) Tbk.,133.0,0.0,0.0,0.0,133.0,0.0,0.0,0.0,0.0,0.0,0.0
ADMF,Adira Dinamika Multi Finance Tbk.,8775.0,8775.0,8775.0,8700.0,8700.0,-75.0,21000.0,183440000.0,42.0,600.0,1100.0
ADMG,Polychem Indonesia Tbk,252.0,252.0,256.0,246.0,246.0,-6.0,466000.0,115981400.0,97.0,0.0,29300.0
ADMR,Alamtri Minerals Indonesia Tbk.,1535.0,1530.0,1570.0,1510.0,1520.0,-15.0,23520200.0,35929023000.0,6376.0,8382400.0,7686800.0
ADRO,Alamtri Resources Indonesia Tbk.,2620.0,2620.0,2640.0,2590.0,2610.0,-10.0,32366600.0,84408011000.0,11448.0,9306100.0,13083500.0
AEGS,Anugerah Spareparts Sejahtera Tbk.,49.0,0.0,52.0,48.0,49.0,0.0,1311800.0,64216900.0,128.0,329000.0,0.0
AGAR,Asia Sejahtera Mina Tbk.,2300.0,2450.0,2870.0,2430.0,2800.0,500.0,7024800.0,19354308000.0,7683.0,341000.0,377900.0
AGII,Samator Indo Gas Tbk.,3620.0,3550.0,3580.0,3500.0,3500.0,-120.0,323700.0,1140344000.0,294.0,34600.0,46700.0
AGRO,Bank Raya Indonesia Tbk.,143.0,143.0,145.0,140.0,141.0,-2.0,6430500.0,909600200.0,658.0,163600.0,630900.0
AGRS,Bank IBK Indonesia Tbk.,59.0,59.0,59.0,57.0,58.0,-1.0,3654700.0,209836700.0,171.0,0.0,488500.0
AHAP,Asuransi Harta Aman Pratama Tbk.,100.0,102.0,106.0,97.0,100.0,0.0,71553500.0,7162452000.0,3834.0,7179800.0,15492100.0
AIMS,Artha Mahiya Investama Tbk.,492.0,494.0,496.0,478.0,484.0,-8.0,780800.0,381139200.0,383.0,0.0,0.0
AISA,FKS Food Sejahtera Tbk.,133.0,131.0,131.0,122.0,124.0,-9.0,28238500.0,3553958300.0,2771.0,1005600.0,1929500.0
AKKU,Anugerah Kagum Karya Utama Tbk.,38.0,0.0,0.0,0.0,38.0,0.0,0.0,0.0,0.0,0.0,0.0
AKPI,Argha Karya Prima Industry Tbk.,515.0,515.0,535.0,498.0,505.0,-10.0,986600.0,498617100.0,187.0,225700.0,0.0
AKRA,AKR Corporindo Tbk.,1455.0,1455.0,1480.0,1440.0,1450.0,-5.0,25684100.0,37535498500.0,4504.0,6843900.0,19639600.0
AKSI,Mineral Sumberdaya Mandiri Tbk.,384.0,384.0,400.0,362.0,368.0,-16.0,637500.0,241208000.0,346.0,9800.0,51500.0
ALDO,Alkindo Naratama Tbk.,965.0,965.0,965.0,945.0,945.0,-20.0,9600.0,9114500.0,30.0,0.0,0.0
ALII,Ancara Logistics Indonesia Tbk.,735.0,0.0,750.0,705.0,720.0,-15.0,560100.0,406634500.0,155.0,339200.0,184400.0
ALKA,Alakasa Industrindo Tbk,7400.0,0.0,0.0,0.0,7400.0,0.0,0.0,0.0,0.0,0.0,0.0
ALMI,Alumindo Light Metal Industry Tbk.,74.0,0.0,0.0,0.0,74.0,0.0,0.0,0.0,0.0,0.0,0.0
ALTO,Tri Banyan Tirta Tbk.,18.0,0.0,0.0,0.0,18.0,0.0,0.0,0.0,0.0,0.0,0.0
AMAG,Asuransi Multi Artha Guna Tbk.,386.0,0.0,388.0,384.0,386.0,0.0,8300.0,3210200.0,14.0,0.0,0.0
AMAN,Makmur Berkah Amanda Tbk.,220.0,0.0,222.0,210.0,216.0,-4.0,377400.0,80803800.0,120.0,100.0,104500.0
AMAR,Bank Amar Indonesia Tbk.,236.0,236.0,238.0,228.0,234.0,-2.0,364900.0,84691400.0,90.0,121600.0,27200.0
AMFG,Asahimas Flat Glass Tbk.,3210.0,0.0,3270.0,3170.0,3270.0,60.0,6200.0,19759000.0,15.0,0.0,1700.0
AMIN,Ateliers Mecaniques D Indonesie Tbk.,274.0,278.0,292.0,256.0,274.0,0.0,759700.0,203589800.0,387.0,22600.0,25100.0
AMMN,Amman Mineral Internasional Tbk.,4660.0,4710.0,4830.0,4660.0,4710.0,50.0,86719800.0,411005572000.0,21517.0,25671400.0,21599900.0
AMMS,Agung Menjangan Mas Tbk.,204.0,0.0,222.0,208.0,216.0,12.0,417900.0,88764800.0,95.0,0.0,37700.0
AMOR,Ashmore Asset Management Indonesia Tbk.,368.0,368.0,368.0,364.0,364.0,-4.0,162600.0,59245000.0,78.0,10500.0,74000.0
AMRT,Sumber Alfaria Trijaya Tbk.,1315.0,1320.0,1320.0,1275.0,1305.0,-10.0,56252000.0,73193968000.0,8823.0,47764600.0,37163800.0
ANDI,Andira Agro Tbk.,20.0,0.0,20.0,20.0,20.0,0.0,2898100.0,57962000.0,131.0,0.0,0.0
ANJT,Austindo Nusantara Jaya Tbk.,1585.0,0.0,1585.0,1560.0,1565.0,-20.0,44700.0,70276500.0,55.0,0.0,0.0
ANTM,ANTAM (Persero) Tbk.,3240.0,3250.0,3270.0,3140.0,3170.0,-70.0,80058600.0,254886297000.0,25607.0,27103000.0,29848400.0
APEX,Apexindo Pratama Duta Tbk.,186.0,186.0,192.0,182.0,183.0,-3.0,10242800.0,1911563500.0,1127.0,1748800.0,3224200.0
APIC,Pacific Strategic Financial Tbk.,410.0,410.0,410.0,380.0,400.0,-10.0,1605800.0,634576400.0,459.0,69300.0,809500.0
APII,Arita Prima Indonesia Tbk.,195.0,198.0,234.0,193.0,208.0,13.0,10046300.0,2163647000.0,2409.0,72800.0,66400.0
APLI,Asiaplast Industries Tbk.,284.0,284.0,290.0,278.0,280.0,-4.0,72700.0,20425800.0,75.0,0.0,1000.0
APLN,Agung Podomoro Land Tbk.,122.0,122.0,123.0,116.0,119.0,-3.0,20288000.0,2408823700.0,1547.0,2003500.0,2727500.0
ARCI,Archi Indonesia Tbk.,1345.0,1375.0,1375.0,1275.0,1305.0,-40.0,27848800.0,36519142000.0,6424.0,5570000.0,4064500.0
AREA,Dunia Virtual Online Tbk.,322.0,326.0,326.0,316.0,320.0,-2.0,601800.0,191958600.0,210.0,150000.0,109300.0
ARGO,Argo Pantes Tbk,1160.0,1160.0,1250.0,1160.0,1235.0,75.0,870200.0,1042511000.0,679.0,110700.0,27500.0
ARII,Atlas Resources Tbk.,302.0,302.0,322.0,300.0,318.0,16.0,800600.0,252434200.0,292.0,95200.0,44000.0
ARKA,Arkha Jayanti Persada Tbk.,22.0,0.0,0.0,0.0,22.0,0.0,0.0,0.0,0.0,0.0,0.0
ARKO,Arkora Hydro Tbk.,4090.0,4100.0,4160.0,3880.0,3990.0,-100.0,3191100.0,12689178000.0,2265.0,354800.0,566800.0
ARMY,Armidian Karyatama Tbk.,50.0,0.0,0.0,0.0,50.0,0.0,0.0,0.0,0.0,0.0,0.0
ARNA,Arwana Citramulia Tbk.,510.0,505.0,510.0,496.0,498.0,-12.0,8011900.0,4000831800.0,1065.0,1296800.0,6489400.0
ARTA,Arthavest Tbk,2150.0,0.0,2120.0,2110.0,2110.0,-40.0,200.0,423000.0,2.0,0.0,0.0
ARTI,Ratu Prabu Energi Tbk,2.0,0.0,0.0,0.0,2.0,0.0,0.0,0.0,0.0,0.0,0.0
ARTO,Bank Jago Tbk.,895.0,900.0,905.0,870.0,885.0,-10.0,9388100.0,8306160500.0,2644.0,3547600.0,3079500.0
ASBI,Asuransi Bintang Tbk.,400.0,404.0,404.0,388.0,388.0,-12.0,27800.0,10985400.0,39.0,0.0,0.0
ASDM,Asuransi Dayin Mitra Tbk.,520.0,0.0,520.0,500.0,515.0,-5.0,21100.0,10611000.0,21.0,0.0,200.0
ASGR,Astra Graphia Tbk.,2100.0,2100.0,2110.0,2070.0,2090.0,-10.0,1146300.0,2394886000.0,1368.0,122900.0,9200.0
ASHA,Cilacap Samudera Fishing Industry Tbk.,53.0,53.0,56.0,51.0,51.0,-2.0,29089200.0,1535741400.0,1215.0,122000.0,55300.0
ASII,Astra International Tbk.,4820.0,4830.0,4880.0,4770.0,4780.0,-40.0,31702600.0,152519363000.0,12721.0,19698100.0,21909000.0
ASJT,Asuransi Jasa Tania Tbk.,163.0,0.0,163.0,160.0,161.0,-2.0,192000.0,30956700.0,54.0,10500.0,0.0
ASLC,Autopedia Sukses Lestari Tbk.,69.0,71.0,72.0,67.0,69.0,0.0,68199400.0,4766114800.0,3415.0,4517100.0,5677600.0
ASLI,Asri Karya Lestari Tbk.,378.0,384.0,428.0,378.0,414.0,36.0,293415700.0,119118967800.0,18896.0,45257500.0,33491600.0
ASMI,Asuransi Maximus Graha Persada Tbk.,16.0,0.0,17.0,17.0,17.0,1.0,63951100.0,1087168700.0,460.0,0.0,0.0
ASPI,Andalan Sakti Primaindo Tbk.,700.0,725.0,730.0,650.0,680.0,-20.0,1582700.0,1075790000.0,595.0,313900.0,35300.0
ASPR,Asia Pramulia Tbk.,140.0,141.0,141.0,133.0,134.0,-6.0,14848400.0,2011422800.0,1757.0,768000.0,5680500.0
ASRI,Alam Sutera Realty Tbk.,125.0,123.0,125.0,120.0,121.0,-4.0,5763800.0,701199300.0,587.0,603600.0,939300.0
ASRM,Asuransi Ramayana Tbk.,294.0,0.0,298.0,288.0,292.0,-2.0,25700.0,7454200.0,63.0,0.0,0.0
ASSA,Adi Sarana Armada Tbk.,600.0,600.0,605.0,585.0,585.0,-15.0,9311200.0,5498458500.0,1348.0,1008800.0,6322400.0
ATAP,Trimitra Prawara Goldland Tbk.,560.0,580.0,580.0,540.0,565.0,5.0,751600.0,418360500.0,250.0,0.0,51000.0
ATIC,Anabatic Technologies Tbk.,442.0,464.0,464.0,442.0,442.0,0.0,270000.0,120215800.0,102.0,0.0,0.0
ATLA,Atlantis Subsea Indonesia Tbk.,50.0,50.0,50.0,50.0,50.0,0.0,96600.0,4830000.0,41.0,0.0,0.0
AUTO,Astra Otoparts Tbk.,3370.0,3390.0,3390.0,3340.0,3360.0,-10.0,2689700.0,9055775000.0,2931.0,246500.0,960400.0
AVIA,Avia Avian Tbk.,338.0,338.0,346.0,330.0,336.0,-2.0,34315900.0,11529592400.0,2134.0,23313400.0,28218400.0
AWAN,Era Digital Media Tbk.,160.0,159.0,162.0,157.0,159.0,-1.0,158800.0,25290100.0,82.0,0.0,0.0
AXIO,Tera Data Indonusa Tbk.,114.0,113.0,115.0,109.0,111.0,-3.0,1783600.0,198542300.0,381.0,0.0,81100.0
AYAM,Janu Putra Sejahtera Tbk.,505.0,505.0,510.0,498.0,505.0,0.0,12184000.0,6153713400.0,816.0,3647500.0,1458100.0
AYLS,Arkayana Lestari Grup Tbk.,174.0,179.0,224.0,174.0,185.0,11.0,73557300.0,14733235900.0,12270.0,3503800.0,2475500.0
BABP,Bank MNC Internasional Tbk.,50.0,50.0,50.0,50.0,50.0,0.0,33100.0,1655000.0,15.0,0.0,0.0
BABY,Multitrend Indo Tbk.,200.0,200.0,206.0,196.0,199.0,-1.0,1181300.0,233857100.0,322.0,104400.0,247900.0
BACA,Bank Capital Indonesia Tbk.,116.0,116.0,117.0,115.0,116.0,0.0,999600.0,115635100.0,96.0,1000.0,40600.0
BACH,Bach Multi Global Tbk.,390.0,390.0,392.0,370.0,374.0,-16.0,26123100.0,9877094800.0,3898.0,8598000.0,2792800.0
BAIK,Bersama Mencapai Puncak Tbk.,254.0,254.0,308.0,246.0,264.0,10.0,244738900.0,69403297800.0,37918.0,19879500.0,29702400.0
BAJA,Saranacentral Bajatama Tbk.,436.0,472.0,505.0,414.0,434.0,-2.0,107559800.0,49719164000.0,17948.0,8070400.0,8761700.0
BALI,Bali Towerindo Sentra Tbk.,1305.0,0.0,1315.0,1260.0,1295.0,-10.0,3500.0,4436500.0,15.0,800.0,0.0
BANK,Bank Aladin Syariah Tbk.,252.0,250.0,250.0,238.0,242.0,-10.0,2896400.0,701612600.0,734.0,0.0,1643700.0
BAPA,Bekasi Asri Pemula Tbk.,125.0,125.0,126.0,115.0,118.0,-7.0,9136400.0,1093075000.0,1400.0,685900.0,919600.0
BAPI,Bhakti Agung Propertindo Tbk.,21.0,0.0,22.0,21.0,21.0,0.0,6573500.0,142341700.0,212.0,0.0,0.0
BATA,Sepatu Bata Tbk.,59.0,0.0,0.0,0.0,59.0,0.0,0.0,0.0,0.0,0.0,0.0
BATR,Benteng Api Technic Tbk.,90.0,0.0,96.0,90.0,93.0,3.0,3725500.0,348473600.0,666.0,327700.0,350200.0
BAUT,Mitra Angkasa Sejahtera Tbk.,42.0,0.0,41.0,40.0,40.0,-2.0,2367500.0,95269300.0,147.0,0.0,0.0
BAYU,Bayu Buana Tbk,1340.0,0.0,1340.0,1315.0,1335.0,-5.0,14200.0,18821500.0,28.0,0.0,0.0
BBCA,Bank Central Asia Tbk.,6225.0,6225.0,6250.0,6175.0,6200.0,-25.0,93211200.0,579943142500.0,22311.0,48952000.0,65294900.0
BBHI,Allo Bank Indonesia Tbk.,900.0,880.0,900.0,880.0,880.0,-20.0,514800.0,454785500.0,172.0,210200.0,119200.0
BBKP,Bank KB Indonesia Tbk.,50.0,50.0,51.0,50.0,50.0,0.0,18163100.0,908189000.0,692.0,3095900.0,4310600.0
BBLD,Buana Finance Tbk.,660.0,0.0,670.0,660.0,670.0,10.0,1200.0,796000.0,5.0,0.0,0.0
BBMD,Bank Mestika Dharma Tbk.,1985.0,0.0,2020.0,1955.0,1955.0,-30.0,3700.0,7343500.0,7.0,0.0,0.0
BBNI,Bank Negara Indonesia (Persero) Tbk.,3620.0,3610.0,3640.0,3550.0,3570.0,-50.0,33279300.0,119153941000.0,9181.0,11750900.0,15326800.0
BBRI,Bank Rakyat Indonesia (Persero) Tbk.,3300.0,3260.0,3270.0,3170.0,3180.0,-120.0,272879800.0,875447057000.0,54357.0,78768600.0,184464900.0
BBRM,Pelayaran Nasional Bina Buana Raya Tbk.,122.0,123.0,124.0,112.0,113.0,-9.0,11874700.0,1389111900.0,1475.0,384200.0,1435700.0
BBSI,Krom Bank Indonesia Tbk.,4520.0,0.0,4520.0,4520.0,4520.0,0.0,300.0,1356000.0,3.0,0.0,0.0
BBSS,Bumi Benowo Sukses Sejahtera Tbk.,102.0,98.0,99.0,87.0,87.0,-15.0,232687300.0,21419409800.0,8631.0,10558500.0,10185100.0
BBTN,Bank Tabungan Negara (Persero) Tbk.,1155.0,1155.0,1160.0,1120.0,1130.0,-25.0,18146600.0,20642769500.0,5080.0,4668800.0,10547600.0
BBYB,Bank Neo Commerce Tbk.,224.0,226.0,230.0,218.0,222.0,-2.0,48906300.0,10916158400.0,2102.0,12477700.0,8886700.0
BCAP,MNC Kapital Indonesia Tbk.,50.0,0.0,50.0,50.0,50.0,0.0,5300.0,265000.0,6.0,0.0,0.0
BCIC,Bank JTrust Indonesia Tbk.,140.0,141.0,142.0,133.0,135.0,-5.0,1390000.0,188721800.0,226.0,0.0,42000.0
BCIP,Bumi Citra Permai Tbk.,59.0,60.0,60.0,58.0,59.0,0.0,3425300.0,201357500.0,211.0,0.0,12200.0
BDKR,Berdikari Pondasi Perkasa Tbk.,161.0,161.0,161.0,158.0,159.0,-2.0,10469200.0,1671008400.0,2567.0,1466700.0,973500.0
BDMN,Bank Danamon Indonesia Tbk.,4450.0,0.0,4490.0,4410.0,4420.0,-30.0,1272700.0,5650187000.0,522.0,75400.0,474000.0
BEBS,Berkah Beton Sadaya Tbk.,5.0,0.0,0.0,0.0,5.0,0.0,0.0,0.0,0.0,0.0,0.0
BEEF,Estika Tata Tiara Tbk.,430.0,434.0,454.0,424.0,438.0,8.0,6907900.0,3053172400.0,1160.0,2682000.0,1155400.0
BEER,Jobubu Jarum Minahasa Tbk.,76.0,76.0,91.0,71.0,72.0,-4.0,146408600.0,11828875800.0,6903.0,5837900.0,6742000.0
BEKS,Bank Pembangunan Daerah Banten Tbk.,23.0,0.0,22.0,22.0,22.0,-1.0,19577500.0,430705000.0,287.0,0.0,0.0
BELI,Global Digital Niaga Tbk.,284.0,288.0,288.0,280.0,280.0,-4.0,463600.0,130977000.0,155.0,68400.0,88300.0
BELL,Trisula Textile Industries Tbk.,103.0,103.0,118.0,100.0,103.0,0.0,173402400.0,18939149900.0,8557.0,23166200.0,21057200.0
BESS,Batulicin Nusantara Maritim Tbk.,920.0,0.0,910.0,875.0,875.0,-45.0,29000.0,25623000.0,56.0,0.0,1100.0
BEST,Bekasi Fajar Industrial Estate Tbk.,121.0,121.0,123.0,117.0,118.0,-3.0,25759900.0,3051378800.0,1468.0,6901000.0,4987900.0
BFIN,BFI Finance  Indonesia Tbk.,950.0,945.0,950.0,925.0,935.0,-15.0,17250100.0,16243904000.0,2689.0,9413800.0,5259100.0
BGTG,Bank Ganesha Tbk.,112.0,112.0,117.0,111.0,112.0,0.0,10467500.0,1195166400.0,403.0,882100.0,611800.0
BHAT,Bhakti Multi Artha Tbk.,1770.0,0.0,0.0,0.0,1770.0,0.0,0.0,0.0,0.0,0.0,0.0
BHIT,MNC Asia Holding Tbk.,24.0,0.0,24.0,24.0,24.0,0.0,7079900.0,169917600.0,163.0,1500000.0,0.0
BIKA,Binakarya Jaya Abadi Tbk.,55.0,0.0,0.0,0.0,55.0,0.0,0.0,0.0,0.0,0.0,0.0
BIKE,Bhineka Inovasi Ketahanan Energi Tbk.,1130.0,0.0,1130.0,1085.0,1095.0,-35.0,759100.0,835850500.0,209.0,0.0,0.0
BIMA,Primarindo Asia Infrastructure Tbk.,82.0,0.0,0.0,0.0,82.0,0.0,0.0,0.0,0.0,0.0,0.0
BINA,Bank Ina Perdana Tbk.,4050.0,0.0,4070.0,3970.0,4020.0,-30.0,470500.0,1880767000.0,190.0,0.0,40300.0
BINO,Perma Plasindo Tbk.,116.0,0.0,117.0,112.0,113.0,-3.0,517100.0,59417100.0,117.0,19000.0,0.0
BIPI,Astrindo Nusantara Infrastruktur Tbk.,150.0,150.0,153.0,145.0,150.0,0.0,514835800.0,76312383700.0,14651.0,32392500.0,65827300.0
BIPP,Bhuwanatala Indah Permai Tbk.,66.0,65.0,66.0,62.0,64.0,-2.0,8560700.0,546801400.0,625.0,588500.0,206000.0
BIRD,Blue Bird Tbk.,1600.0,1600.0,1600.0,1585.0,1590.0,-10.0,389900.0,620800500.0,449.0,4800.0,192700.0
BISI,BISI International Tbk.,725.0,0.0,740.0,720.0,725.0,0.0,275200.0,199830500.0,121.0,40500.0,0.0
BJBR,Bank Pembangunan Daerah Jawa Barat dan Banten Tbk.,765.0,765.0,770.0,755.0,760.0,-5.0,4975100.0,3781231000.0,1611.0,146300.0,1091300.0
BJTM,Bank Pembangunan Daerah Jawa Timur Tbk.,515.0,515.0,520.0,510.0,515.0,0.0,5948200.0,3063313500.0,1857.0,49400.0,2553000.0
BKDP,Bukit Darmo Property Tbk,179.0,180.0,181.0,165.0,168.0,-11.0,10305500.0,1773546300.0,1132.0,892400.0,105200.0
BKSL,Sentul City Tbk.,68.0,68.0,69.0,63.0,64.0,-4.0,141137100.0,9218714300.0,5763.0,27159300.0,15008700.0
BKSW,Bank QNB Indonesia Tbk.,51.0,51.0,51.0,50.0,50.0,-1.0,3743300.0,187235900.0,206.0,0.0,0.0
BLES,Superior Prima Sukses Tbk.,193.0,193.0,196.0,191.0,192.0,-1.0,9441200.0,1826742900.0,896.0,763100.0,1034500.0
BLOG,Trimitra Trans Persada Tbk.,364.0,364.0,364.0,356.0,360.0,-4.0,336800.0,120811800.0,99.0,0.0,18100.0
BLTA,Berlian Laju Tanker Tbk,32.0,0.0,32.0,32.0,32.0,0.0,6191100.0,198115200.0,195.0,0.0,0.0
BLTZ,Graha Layar Prima Tbk.,2000.0,0.0,0.0,0.0,2000.0,0.0,0.0,0.0,0.0,0.0,0.0
BLUE,Berkah Prima Perkasa Tbk.,3000.0,3080.0,3100.0,2780.0,2860.0,-140.0,449800.0,1316064000.0,449.0,15300.0,43700.0
BMAS,Bank Kasikorn Indonesia Tbk.,510.0,510.0,510.0,500.0,505.0,-5.0,190500.0,96135000.0,49.0,0.0,0.0
BMBL,Lavender Bina Cendikia Tbk.,29.0,0.0,30.0,28.0,29.0,0.0,19858300.0,565636700.0,395.0,0.0,0.0
BMHS,Bundamedik Tbk.,199.0,200.0,202.0,196.0,200.0,1.0,943000.0,187583300.0,113.0,1200.0,62400.0
BMRI,Bank Mandiri (Persero) Tbk.,4200.0,4190.0,4230.0,4160.0,4160.0,-40.0,123121600.0,514998693000.0,30405.0,58634300.0,79002800.0
BMSR,Bintang Mitra Semestaraya Tbk,358.0,0.0,364.0,324.0,324.0,-34.0,288100.0,95926400.0,124.0,6600.0,900.0
BMTR,Global Mediacom Tbk.,111.0,112.0,112.0,107.0,109.0,-2.0,48918100.0,5331193600.0,2397.0,17778000.0,20551600.0
BNBA,Bank Bumi Arta Tbk.,800.0,800.0,800.0,760.0,760.0,-40.0,745800.0,581816000.0,93.0,73000.0,56000.0
BNBR,Bakrie & Brothers Tbk,87.0,87.0,88.0,81.0,83.0,-4.0,939179800.0,78110093500.0,17555.0,329257900.0,251974400.0
BNGA,Bank CIMB Niaga Tbk.,1755.0,1755.0,1760.0,1725.0,1735.0,-20.0,3858100.0,6720689500.0,979.0,1622600.0,1306400.0
BNII,Bank Maybank Indonesia Tbk.,192.0,192.0,194.0,190.0,190.0,-2.0,1164500.0,221868300.0,158.0,91700.0,301100.0
BNLI,Bank Permata Tbk.,2090.0,0.0,2150.0,2040.0,2080.0,-10.0,31700.0,65254000.0,52.0,0.0,500.0
BOAT,Newport Marine Services Tbk.,138.0,137.0,139.0,134.0,139.0,1.0,2395600.0,328613800.0,309.0,363900.0,102400.0
BOBA,Formosa Ingredient Factory Tbk.,206.0,208.0,210.0,202.0,206.0,0.0,285700.0,58765200.0,112.0,600.0,56800.0
BOGA,Apollo Global Interactive Tbk.,1560.0,0.0,1590.0,1550.0,1555.0,-5.0,5000.0,7769500.0,12.0,0.0,0.0
BOLA,Bali Bintang Sejahtera Tbk.,173.0,173.0,174.0,165.0,171.0,-2.0,724000.0,122850100.0,77.0,1200.0,38600.0
BOLT,Garuda Metalindo Tbk.,830.0,830.0,835.0,765.0,785.0,-45.0,52200.0,41502000.0,103.0,5400.0,100.0
BOSS,Borneo Olah Sarana Sukses Tbk.,50.0,0.0,0.0,0.0,50.0,0.0,0.0,0.0,0.0,0.0,0.0
BPFI,Woori Finance Indonesia Tbk.,250.0,248.0,250.0,238.0,248.0,-2.0,101600.0,24843800.0,47.0,7500.0,16600.0
BPII,Batavia Prosperindo Internasional Tbk.,468.0,0.0,458.0,444.0,444.0,-24.0,3900.0,1752400.0,13.0,800.0,0.0
BPTR,Batavia Prosperindo Trans Tbk.,74.0,75.0,99.0,73.0,99.0,25.0,236026000.0,22053963600.0,14217.0,11329600.0,11576300.0
BRAM,Indo Kordsa Tbk.,4680.0,0.0,4690.0,4630.0,4690.0,10.0,200.0,932000.0,2.0,0.0,0.0
BREN,Barito Renewables Energy Tbk.,3090.0,3110.0,3110.0,3000.0,3020.0,-70.0,9107500.0,27670316000.0,4630.0,4182500.0,2959700.0
BRIS,Bank Syariah Indonesia (Persero) Tbk.,1580.0,1580.0,1605.0,1575.0,1590.0,10.0,17175400.0,27267028500.0,6264.0,3002800.0,5825900.0
BRMS,Bumi Resources Minerals Tbk.,690.0,695.0,700.0,655.0,665.0,-25.0,227947700.0,152402415000.0,22406.0,53268300.0,50275900.0
BRNA,Berlina Tbk.,660.0,660.0,685.0,640.0,645.0,-15.0,483200.0,316457000.0,302.0,26800.0,25700.0
BRPT,Barito Pacific Tbk.,1610.0,1610.0,1630.0,1545.0,1565.0,-45.0,57041500.0,90118258000.0,13913.0,6594600.0,21795600.0
BRRC,Raja Roti Cemerlang Tbk.,68.0,67.0,76.0,65.0,66.0,-2.0,83171100.0,5872912100.0,9755.0,1871200.0,2048400.0
BSBK,Wulandari Bangun Laksana Tbk.,50.0,50.0,50.0,50.0,50.0,0.0,215200.0,10760000.0,71.0,0.0,0.0
BSDE,Bumi Serpong Damai Tbk.,595.0,595.0,600.0,570.0,575.0,-20.0,63466600.0,36752958500.0,4052.0,4514300.0,11400900.0
BSIM,Bank Sinarmas Tbk.,1000.0,1000.0,1020.0,900.0,995.0,-5.0,70000.0,68285000.0,112.0,5200.0,10100.0
BSML,Bintang Samudera Mandiri Lines Tbk.,550.0,550.0,555.0,535.0,550.0,0.0,11945500.0,6491575500.0,701.0,2450100.0,1117900.0
BSSR,Baramulti Suksessarana Tbk.,4920.0,5100.0,5500.0,5100.0,5475.0,555.0,11505100.0,61947630000.0,8119.0,3762800.0,1750100.0
BSWD,Bank Of India Indonesia Tbk.,1500.0,0.0,0.0,0.0,1500.0,0.0,0.0,0.0,0.0,0.0,0.0
BTEK,Bumi Teknokultura Unggul Tbk,12.0,0.0,11.0,11.0,11.0,-1.0,78621900.0,864840900.0,599.0,0.0,0.0
BTEL,Bakrie Telecom Tbk.,50.0,0.0,0.0,0.0,50.0,0.0,0.0,0.0,0.0,0.0,0.0
BTON,Betonjaya Manunggal Tbk.,374.0,0.0,376.0,350.0,358.0,-16.0,40800.0,14562200.0,44.0,0.0,0.0
BTPN,Bank SMBC Indonesia Tbk.,2300.0,0.0,2410.0,2270.0,2340.0,40.0,15300.0,35832000.0,47.0,0.0,2700.0
BTPS,Bank BTPN Syariah Tbk.,995.0,1000.0,1015.0,950.0,965.0,-30.0,10108300.0,9872421500.0,3291.0,1857500.0,3327000.0
BUAH,Segar Kumala Indonesia Tbk.,496.0,494.0,498.0,484.0,490.0,-6.0,205200.0,100357600.0,131.0,0.0,19200.0
BUDI,Budi Starch & Sweetener Tbk.,228.0,226.0,230.0,224.0,228.0,0.0,413500.0,94098600.0,124.0,58600.0,8000.0
BUKA,Bukalapak.com Tbk.,107.0,107.0,111.0,105.0,106.0,-1.0,88056800.0,9476486000.0,1670.0,46582200.0,21055600.0
BUKK,Bukaka Teknik Utama Tbk.,1035.0,0.0,1035.0,1005.0,1035.0,0.0,95900.0,98603000.0,29.0,0.0,0.0
BULL,Buana Lintas Lautan Tbk.,404.0,404.0,408.0,386.0,400.0,-4.0,328064100.0,129874980800.0,15309.0,23308900.0,61411900.0
BUMI,Bumi Resources Tbk.,192.0,193.0,194.0,182.0,184.0,-8.0,3843560500.0,714088087500.0,66769.0,529542800.0,455933700.0
BUVA,Bukit Uluwatu Villa Tbk.,680.0,680.0,700.0,655.0,700.0,20.0,59373000.0,40035556000.0,8150.0,2730200.0,10157500.0
BVIC,Bank Victoria International Tbk.,93.0,93.0,93.0,91.0,91.0,-2.0,1469300.0,134305500.0,149.0,428500.0,134300.0
BWPT,Eagle High Plantations Tbk.,122.0,124.0,124.0,112.0,113.0,-9.0,258079200.0,29989994400.0,7877.0,66050600.0,68368000.0
BYAN,Bayan Resources Tbk.,13125.0,13125.0,13575.0,11800.0,11850.0,-1275.0,7785600.0,97381830000.0,8124.0,1749900.0,4540800.0
CAKK,Cahayaputra Asa Keramik Tbk.,159.0,160.0,163.0,151.0,157.0,-2.0,306900.0,47412000.0,70.0,31100.0,0.0
CAMP,Campina Ice Cream Industry Tbk.,190.0,190.0,195.0,181.0,183.0,-7.0,5504300.0,1029274200.0,906.0,117400.0,51000.0
CANI,Capitol Nusantara Indonesia Tbk.,135.0,0.0,0.0,0.0,135.0,0.0,0.0,0.0,0.0,0.0,0.0
CARE,Metro Healthcare Indonesia Tbk.,404.0,406.0,406.0,390.0,396.0,-8.0,563000.0,222784600.0,245.0,300.0,444500.0
CARS,Industri dan Perdagangan Bintraco Dharma Tbk.,119.0,119.0,127.0,116.0,122.0,3.0,24309100.0,2933384600.0,1067.0,844000.0,1703500.0
CASA,Capital Financial Indonesia Tbk.,1805.0,0.0,1930.0,1800.0,1805.0,0.0,8500.0,15953500.0,25.0,0.0,500.0
CASH,Cashlez Worldwide Indonesia Tbk.,264.0,0.0,248.0,238.0,238.0,-26.0,1872500.0,451262600.0,189.0,0.0,0.0
CASS,Cahaya Aero Services Tbk.,1840.0,1875.0,1875.0,1835.0,1835.0,-5.0,134900.0,248028500.0,196.0,10800.0,126800.0
CBDK,Bangun Kosambi Sukses Tbk.,3680.0,3680.0,3720.0,3530.0,3620.0,-60.0,1756200.0,6303411000.0,1150.0,407300.0,116200.0
CBMF,Cahaya Bintang Medan Tbk.,50.0,0.0,0.0,0.0,50.0,0.0,0.0,0.0,0.0,0.0,0.0
CBPE,Citra Buana Prasida Tbk.,498.0,0.0,525.0,484.0,500.0,2.0,77400.0,38319000.0,82.0,5300.0,0.0
CBRE,Cakra Buana Resources Energi Tbk.,760.0,760.0,775.0,730.0,760.0,0.0,16724500.0,12506307000.0,2474.0,2883500.0,4348600.0
CBUT,Citra Borneo Utama Tbk.,995.0,1030.0,1030.0,960.0,960.0,-35.0,64500.0,62763000.0,101.0,0.0,2400.0
CCSI,Communication Cable Systems Indonesia Tbk.,394.0,396.0,450.0,396.0,406.0,12.0,7866000.0,3319013800.0,2342.0,603600.0,1096800.0
CDIA,Chandra Daya Investasi Tbk.,635.0,640.0,645.0,610.0,620.0,-15.0,38541900.0,23978470500.0,6927.0,5000700.0,4522100.0
CEKA,Wilmar Cahaya Indonesia Tbk.,2200.0,0.0,2220.0,2170.0,2170.0,-30.0,13300.0,29054000.0,24.0,0.0,0.0
CENT,Centratama Telekomunikasi Indonesia Tbk.,110.0,113.0,113.0,103.0,107.0,-3.0,17945900.0,1906074500.0,1724.0,1783300.0,2307300.0
CFIN,Clipan Finance Indonesia Tbk.,366.0,366.0,366.0,358.0,366.0,0.0,2013000.0,731008600.0,296.0,518900.0,15400.0
CGAS,Citra Nusantara Gemilang Tbk.,152.0,152.0,153.0,146.0,148.0,-4.0,4757100.0,707344100.0,613.0,0.0,561100.0
CHEK,Diastika Biotekindo Tbk.,129.0,129.0,138.0,129.0,132.0,3.0,2265500.0,301844200.0,325.0,228400.0,135600.0
CHEM,Chemstar Indonesia Tbk.,72.0,72.0,73.0,67.0,67.0,-5.0,25383200.0,1752807100.0,1702.0,97400.0,92100.0
CHIP,Pelita Teknologi Global Tbk.,735.0,0.0,740.0,700.0,720.0,-15.0,138900.0,99956000.0,130.0,17300.0,4500.0
CINT,Chitose Internasional Tbk.,198.0,198.0,200.0,190.0,190.0,-8.0,1083400.0,209110000.0,317.0,41100.0,0.0
CITA,Cita Mineral Investindo Tbk.,3490.0,3490.0,3500.0,3440.0,3470.0,-20.0,82300.0,285203000.0,83.0,0.0,5400.0
CITY,Natura City Developments Tbk.,177.0,0.0,177.0,169.0,171.0,-6.0,427300.0,73256500.0,183.0,0.0,65300.0
CLAY,Citra Putra Realty Tbk.,2750.0,0.0,2750.0,2600.0,2750.0,0.0,26200.0,71371000.0,38.0,0.0,1600.0
CLEO,Sariguna Primatirta Tbk.,414.0,414.0,416.0,400.0,406.0,-8.0,13477100.0,5462998200.0,1780.0,1840400.0,2450800.0
CLPI,Colorpak Indonesia Tbk.,1605.0,1605.0,1610.0,1585.0,1595.0,-10.0,70000.0,111633500.0,105.0,0.0,17800.0
CMNP,Citra Marga Nusaphala Persada Tbk.,1395.0,0.0,1410.0,1350.0,1395.0,0.0,111500.0,152242000.0,112.0,13200.0,2700.0
CMNT,Cemindo Gemilang Tbk.,750.0,750.0,750.0,735.0,740.0,-10.0,20727200.0,15371689500.0,380.0,11268500.0,4692800.0
CMPP,AirAsia Indonesia Tbk.,69.0,0.0,0.0,0.0,69.0,0.0,0.0,0.0,0.0,0.0,0.0
CMRY,Cisarua Mountain Dairy Tbk.,4460.0,4460.0,4550.0,4460.0,4480.0,20.0,4706500.0,21161653000.0,2975.0,3665200.0,3547800.0
CNKO,Exploitasi Energi Indonesia Tbk.,37.0,0.0,0.0,0.0,37.0,0.0,0.0,0.0,0.0,0.0,0.0
CNMA,Nusantara Sejahtera Raya Tbk.,91.0,91.0,91.0,89.0,90.0,-1.0,18010600.0,1620587600.0,894.0,61300.0,4567700.0
COAL,Black Diamond Resources Tbk.,31.0,0.0,0.0,0.0,31.0,0.0,0.0,0.0,0.0,0.0,0.0
COCO,Wahana Interfood Nusantara Tbk.,131.0,131.0,134.0,115.0,118.0,-13.0,869686800.0,105255597200.0,22236.0,137010500.0,111408200.0
COIN,Indokripto Koin Semesta Tbk.,850.0,885.0,915.0,805.0,840.0,-10.0,177155300.0,152806362500.0,25684.0,30851700.0,37746000.0
COWL,Cowell Development Tbk.,50.0,0.0,0.0,0.0,50.0,0.0,0.0,0.0,0.0,0.0,0.0
CPIN,Charoen Pokphand Indonesia Tbk,3110.0,3140.0,3190.0,3090.0,3140.0,30.0,31524500.0,99090274000.0,8099.0,19735200.0,14258100.0
CPRI,Capri Nusa Satu Properti Tbk.,50.0,0.0,0.0,0.0,50.0,0.0,0.0,0.0,0.0,0.0,0.0
CPRO,Central Proteina Prima Tbk.,50.0,50.0,50.0,50.0,50.0,0.0,719500.0,35975000.0,68.0,0.0,0.0
CRAB,Toba Surimi Industries Tbk.,226.0,226.0,226.0,216.0,218.0,-8.0,1461700.0,319704600.0,158.0,0.0,0.0
CRSN,Carsurin Tbk.,142.0,150.0,150.0,135.0,135.0,-7.0,1438100.0,198763100.0,360.0,62000.0,72900.0
CSAP,Catur Sentosa Adiprana Tbk.,292.0,0.0,290.0,286.0,290.0,-2.0,55300.0,15881800.0,35.0,100.0,0.0
CSIS,Cahayasakti Investindo Sukses Tbk.,204.0,202.0,206.0,197.0,198.0,-6.0,2339900.0,466778900.0,325.0,9600.0,141000.0
CSMI,Cipta Selera Murni Tbk.,234.0,250.0,274.0,220.0,240.0,6.0,301176000.0,74885181000.0,33055.0,1509900.0,6555100.0
CSRA,Cisadane Sawit Raya Tbk.,750.0,750.0,755.0,710.0,735.0,-15.0,530800.0,387443000.0,163.0,2700.0,21700.0
CTBN,Citra Tubindo Tbk.,3050.0,0.0,3130.0,3000.0,3060.0,10.0,23000.0,69316000.0,66.0,3000.0,3700.0
CTRA,Ciputra Development Tbk.,560.0,565.0,575.0,560.0,565.0,5.0,9579200.0,5433685500.0,1339.0,4455500.0,2069900.0
CTTH,Citatah Tbk.,126.0,126.0,128.0,121.0,123.0,-3.0,7913100.0,974478100.0,859.0,627100.0,373200.0
CUAN,Petrindo Jaya Kreasi Tbk.,930.0,940.0,950.0,900.0,950.0,20.0,315325400.0,292929908500.0,23972.0,94930000.0,69109200.0
CYBR,ITSEC Asia Tbk.,510.0,510.0,535.0,510.0,525.0,15.0,30501800.0,15928857000.0,1549.0,4359200.0,2832500.0
DAAZ,Daaz Bara Lestari Tbk.,1625.0,0.0,1650.0,1540.0,1610.0,-15.0,420700.0,677056000.0,249.0,9100.0,131900.0
DADA,Diamond Citra Propertindo Tbk.,50.0,50.0,50.0,50.0,50.0,0.0,12400.0,620000.0,30.0,0.0,0.0
DART,Duta Anggada Realty Tbk.,171.0,171.0,172.0,165.0,166.0,-5.0,449900.0,75256500.0,133.0,0.0,0.0
DATA,Remala Abadi Tbk.,1680.0,0.0,1710.0,1615.0,1630.0,-50.0,1287300.0,2126830500.0,715.0,158300.0,199500.0
DAYA,Duta Intidaya Tbk.,1080.0,1110.0,1215.0,1075.0,1100.0,20.0,13400.0,14914500.0,65.0,0.0,0.0
DCII,DCI Indonesia Tbk.,201775.0,0.0,201775.0,198000.0,198000.0,-3775.0,300.0,60155000.0,2.0,0.0,0.0
DEAL,Dewata Freightinternational Tbk.,6.0,0.0,0.0,0.0,6.0,0.0,0.0,0.0,0.0,0.0,0.0
DEFI,Danasupra Erapacific Tbk.,109.0,109.0,109.0,102.0,104.0,-5.0,31811800.0,3344474100.0,3033.0,4732400.0,1781900.0
DEPO,Caturkarda Depo Bangunan Tbk.,246.0,246.0,246.0,240.0,242.0,-4.0,123900.0,30087800.0,46.0,14100.0,8700.0
DEWA,Darma Henwa Tbk,364.0,366.0,370.0,344.0,348.0,-16.0,553298100.0,194834632600.0,26997.0,182931200.0,102862600.0
DEWI,Dewi Shri Farmindo Tbk.,188.0,187.0,189.0,180.0,185.0,-3.0,91169500.0,16865263400.0,2397.0,13851700.0,7557100.0
DFAM,Dafam Property Indonesia Tbk.,92.0,92.0,111.0,89.0,110.0,18.0,261700600.0,26640474200.0,11386.0,5156400.0,6418400.0
DGIK,Nusa Konstruksi Enjiniring Tbk.,139.0,142.0,145.0,134.0,136.0,-3.0,13022300.0,1789721200.0,1160.0,557300.0,2240800.0
DGNS,Diagnos Laboratorium Utama Tbk.,276.0,276.0,276.0,254.0,258.0,-18.0,1409000.0,370347600.0,164.0,5300.0,50200.0
DGWG,Delta Giri Wacana Tbk.,324.0,324.0,326.0,316.0,320.0,-4.0,9457700.0,3020842400.0,1511.0,987900.0,1057600.0
DIGI,Arkadia Digital Media Tbk.,29.0,0.0,0.0,0.0,29.0,0.0,0.0,0.0,0.0,0.0,0.0
DILD,Intiland Development Tbk.,116.0,116.0,117.0,114.0,115.0,-1.0,9155300.0,1055746100.0,692.0,79500.0,3158900.0
DIVA,Distribusi Voucher Nusantara Tbk.,141.0,143.0,147.0,137.0,137.0,-4.0,6120100.0,868613400.0,651.0,213500.0,395800.0
DKFT,Central Omega Resources Tbk.,680.0,680.0,680.0,650.0,660.0,-20.0,3454200.0,2277962000.0,834.0,917100.0,552800.0
DKHH,Cipta Sarana Medika Tbk.,68.0,68.0,69.0,66.0,68.0,0.0,7082600.0,475811600.0,792.0,663000.0,280600.0
DLTA,Delta Djakarta Tbk.,1785.0,1790.0,1795.0,1780.0,1785.0,0.0,67100.0,119746500.0,55.0,24400.0,16300.0
DMAS,Puradelta Lestari Tbk.,189.0,189.0,190.0,182.0,182.0,-7.0,181619900.0,33497715600.0,10431.0,62949100.0,21587200.0
DMMX,Digital Mediatama Maxima Tbk.,186.0,186.0,189.0,185.0,186.0,0.0,687800.0,128278200.0,161.0,0.0,0.0
DMND,Diamond Food Indonesia Tbk.,650.0,665.0,750.0,640.0,670.0,20.0,428300.0,298953500.0,245.0,12600.0,20600.0
DNAR,Bank Oke Indonesia Tbk.,129.0,0.0,130.0,126.0,127.0,-2.0,614600.0,78555300.0,106.0,2700.0,95600.0
DNET,Indoritel Makmur Internasional Tbk.,9725.0,0.0,9900.0,9725.0,9725.0,0.0,11700.0,113835000.0,13.0,0.0,0.0
DOID,BUMA Internasional Grup Tbk.,224.0,230.0,242.0,224.0,224.0,0.0,7556000.0,1758297200.0,1099.0,332000.0,1259700.0
DOOH,Era Media Sejahtera Tbk.,376.0,376.0,410.0,368.0,378.0,2.0,131283200.0,50763447400.0,9240.0,5417700.0,20148300.0
DOSS,Global Sukses Digital Tbk.,171.0,173.0,173.0,165.0,172.0,1.0,1196100.0,201266900.0,216.0,166800.0,0.0
DPNS,Duta Pertiwi Nusantara Tbk.,310.0,0.0,0.0,0.0,310.0,0.0,0.0,0.0,0.0,0.0,0.0
DPUM,Dua Putra Utama Makmur Tbk.,159.0,162.0,162.0,145.0,147.0,-12.0,75164700.0,11373651400.0,8992.0,2045900.0,13893900.0
DRMA,Dharma Polimetal Tbk.,945.0,935.0,965.0,935.0,960.0,15.0,520600.0,498028000.0,239.0,128200.0,264000.0
DSFI,Dharma Samudera Fishing Industries Tbk.,96.0,98.0,116.0,96.0,108.0,12.0,372747900.0,40431936300.0,19316.0,6072700.0,6082700.0
DSNG,Dharma Satya Nusantara Tbk.,1650.0,1655.0,1665.0,1510.0,1540.0,-110.0,9180000.0,14207260500.0,5827.0,1452400.0,1809200.0
DSSA,Dian Swastatika Sentosa Tbk,1025.0,1030.0,1040.0,960.0,980.0,-45.0,494919200.0,490710485000.0,48015.0,89598600.0,67106600.0
DUCK,Jaya Bersama Indo Tbk.,176.0,0.0,0.0,0.0,176.0,0.0,0.0,0.0,0.0,0.0,0.0
DUTI,Duta Pertiwi Tbk,4800.0,0.0,4790.0,4790.0,4790.0,-10.0,100.0,479000.0,1.0,0.0,0.0
DVLA,Darya-Varia Laboratoria Tbk.,1575.0,0.0,1585.0,1575.0,1580.0,5.0,20500.0,32402500.0,28.0,300.0,12900.0
DWGL,Dwi Guna Laksana Tbk.,222.0,224.0,226.0,216.0,220.0,-2.0,2266100.0,499627200.0,561.0,132200.0,90100.0
DYAN,Dyandra Media International Tbk.,86.0,92.0,116.0,91.0,99.0,13.0,722979100.0,76649066000.0,46133.0,41883500.0,41055500.0
EAST,Eastparc Hotel Tbk.,89.0,90.0,90.0,88.0,89.0,0.0,1666300.0,148213700.0,374.0,4200.0,239700.0
ECII,Electronic City Indonesia Tbk.,166.0,0.0,170.0,161.0,164.0,-2.0,3862200.0,642081900.0,471.0,439000.0,51000.0
EDGE,Indointernet Tbk.,4790.0,0.0,0.0,0.0,4790.0,0.0,0.0,0.0,0.0,0.0,0.0
EKAD,Ekadharma International Tbk.,400.0,404.0,408.0,394.0,396.0,-4.0,3565100.0,1419866400.0,875.0,216500.0,388100.0
ELIT,Data Sinergitama Jaya Tbk.,274.0,274.0,288.0,262.0,276.0,2.0,19092900.0,5241485400.0,2094.0,2873200.0,2585300.0
ELPI,Pelayaran Nasional Ekalya Purnamasari Tbk.,605.0,600.0,605.0,575.0,580.0,-25.0,1067100.0,624663000.0,566.0,59400.0,19300.0
ELSA,Elnusa Tbk.,695.0,695.0,700.0,680.0,680.0,-15.0,15075400.0,10334700000.0,2506.0,2674600.0,5457300.0
ELTY,Bakrieland Development Tbk.,33.0,0.0,32.0,31.0,32.0,-1.0,71641200.0,2247816900.0,1222.0,2833000.0,0.0
EMAS,Merdeka Gold Resources Tbk.,7600.0,7600.0,7750.0,7550.0,7600.0,0.0,7648200.0,58345907500.0,4582.0,3199700.0,2481400.0
EMDE,Megapolitan Developments Tbk.,78.0,79.0,79.0,75.0,76.0,-2.0,3580900.0,273508100.0,566.0,473800.0,12500.0
EMMI,Esa Medika Mandiri Tbk.,362.0,364.0,364.0,350.0,364.0,2.0,2331900.0,834110400.0,917.0,23500.0,14600.0
EMTK,Elang Mahkota Teknologi Tbk.,464.0,464.0,470.0,444.0,448.0,-16.0,50666700.0,22861658200.0,4875.0,14512600.0,19773400.0
ENAK,Champ Resto Indonesia Tbk.,214.0,216.0,220.0,204.0,206.0,-8.0,526100.0,109237600.0,234.0,0.0,0.0
ENRG,Energi Mega Persada Tbk.,1275.0,1280.0,1290.0,1205.0,1220.0,-55.0,61290000.0,76114714000.0,10441.0,11221200.0,8601600.0
ENVY,Envy Technologies Indonesia Tbk.,50.0,0.0,0.0,0.0,50.0,0.0,0.0,0.0,0.0,0.0,0.0
ENZO,Morenzo Abadi Perkasa Tbk.,74.0,74.0,80.0,72.0,75.0,1.0,34839200.0,2635578500.0,3806.0,257800.0,2633000.0
EPAC,Megalestari Epack Sentosaraya Tbk.,50.0,50.0,50.0,50.0,50.0,0.0,1078000.0,53900000.0,130.0,0.0,0.0
EPMT,Enseval Putera Megatrading Tbk.,2630.0,0.0,2640.0,2630.0,2640.0,10.0,80300.0,211194000.0,73.0,61600.0,900.0
ERAA,Erajaya Swasembada Tbk.,625.0,625.0,630.0,605.0,610.0,-15.0,89457500.0,54638505500.0,5804.0,43739900.0,27604800.0
ERAL,Sinar Eka Selaras Tbk.,318.0,320.0,322.0,306.0,306.0,-12.0,7664800.0,2382154200.0,1157.0,929600.0,1352900.0
ERTX,Eratex Djaja Tbk.,176.0,176.0,181.0,171.0,174.0,-2.0,1260500.0,222061000.0,422.0,3800.0,106100.0
ESIP,Sinergi Inti Plastindo Tbk.,116.0,117.0,118.0,112.0,113.0,-3.0,12392100.0,1407277900.0,1091.0,1357900.0,1302200.0
ESSA,ESSA Industries Indonesia Tbk.,600.0,605.0,610.0,585.0,595.0,-5.0,84908300.0,50522738000.0,7185.0,27132700.0,32241700.0
ESTA,Esta Multi Usaha Tbk.,188.0,188.0,192.0,177.0,179.0,-9.0,4506400.0,817047900.0,733.0,48400.0,48400.0
ESTI,Ever Shine Tex Tbk.,160.0,161.0,174.0,153.0,158.0,-2.0,25109400.0,4139041100.0,3979.0,2868000.0,4801400.0
ETWA,Eterindo Wahanatama Tbk,70.0,0.0,0.0,0.0,70.0,0.0,0.0,0.0,0.0,0.0,0.0
EURO,Estee Gold Feet Tbk.,1495.0,0.0,1500.0,1405.0,1490.0,-5.0,144500.0,209522000.0,164.0,5800.0,27700.0
EXCL,XLSMART Telecom Sejahtera Tbk.,2420.0,2430.0,2500.0,2380.0,2410.0,-10.0,8627100.0,20900042000.0,3276.0,1328500.0,4187300.0
FAPA,FAP Agri Tbk.,7425.0,0.0,0.0,0.0,7425.0,0.0,0.0,0.0,0.0,0.0,0.0
FAST,Fast Food Indonesia Tbk.,422.0,424.0,440.0,418.0,424.0,2.0,9871200.0,4215757000.0,1999.0,1110100.0,1674800.0
FASW,Fajar Surya Wisesa Tbk.,5275.0,0.0,0.0,0.0,5275.0,0.0,0.0,0.0,0.0,0.0,0.0
FILM,MD Entertainment Tbk.,735.0,740.0,760.0,705.0,720.0,-15.0,12674200.0,9168570500.0,2378.0,2794000.0,3551300.0
FIMP,Fimperkasa Utama Tbk.,69.0,0.0,0.0,0.0,69.0,0.0,0.0,0.0,0.0,0.0,0.0
FIRE,Alfa Energi Investama Tbk.,127.0,127.0,129.0,118.0,119.0,-8.0,19263700.0,2356650000.0,1705.0,1969900.0,4220900.0
FISH,FKS Multi Agro Tbk.,630.0,630.0,725.0,590.0,670.0,40.0,889700.0,597516500.0,879.0,45000.0,71100.0
FITT,Fortune Resources Investment Tbk.,438.0,440.0,448.0,426.0,448.0,10.0,1752700.0,762152800.0,204.0,121500.0,21100.0
FLMC,Falmaco Nonwoven Industri Tbk.,104.0,0.0,114.0,101.0,114.0,10.0,6012000.0,681214000.0,727.0,0.0,0.0
FMII,Fortune Mate Indonesia Tbk,238.0,0.0,242.0,238.0,240.0,2.0,26000.0,6212400.0,21.0,0.0,2700.0
FOLK,Multi Garam Utama Tbk.,256.0,260.0,262.0,232.0,232.0,-24.0,28592800.0,6968369000.0,4049.0,1663500.0,2177600.0
FOOD,Sentra Food Indonesia Tbk.,176.0,0.0,0.0,0.0,176.0,0.0,0.0,0.0,0.0,0.0,0.0
FORE,Fore Kopi Indonesia Tbk.,785.0,790.0,810.0,790.0,805.0,20.0,4713700.0,3776024500.0,1355.0,3291000.0,1505700.0
FORU,Fortune Indonesia Tbk,131.0,176.0,176.0,176.0,176.0,45.0,145600.0,25625600.0,99.0,0.0,0.0
FPNI,Lotte Chemical Titan Tbk.,540.0,545.0,555.0,515.0,525.0,-15.0,6894500.0,3639870500.0,1657.0,2044700.0,745800.0
FUJI,Fuji Finance Indonesia Tbk.,266.0,0.0,306.0,264.0,290.0,24.0,6206400.0,1779243200.0,1576.0,866000.0,963100.0
FUTR,Futura Energi Global Tbk.,254.0,254.0,268.0,246.0,256.0,2.0,31206100.0,8019500600.0,2484.0,6487800.0,8387000.0
FWCT,Wijaya Cahaya Timber Tbk.,89.0,89.0,89.0,85.0,87.0,-2.0,3064900.0,264238400.0,452.0,4700.0,8200.0
GAMA,Aksara Global Development Tbk.,18.0,0.0,0.0,0.0,18.0,0.0,0.0,0.0,0.0,0.0,0.0
GDST,Gunawan Dianjaya Steel Tbk.,139.0,139.0,140.0,122.0,122.0,-17.0,46399400.0,6030996300.0,5317.0,2613300.0,4117500.0
GDYR,Goodyear Indonesia Tbk.,1110.0,0.0,1115.0,1085.0,1085.0,-25.0,27200.0,29689000.0,18.0,0.0,0.0
GEMA,Gema Grahasarana Tbk.,90.0,90.0,91.0,86.0,86.0,-4.0,2018600.0,177109600.0,314.0,18600.0,17400.0
GEMS,Golden Energy Mines Tbk.,7375.0,7375.0,7375.0,7150.0,7200.0,-175.0,229700.0,1674670000.0,188.0,1300.0,151300.0
GGRM,Gudang Garam Tbk.,17650.0,17700.0,18000.0,17575.0,17700.0,50.0,714100.0,12687480000.0,1285.0,434400.0,195400.0
GGRP,Gunung Raja Paksi Tbk.,336.0,338.0,340.0,332.0,334.0,-2.0,1276000.0,427405200.0,259.0,2200.0,18500.0
GHON,Gihon Telekomunikasi Indonesia Tbk.,1640.0,0.0,1655.0,1635.0,1655.0,15.0,1900.0,3108500.0,9.0,0.0,0.0
GIAA,Garuda Indonesia (Persero) Tbk.,63.0,63.0,64.0,61.0,61.0,-2.0,57046600.0,3538733000.0,1765.0,3440800.0,3160800.0
GJTL,Gajah Tunggal Tbk.,1305.0,1305.0,1330.0,1300.0,1300.0,-5.0,3342800.0,4375499500.0,663.0,631900.0,763700.0
GLOB,Globe Kita Terang Tbk.,155.0,0.0,0.0,0.0,155.0,0.0,0.0,0.0,0.0,0.0,0.0
GLVA,Galva Technologies Tbk.,326.0,342.0,342.0,326.0,340.0,14.0,394900.0,133219200.0,224.0,18500.0,12400.0
GMFI,Garuda Maintenance Facility Aero Asia Tbk.,56.0,56.0,57.0,55.0,56.0,0.0,110049700.0,6146954200.0,3707.0,14518600.0,6961000.0
GMTD,Gowa Makassar Tourism Development Tbk.,1205.0,0.0,1220.0,1185.0,1195.0,-10.0,12600.0,15023500.0,35.0,3800.0,600.0
GOLD,Visi Telekomunikasi Infrastruktur Tbk.,280.0,0.0,280.0,268.0,278.0,-2.0,111600.0,30338000.0,75.0,9600.0,0.0
GOLF,Intra Golflink Resorts Tbk.,179.0,180.0,181.0,171.0,176.0,-3.0,5605600.0,985753800.0,563.0,113500.0,378400.0
GOLL,Golden Plantation Tbk.,50.0,0.0,0.0,0.0,50.0,0.0,0.0,0.0,0.0,0.0,0.0
GOOD,Garudafood Putra Putri Jaya Tbk.,310.0,310.0,314.0,300.0,308.0,-2.0,206400.0,62695600.0,144.0,49100.0,7900.0
GOTO,GoTo Gojek Tokopedia Tbk.,50.0,50.0,50.0,50.0,50.0,0.0,9191200.0,459560000.0,696.0,3638100.0,0.0
GOTOM,MVS GoTo Gojek Tokopedia Tbk.,68.0,0.0,0.0,0.0,68.0,0.0,0.0,0.0,0.0,0.0,0.0
GPRA,Perdana Gapuraprima Tbk.,103.0,103.0,103.0,101.0,102.0,-1.0,100039700.0,10225122200.0,1366.0,565200.0,7301700.0
GPSO,Geoprima Solusi Tbk.,284.0,284.0,284.0,254.0,258.0,-26.0,32211100.0,8523068000.0,3434.0,6214000.0,11559700.0
GRIA,Ingria Pratama Capitalindo Tbk.,183.0,183.0,184.0,172.0,179.0,-4.0,10732900.0,1915493800.0,1217.0,572400.0,1099100.0
GRPH,Griptha Putra Persada Tbk.,124.0,0.0,136.0,124.0,136.0,12.0,17214900.0,2215593100.0,832.0,0.0,0.0
GRPM,Graha Prima Mentari Tbk.,161.0,0.0,168.0,150.0,153.0,-8.0,6974800.0,1087826200.0,778.0,70900.0,591800.0
GSMF,Equity Development Investment Tbk.,99.0,99.0,113.0,94.0,98.0,-1.0,72460100.0,7620734600.0,5610.0,5842500.0,6329400.0
GTBO,Garda Tujuh Buana Tbk,138.0,0.0,138.0,137.0,137.0,-1.0,146900.0,20260400.0,17.0,0.0,0.0
GTRA,Grahaprima Suksesmandiri Tbk.,252.0,0.0,262.0,252.0,256.0,4.0,1052400.0,270402800.0,293.0,68200.0,21500.0
GTSI,GTS Internasional Tbk.,160.0,160.0,161.0,149.0,149.0,-11.0,21592200.0,3293941200.0,2210.0,4018400.0,2919000.0
GULA,Aman Agrindo Tbk.,820.0,820.0,825.0,815.0,825.0,5.0,6470500.0,5305512000.0,682.0,1792900.0,1977000.0
GUNA,Gunanusa Eramandiri Tbk.,220.0,0.0,222.0,218.0,220.0,0.0,49400.0,10818000.0,38.0,0.0,0.0
GWSA,Greenwood Sejahtera Tbk.,167.0,168.0,169.0,163.0,165.0,-2.0,1316200.0,217735900.0,219.0,200.0,132200.0
GZCO,Gozco Plantations Tbk.,189.0,189.0,191.0,176.0,178.0,-11.0,16821600.0,3061082800.0,2081.0,3124400.0,2791700.0
HADE,Himalaya Energi Perkasa Tbk.,26.0,0.0,28.0,27.0,28.0,2.0,17389100.0,481239900.0,436.0,0.0,0.0
HAIS,Hasnur Internasional Shipping Tbk.,184.0,183.0,183.0,178.0,179.0,-5.0,1429600.0,256988200.0,345.0,1700.0,1400.0
HAJJ,Arsy Buana Travelindo Tbk.,108.0,0.0,109.0,106.0,108.0,0.0,6693600.0,720752800.0,657.0,635700.0,309400.0
HALO,Haloni Jane Tbk.,72.0,72.0,73.0,68.0,70.0,-2.0,16940800.0,1188068200.0,1040.0,2717100.0,1531100.0
HATM,Habco Trans Maritima Tbk.,515.0,510.0,540.0,498.0,540.0,25.0,4090600.0,2093484100.0,560.0,2076300.0,1466700.0
HBAT,Minahasa Membangun Hebat Tbk.,396.0,0.0,406.0,380.0,404.0,8.0,3930700.0,1573427600.0,330.0,25700.0,59500.0
HDFA,Radana Bhaskara Finance Tbk.,106.0,106.0,106.0,102.0,103.0,-3.0,1546200.0,160097700.0,212.0,151400.0,0.0
HDIT,Hensel Davest Indonesia Tbk.,50.0,50.0,50.0,50.0,50.0,0.0,213400.0,10670000.0,21.0,0.0,0.0
HEAL,Medikaloka Hermina Tbk.,655.0,655.0,655.0,630.0,640.0,-15.0,11036400.0,7078880500.0,2325.0,2810900.0,5312000.0
HELI,Jaya Trishindo Tbk.,230.0,230.0,282.0,224.0,256.0,26.0,23488900.0,6187581400.0,4999.0,13600.0,10600.0
HERO,DFI Retail Nusantara Tbk.,332.0,340.0,340.0,320.0,330.0,-2.0,139500.0,45481000.0,98.0,10700.0,8100.0
HEXA,Hexindo Adiperkasa Tbk.,4080.0,4100.0,4110.0,4010.0,4040.0,-40.0,1994400.0,8078265000.0,2254.0,93400.0,1228700.0
HGII,Hero Global Investment Tbk.,142.0,142.0,147.0,137.0,137.0,-5.0,3195600.0,451558800.0,435.0,261300.0,254700.0
HILL,Hillcon Tbk.,16.0,0.0,0.0,0.0,16.0,0.0,0.0,0.0,0.0,0.0,0.0
HITS,Humpuss Intermoda Transportasi Tbk.,116.0,0.0,0.0,0.0,116.0,0.0,0.0,0.0,0.0,0.0,0.0
HKMU,HK Metals Utama Tbk.,50.0,0.0,0.0,0.0,50.0,0.0,0.0,0.0,0.0,0.0,0.0
HMSP,H.M. Sampoerna Tbk.,645.0,645.0,650.0,635.0,645.0,0.0,21871000.0,13984618000.0,1802.0,9161100.0,4191600.0
HOKI,Buyung Poetra Sembada Tbk.,52.0,52.0,52.0,50.0,50.0,-2.0,65893100.0,3313351400.0,2572.0,2605300.0,2852800.0
HOME,Hotel Mandarine Regency Tbk.,50.0,0.0,0.0,0.0,50.0,0.0,0.0,0.0,0.0,0.0,0.0
HOMI,Grand House Mulia Tbk.,252.0,252.0,256.0,234.0,244.0,-8.0,3009100.0,732574400.0,567.0,32700.0,78900.0
HOPE,Harapan Duta Pertiwi Tbk.,282.0,284.0,294.0,252.0,262.0,-20.0,66540700.0,18499078800.0,5475.0,21060000.0,11278600.0
HOTL,Saraswati Griya Lestari Tbk.,50.0,0.0,0.0,0.0,50.0,0.0,0.0,0.0,0.0,0.0,0.0
HRME,Menteng Heritage Realty Tbk.,45.0,0.0,45.0,44.0,44.0,-1.0,1042900.0,46230000.0,64.0,0.0,0.0
HRTA,Hartadinata Abadi Tbk.,2130.0,2130.0,2180.0,2090.0,2170.0,40.0,5176500.0,11050656000.0,1788.0,286800.0,1364500.0
HRUM,Harum Energy Tbk.,895.0,900.0,905.0,860.0,860.0,-35.0,11937500.0,10468573000.0,2449.0,748500.0,1687800.0
HUMI,Humpuss Maritim Internasional Tbk.,137.0,139.0,139.0,124.0,126.0,-11.0,65763900.0,8489392900.0,4174.0,8529200.0,14901200.0
HYGN,Ecocare Indo Pasifik Tbk.,182.0,182.0,182.0,179.0,180.0,-2.0,18688100.0,3375616000.0,425.0,16127700.0,24100.0
IATA,Karya Pacific Energy Tbk.,111.0,112.0,113.0,106.0,108.0,-3.0,342717100.0,37178102900.0,8473.0,93277500.0,67975100.0
IBFN,Intan Baru Prana Tbk.,63.0,0.0,0.0,0.0,63.0,0.0,0.0,0.0,0.0,0.0,0.0
IBOS,Indo Boga Sukses Tbk.,99.0,0.0,106.0,95.0,96.0,-3.0,20415100.0,2051519800.0,1307.0,838000.0,1492200.0
IBST,Inti Bangun Sejahtera Tbk.,8475.0,0.0,0.0,0.0,8475.0,0.0,0.0,0.0,0.0,0.0,0.0
ICBP,Indofood CBP Sukses Makmur Tbk.,6800.0,6825.0,6875.0,6650.0,6650.0,-150.0,5892900.0,39461770000.0,4103.0,2175200.0,2344800.0
ICON,Island Concepts Indonesia Tbk.,156.0,156.0,162.0,147.0,147.0,-9.0,24777100.0,3818959900.0,2275.0,4402300.0,7322400.0
IDEA,Idea Indonesia Akademi Tbk.,123.0,0.0,135.0,111.0,135.0,12.0,69852300.0,9025131800.0,3504.0,0.0,450000.0
IDPR,Indonesia Pondasi Raya Tbk.,270.0,0.0,270.0,252.0,264.0,-6.0,112400.0,29171600.0,74.0,0.0,200.0
IFII,Indonesia Fibreboard Industry Tbk.,212.0,214.0,252.0,212.0,220.0,8.0,4385400.0,1007786200.0,1553.0,95000.0,110800.0
IFSH,Ifishdeco Tbk.,1060.0,0.0,1060.0,960.0,1040.0,-20.0,20200.0,20737500.0,33.0,0.0,500.0
IGAR,Champion Pacific Indonesia Tbk.,470.0,470.0,470.0,452.0,466.0,-4.0,82500.0,37849600.0,47.0,14000.0,0.0
IIKP,Inti Agri Resources Tbk,50.0,0.0,0.0,0.0,50.0,0.0,0.0,0.0,0.0,0.0,0.0
IKAI,Intikeramik Alamasri Industri Tbk.,20.0,0.0,21.0,20.0,20.0,0.0,12921100.0,265069300.0,174.0,0.0,0.0
IKAN,Era Mandiri Cemerlang Tbk.,88.0,88.0,95.0,88.0,91.0,3.0,41304300.0,3797956600.0,3460.0,897300.0,1194800.0
IKBI,Sumi Indo Kabel Tbk.,535.0,535.0,535.0,520.0,525.0,-10.0,327300.0,171761000.0,181.0,0.0,0.0
IKPM,Ikapharmindo Putramas Tbk.,177.0,177.0,177.0,174.0,174.0,-3.0,148300.0,25935400.0,80.0,6200.0,0.0
IMAS,Indomobil Sukses Internasional Tbk.,890.0,900.0,900.0,860.0,870.0,-20.0,202200.0,174949500.0,93.0,16600.0,6800.0
IMJS,Indomobil Multi Jasa Tbk.,188.0,187.0,190.0,181.0,183.0,-5.0,3401200.0,624882200.0,283.0,118300.0,144200.0
IMPC,Impack Pratama Industri Tbk.,1630.0,1635.0,1650.0,1545.0,1550.0,-80.0,20909200.0,32942210500.0,4810.0,3198600.0,6976100.0
INAF,Indofarma Tbk.,126.0,0.0,0.0,0.0,126.0,0.0,0.0,0.0,0.0,0.0,0.0
INAI,Indal Aluminium Industry Tbk.,184.0,184.0,202.0,183.0,185.0,1.0,10078400.0,1934580800.0,2083.0,0.0,249100.0
INCF,Indo Komoditi Korpora Tbk.,50.0,0.0,0.0,0.0,50.0,0.0,0.0,0.0,0.0,0.0,0.0
INCI,Intanwijaya Internasional Tbk,805.0,0.0,805.0,795.0,805.0,0.0,140900.0,113180000.0,43.0,0.0,0.0
INCO,Vale Indonesia Tbk.,4760.0,4790.0,4810.0,4670.0,4680.0,-80.0,12774900.0,60231903000.0,5111.0,4577300.0,3771600.0
INDF,Indofood Sukses Makmur Tbk.,7000.0,7000.0,7000.0,6850.0,6925.0,-75.0,4772300.0,32933887500.0,3202.0,3655200.0,2576400.0
INDO,Royalindo Investa Wijaya Tbk.,183.0,183.0,185.0,179.0,180.0,-3.0,30736500.0,5592967700.0,1628.0,4398200.0,6004100.0
INDR,Indo-Rama Synthetics Tbk.,2980.0,2980.0,2980.0,2670.0,2780.0,-200.0,82600.0,229567000.0,87.0,6300.0,5000.0
INDS,Indospring Tbk.,252.0,250.0,252.0,242.0,248.0,-4.0,1161500.0,287940800.0,394.0,0.0,356600.0
INDX,Tanah Laut Tbk,60.0,0.0,0.0,0.0,60.0,0.0,0.0,0.0,0.0,0.0,0.0
INDY,Indika Energy Tbk.,2730.0,2760.0,2780.0,2560.0,2590.0,-140.0,22501600.0,59139752000.0,6836.0,5542200.0,7989600.0
INET,Sinergi Inti Andalan Prima Tbk.,322.0,324.0,330.0,306.0,316.0,-6.0,298286200.0,93553407000.0,18406.0,64221300.0,30452400.0
INKP,Indah Kiat Pulp & Paper Tbk.,8575.0,8625.0,8650.0,8225.0,8350.0,-225.0,5493600.0,46268732500.0,3722.0,2290500.0,1031800.0
INOV,Inocycle Technology Group Tbk.,136.0,136.0,142.0,133.0,135.0,-1.0,2775200.0,380264200.0,620.0,22200.0,565900.0
INPC,Bank Artha Graha Internasional Tbk.,152.0,154.0,154.0,149.0,151.0,-1.0,4409800.0,662180600.0,386.0,162500.0,161300.0
INPP,Indonesian Paradise Property Tbk.,700.0,0.0,710.0,700.0,710.0,10.0,13700.0,9599500.0,9.0,0.0,10100.0
INPS,Indah Prakasa Sentosa Tbk.,1065.0,0.0,0.0,0.0,1065.0,0.0,0.0,0.0,0.0,0.0,0.0
INRU,Toba Pulp Lestari Tbk.,590.0,0.0,0.0,0.0,590.0,0.0,0.0,0.0,0.0,0.0,0.0
INTA,Intraco Penta Tbk.,61.0,0.0,0.0,0.0,61.0,0.0,0.0,0.0,0.0,0.0,0.0
INTD,Inter Delta Tbk,306.0,352.0,358.0,312.0,346.0,40.0,3234200.0,1097716400.0,1243.0,0.0,2200.0
INTP,Indocement Tunggal Prakarsa Tbk.,5250.0,5250.0,5275.0,5150.0,5150.0,-100.0,825900.0,4284132500.0,606.0,701500.0,591700.0
IOTF,Sumber Sinergi Makmur Tbk.,65.0,65.0,66.0,61.0,62.0,-3.0,17161700.0,1080593900.0,1131.0,1366100.0,416400.0
IPAC,Era Graharealty Tbk.,189.0,0.0,0.0,0.0,189.0,0.0,0.0,0.0,0.0,0.0,0.0
IPCC,Indonesia Kendaraan Terminal Tbk.,1105.0,1110.0,1115.0,1075.0,1080.0,-25.0,1272800.0,1386789000.0,984.0,7500.0,7600.0
IPCM,Jasa Armada Indonesia Tbk.,290.0,290.0,290.0,286.0,288.0,-2.0,899400.0,259116000.0,377.0,0.0,1500.0
IPOL,Indopoly Swakarsa Industry Tbk.,116.0,0.0,117.0,115.0,116.0,0.0,279900.0,32319400.0,71.0,2400.0,900.0
IPPE,Indo Pureco Pratama Tbk.,14.0,0.0,0.0,0.0,14.0,0.0,0.0,0.0,0.0,0.0,0.0
IPTV,MNC Vision Networks Tbk.,29.0,0.0,29.0,28.0,28.0,-1.0,7481200.0,210082400.0,204.0,0.0,0.0
IRRA,Itama Ranoraya Tbk.,362.0,362.0,364.0,354.0,360.0,-2.0,707600.0,253367200.0,152.0,600.0,100.0
IRSX,Folago Global Nusantara Tbk.,454.0,460.0,462.0,416.0,432.0,-22.0,93679100.0,40921374200.0,7662.0,8762700.0,32031800.0
ISAP,Isra Presisi Indonesia Tbk.,25.0,0.0,25.0,23.0,24.0,-1.0,54348200.0,1306728200.0,949.0,56600.0,49500.0
ISAT,Indosat Tbk.,2310.0,2320.0,2450.0,2320.0,2410.0,100.0,114362000.0,274037429000.0,14590.0,55134400.0,49644700.0
ISEA,Indo American Seafoods Tbk.,88.0,89.0,93.0,86.0,88.0,0.0,17816200.0,1594599000.0,1905.0,815400.0,1079400.0
ISSP,Steel Pipe Industry of Indonesia Tbk.,404.0,404.0,410.0,388.0,400.0,-4.0,8769900.0,3497297200.0,553.0,222800.0,210400.0
ITIC,Indonesian Tobacco Tbk.,206.0,206.0,208.0,202.0,204.0,-2.0,106200.0,21642000.0,80.0,34400.0,900.0
ITMA,Sumber Energi Andalan Tbk.,1455.0,1455.0,1455.0,1385.0,1410.0,-45.0,28300.0,39963500.0,62.0,3600.0,4700.0
ITMG,Indo Tambangraya Megah Tbk.,26125.0,26125.0,26175.0,25000.0,25300.0,-825.0,1562500.0,40274537500.0,3280.0,323000.0,853700.0
JARR,Jhonlin Agro Raya Tbk.,3230.0,3230.0,3350.0,3170.0,3310.0,80.0,16316800.0,53276076000.0,7029.0,3172700.0,3904800.0
JAST,Jasnita Telekomindo Tbk.,89.0,89.0,90.0,85.0,86.0,-3.0,6950900.0,605130300.0,742.0,127500.0,307700.0
JATI,Informasi Teknologi Indonesia Tbk.,117.0,118.0,118.0,114.0,117.0,0.0,21071800.0,2445453200.0,1192.0,2639000.0,2222700.0
JAWA,Jaya Agra Wattie Tbk.,196.0,197.0,200.0,171.0,177.0,-19.0,57886700.0,10925933500.0,7570.0,5624500.0,4375300.0
JAYA,Armada Berjaya Trans Tbk.,160.0,161.0,161.0,154.0,158.0,-2.0,4597200.0,724868100.0,1027.0,346400.0,93700.0
JECC,Jembo Cable Company Tbk.,825.0,825.0,860.0,710.0,780.0,-45.0,423100.0,333249000.0,333.0,26400.0,49100.0
JECX,Nitrasanata Dharma Tbk.,1450.0,1470.0,1515.0,1370.0,1500.0,50.0,19233600.0,28663629000.0,3103.0,915200.0,2073600.0
JELI,Niramas Utama Tbk.,494.0,494.0,498.0,466.0,472.0,-22.0,3147500.0,1497181200.0,1469.0,289000.0,444100.0
JGLE,Graha Andrasentra Propertindo Tbk.,69.0,69.0,71.0,65.0,66.0,-3.0,339264700.0,22598444800.0,8317.0,137617000.0,73195600.0
JIHD,Jakarta International Hotels & Development Tbk.,432.0,436.0,436.0,418.0,418.0,-14.0,166200.0,70005200.0,113.0,6800.0,9100.0
JKON,Jaya Konstruksi Manggala Pratama Tbk.,84.0,84.0,84.0,81.0,82.0,-2.0,8064300.0,662022100.0,438.0,855400.0,2340800.0
JMAS,Asuransi Jiwa Syariah Jasa Mitra Abadi Tbk.,228.0,0.0,0.0,0.0,228.0,0.0,0.0,0.0,0.0,0.0,0.0
JPFA,Japfa Comfeed Indonesia Tbk.,2270.0,2280.0,2320.0,2230.0,2230.0,-40.0,6096100.0,13825072000.0,2913.0,1920800.0,3073800.0
JRPT,Jaya Real Property Tbk.,1150.0,0.0,1150.0,1130.0,1150.0,0.0,995600.0,1136331000.0,62.0,13200.0,754600.0
JSKY,Sky Energy Indonesia Tbk.,52.0,0.0,0.0,0.0,52.0,0.0,0.0,0.0,0.0,0.0,0.0
JSMR,Jasa Marga (Persero) Tbk.,2800.0,2810.0,2840.0,2750.0,2770.0,-30.0,2707400.0,7511335000.0,1960.0,1063600.0,952000.0
JSPT,Jakarta Setiabudi Internasional Tbk.,1455.0,0.0,1450.0,1370.0,1445.0,-10.0,5700.0,7964000.0,20.0,1000.0,0.0
JTPE,Jasuindo Tiga Perkasa Tbk.,595.0,595.0,605.0,580.0,595.0,0.0,1738500.0,1028493000.0,287.0,214300.0,398400.0
KAEF,Kimia Farma (Persero) Tbk.,440.0,446.0,446.0,428.0,434.0,-6.0,936100.0,405517600.0,379.0,98600.0,76500.0
KAQI,Jantra Grupo Indonesia Tbk.,93.0,95.0,97.0,90.0,94.0,1.0,69798400.0,6550565500.0,3358.0,2499500.0,13760700.0
KARW,Meratus Jasa Prima Tbk.,212.0,0.0,0.0,0.0,212.0,0.0,0.0,0.0,0.0,0.0,0.0
KAYU,Darmi Bersaudara Tbk.,18.0,0.0,0.0,0.0,18.0,0.0,0.0,0.0,0.0,0.0,0.0
KBAG,Karya Bersama Anugerah Tbk.,42.0,0.0,42.0,40.0,41.0,-1.0,2846200.0,114686500.0,172.0,0.0,0.0
KBLI,KMI Wire & Cable Tbk.,364.0,364.0,370.0,352.0,364.0,0.0,1303700.0,468715200.0,410.0,92100.0,45100.0
KBLM,Kabelindo Murni Tbk.,368.0,360.0,368.0,356.0,366.0,-2.0,624700.0,225661800.0,157.0,13200.0,0.0
KBLV,First Media Tbk.,121.0,122.0,123.0,114.0,119.0,-2.0,10633800.0,1252084300.0,794.0,1787200.0,1246800.0
KBRI,Kertas Basuki Rachmat Indonesia Tbk.,50.0,0.0,0.0,0.0,50.0,0.0,0.0,0.0,0.0,0.0,0.0
KDSI,Kedawung Setia Industrial Tbk.,458.0,0.0,468.0,454.0,464.0,6.0,19100.0,8864000.0,16.0,0.0,6100.0
KDTN,Puri Sentul Permai Tbk.,380.0,0.0,382.0,360.0,364.0,-16.0,3386700.0,1248980600.0,633.0,696100.0,642200.0
KEEN,Kencana Energi Lestari Tbk.,855.0,855.0,860.0,835.0,845.0,-10.0,8964900.0,7585083500.0,1380.0,478200.0,947400.0
KEJU,Mulia Boga Raya Tbk.,595.0,0.0,600.0,585.0,595.0,0.0,118700.0,70098500.0,28.0,0.0,800.0
KETR,Ketrosden Triasmitra Tbk.,935.0,940.0,970.0,870.0,905.0,-30.0,34564800.0,31699200000.0,4128.0,8415600.0,3653500.0
KIAS,Keramika Indonesia Assosiasi Tbk.,21.0,0.0,0.0,0.0,21.0,0.0,0.0,0.0,0.0,0.0,0.0
KICI,Kedaung Indah Can Tbk,300.0,302.0,312.0,280.0,298.0,-2.0,9674000.0,2853305000.0,1836.0,494500.0,448500.0
KIJA,Kawasan Industri Jababeka Tbk.,176.0,178.0,178.0,169.0,175.0,-1.0,150034100.0,25876745100.0,6722.0,64215800.0,19133500.0
KING,Hoffmen Cleanindo Tbk.,400.0,0.0,440.0,400.0,418.0,18.0,11121800.0,4792460800.0,1637.0,244700.0,268500.0
KINO,Kino Indonesia Tbk.,1380.0,0.0,1400.0,1350.0,1400.0,20.0,63800.0,88066500.0,105.0,56000.0,3100.0
KIOS,Kioson Komersial Indonesia Tbk.,98.0,98.0,104.0,92.0,94.0,-4.0,54707700.0,5387555300.0,3920.0,1619200.0,1743400.0
KJEN,Krida Jaringan Nusantara Tbk.,160.0,162.0,172.0,155.0,157.0,-3.0,23415800.0,3788557800.0,3082.0,2161200.0,2247300.0
KKES,Kusuma Kemindo Sentosa Tbk.,92.0,92.0,92.0,85.0,87.0,-5.0,35337000.0,3094229800.0,2862.0,865700.0,1648700.0
KKGI,Resource Alam Indonesia Tbk.,330.0,330.0,330.0,324.0,328.0,-2.0,14060300.0,4602020800.0,1601.0,412800.0,33300.0
KLAS,Pelayaran Kurnia Lautan Semesta Tbk.,83.0,83.0,84.0,76.0,79.0,-4.0,14963700.0,1188919000.0,995.0,90400.0,90400.0
KLBF,Kalbe Farma Tbk.,750.0,750.0,760.0,730.0,750.0,0.0,62569400.0,46441823500.0,7691.0,35183500.0,40376800.0
KLIN,Klinko Karya Imaji Tbk.,120.0,0.0,126.0,116.0,120.0,0.0,188700.0,22777800.0,101.0,0.0,0.0
KMDS,Kurniamitra Duta Sentosa Tbk.,525.0,525.0,540.0,515.0,530.0,5.0,345800.0,181521500.0,87.0,2500.0,0.0
KMTR,Kirana Megatara Tbk.,252.0,252.0,258.0,246.0,248.0,-4.0,72000.0,18288000.0,32.0,4500.0,0.0
KOBX,Kobexindo Tractors Tbk.,179.0,179.0,181.0,176.0,176.0,-3.0,3114800.0,553607600.0,515.0,471400.0,32500.0
KOCI,Kokoh Exa Nusantara Tbk.,117.0,117.0,118.0,110.0,112.0,-5.0,18228700.0,2044014200.0,1112.0,5453900.0,1531900.0
KOIN,Kokoh Inti Arebama Tbk,78.0,0.0,0.0,0.0,78.0,0.0,0.0,0.0,0.0,0.0,0.0
KOKA,Koka Indonesia Tbk.,184.0,183.0,184.0,170.0,174.0,-10.0,10318000.0,1816563100.0,1563.0,1709200.0,1559000.0
KONI,Perdana Bangun Pusaka Tbk,2070.0,0.0,2070.0,2030.0,2030.0,-40.0,5600.0,11504000.0,17.0,0.0,0.0
KOPI,Mitra Energi Persada Tbk.,206.0,206.0,210.0,198.0,199.0,-7.0,1528700.0,308631300.0,523.0,0.0,0.0
KOTA,DMS Propertindo Tbk.,180.0,181.0,193.0,177.0,180.0,0.0,313649700.0,57776888400.0,15692.0,62605800.0,73977600.0
KPIG,MNC Tourism Indonesia Tbk.,65.0,65.0,67.0,63.0,64.0,-1.0,358111900.0,23080378200.0,5757.0,113729600.0,77161800.0
KRAS,Krakatau Steel (Persero) Tbk.,232.0,232.0,236.0,222.0,222.0,-10.0,4426800.0,1008373600.0,525.0,66300.0,1078000.0
KREN,Quantum Clovera Investama Tbk.,15.0,0.0,15.0,14.0,15.0,0.0,38397300.0,549524700.0,314.0,0.0,0.0
KRYA,Bangun Karya Perkasa Jaya Tbk.,64.0,64.0,65.0,61.0,63.0,-1.0,17874800.0,1103420300.0,1698.0,430100.0,2035300.0
KSIX,Kentanix Supra International Tbk.,410.0,0.0,416.0,410.0,414.0,4.0,198400.0,82239800.0,55.0,0.0,0.0
KUAS,Ace Oldfields Tbk.,100.0,99.0,106.0,97.0,99.0,-1.0,59884200.0,6070275600.0,11500.0,1048800.0,2875200.0
LABA,Green Power Group Tbk.,124.0,124.0,126.0,112.0,112.0,-12.0,34178700.0,3997200100.0,2936.0,3626000.0,3825100.0
LABS,UBC Medical Indonesia Tbk.,169.0,169.0,172.0,168.0,171.0,2.0,499100.0,84610400.0,106.0,6600.0,7800.0
LAJU,Jasa Berdikari Logistics Tbk.,68.0,69.0,70.0,66.0,67.0,-1.0,12698300.0,857874300.0,816.0,432700.0,1049400.0
LAND,Trimitra Propertindo Tbk.,67.0,68.0,68.0,62.0,65.0,-2.0,22713600.0,1464875500.0,1412.0,4020000.0,849200.0
LAPD,Leyand International Tbk.,81.0,82.0,82.0,75.0,76.0,-5.0,67932800.0,5230629800.0,3181.0,12566000.0,4225600.0
LCGP,Eureka Prima Jakarta Tbk.,114.0,0.0,0.0,0.0,114.0,0.0,0.0,0.0,0.0,0.0,0.0
LCKM,LCK Global Kedaton Tbk.,109.0,0.0,0.0,0.0,109.0,0.0,0.0,0.0,0.0,0.0,0.0
LEAD,Logindo Samudramakmur Tbk.,103.0,104.0,106.0,99.0,102.0,-1.0,22001400.0,2246557500.0,1073.0,1064500.0,5089600.0
LFLO,Imago Mulia Persada Tbk.,600.0,0.0,630.0,550.0,595.0,-5.0,8500.0,4897500.0,45.0,0.0,0.0
LIFE,MSIG Life Insurance Indonesia Tbk.,11475.0,0.0,11925.0,10350.0,11925.0,450.0,61500.0,675810000.0,199.0,0.0,0.0
LINK,Link Net Tbk.,1675.0,1675.0,1750.0,1615.0,1660.0,-15.0,21000.0,35888500.0,65.0,0.0,0.0
LION,Lion Metal Works Tbk.,378.0,386.0,386.0,368.0,370.0,-8.0,50000.0,18704800.0,36.0,1900.0,2400.0
LIVE,Homeco Victoria Makmur Tbk.,173.0,173.0,174.0,166.0,167.0,-6.0,1592200.0,267634500.0,377.0,11800.0,15100.0
LMAS,Limas Indonesia Makmur Tbk,50.0,0.0,0.0,0.0,50.0,0.0,0.0,0.0,0.0,0.0,0.0
LMAX,Lupromax Pelumas Indonesia Tbk.,109.0,0.0,111.0,103.0,105.0,-4.0,824700.0,86594500.0,121.0,0.0,0.0
LMPI,Langgeng Makmur Industri Tbk.,165.0,165.0,184.0,161.0,162.0,-3.0,8661700.0,1489967900.0,3864.0,0.0,0.0
LMSH,Lionmesh Prima Tbk.,256.0,0.0,0.0,0.0,256.0,0.0,0.0,0.0,0.0,0.0,0.0
LOPI,Logisticsplus International Tbk.,65.0,0.0,66.0,59.0,63.0,-2.0,13415700.0,854818200.0,685.0,0.0,200.0
LPCK,Lippo Cikarang Tbk,590.0,595.0,595.0,575.0,590.0,0.0,191100.0,111321000.0,72.0,10100.0,1100.0
LPGI,Lippo General Insurance Tbk.,645.0,645.0,645.0,630.0,645.0,0.0,600.0,382500.0,5.0,0.0,0.0
LPIN,Multi Prima Sejahtera Tbk,432.0,432.0,436.0,426.0,430.0,-2.0,201100.0,86363400.0,106.0,0.0,0.0
LPKR,Lippo Karawaci Tbk.,52.0,53.0,53.0,51.0,52.0,0.0,146812400.0,7658709300.0,2646.0,26174400.0,22059300.0
LPLI,Star Pacific Tbk,232.0,234.0,236.0,230.0,232.0,0.0,138000.0,32351200.0,64.0,11900.0,22500.0
LPPF,MDS Retailing Tbk.,1580.0,1590.0,1590.0,1565.0,1580.0,0.0,2699600.0,4255808000.0,981.0,1093500.0,1058300.0
LPPS,Lenox Pasifik Investama Tbk.,80.0,81.0,83.0,79.0,80.0,0.0,1083200.0,87007800.0,116.0,0.0,391800.0
LRNA,Eka Sari Lorena Transport Tbk.,222.0,222.0,228.0,216.0,220.0,-2.0,910900.0,203290400.0,669.0,0.0,0.0
LSIP,PP London Sumatra Indonesia Tbk.,1635.0,1635.0,1645.0,1555.0,1580.0,-55.0,26901400.0,42620012500.0,7315.0,18538400.0,4783400.0
LTLS,Lautan Luas Tbk.,1000.0,0.0,1000.0,970.0,985.0,-15.0,89700.0,88005000.0,67.0,6400.0,5500.0
LUCK,Sentral Mitra Informatika Tbk.,118.0,119.0,123.0,115.0,116.0,-2.0,14259700.0,1690333800.0,3246.0,0.0,0.0
LUCY,Lima Dua Lima Tiga Tbk.,362.0,0.0,374.0,326.0,330.0,-32.0,66963200.0,22460612400.0,4809.0,4701300.0,5760300.0
MABA,Marga Abhinaya Abadi Tbk.,50.0,0.0,0.0,0.0,50.0,0.0,0.0,0.0,0.0,0.0,0.0
MAGP,Multi Agro Gemilang Plantation Tbk.,50.0,0.0,0.0,0.0,50.0,0.0,0.0,0.0,0.0,0.0,0.0
MAHA,Mandiri Herindo Adiperkasa Tbk.,150.0,150.0,152.0,145.0,146.0,-4.0,14099600.0,2086587400.0,1679.0,737100.0,977900.0
MAIN,Malindo Feedmill Tbk.,665.0,670.0,675.0,655.0,660.0,-5.0,1141100.0,758919500.0,343.0,5000.0,134800.0
MANG,Manggung Polahraya Tbk.,38.0,0.0,39.0,37.0,38.0,0.0,14718600.0,550829000.0,394.0,200.0,0.0
MAPA,Map Aktif Adiperkasa Tbk.,700.0,700.0,700.0,670.0,695.0,-5.0,12618200.0,8695256000.0,2369.0,3522300.0,4026200.0
MAPB,MAP Boga Adiperkasa Tbk.,1250.0,0.0,1135.0,1135.0,1135.0,-115.0,17000.0,19295000.0,19.0,0.0,0.0
MAPI,Mitra Adiperkasa Tbk.,1495.0,1495.0,1510.0,1455.0,1495.0,0.0,5038200.0,7505070500.0,2671.0,3985000.0,2368600.0
MARI,Mahaka Radio Integra Tbk.,23.0,0.0,0.0,0.0,23.0,0.0,0.0,0.0,0.0,0.0,0.0
MARK,Mark Dynamics Indonesia Tbk.,1130.0,1110.0,1185.0,1110.0,1140.0,10.0,22404800.0,25782921500.0,2104.0,5760000.0,3064400.0
MASB,Bank Multiarta Sentosa Tbk.,3250.0,0.0,3290.0,3150.0,3290.0,40.0,4000.0,13137000.0,9.0,0.0,0.0
MAXI,Maxindo Karya Anugerah Tbk.,50.0,50.0,50.0,50.0,50.0,0.0,34900.0,1745000.0,15.0,0.0,0.0
MAYA,Bank Mayapada Internasional Tbk.,210.0,210.0,212.0,199.0,210.0,0.0,5545800.0,1141603900.0,584.0,451500.0,101100.0
MBAP,Mitrabara Adiperdana Tbk.,1665.0,0.0,1780.0,1695.0,1735.0,70.0,242100.0,419123000.0,211.0,18600.0,5700.0
MBMA,Merdeka Battery Materials Tbk.,525.0,525.0,530.0,500.0,505.0,-20.0,85320700.0,43570527500.0,6861.0,7093300.0,21064400.0
MBSS,Mitrabahtera Segara Sejati Tbk.,2900.0,2900.0,2910.0,2890.0,2910.0,10.0,2011600.0,5846577000.0,143.0,61800.0,22500.0
MBTO,Martina Berto Tbk.,156.0,156.0,158.0,152.0,153.0,-3.0,3614900.0,559235500.0,376.0,0.0,26500.0
MCAS,M Cash Integrasi Tbk.,266.0,268.0,270.0,264.0,266.0,0.0,985200.0,262111000.0,147.0,44200.0,27200.0
MCOL,Prima Andalan Mandiri Tbk.,3680.0,0.0,3680.0,3610.0,3650.0,-30.0,6200.0,22486000.0,17.0,0.0,1600.0
MCOR,Bank China Construction Bank Indonesia Tbk.,68.0,68.0,68.0,66.0,67.0,-1.0,6731600.0,449553500.0,192.0,1800.0,1318100.0
MDIA,Intermedia Capital Tbk.,182.0,184.0,192.0,173.0,177.0,-5.0,194130300.0,35524844600.0,8737.0,45698200.0,29872300.0
MDIY,Daya Intiguna Yasa Tbk.,965.0,960.0,965.0,940.0,955.0,-10.0,504300.0,479248500.0,176.0,475500.0,482900.0
MDKA,Merdeka Copper Gold Tbk.,2870.0,2890.0,2910.0,2820.0,2830.0,-40.0,29684300.0,84545602000.0,7222.0,13950800.0,5095600.0
MDKI,Emdeki Utama Tbk.,193.0,0.0,195.0,192.0,192.0,-1.0,504500.0,97565800.0,68.0,37500.0,163500.0
MDLA,Medela Potentia Tbk.,208.0,208.0,208.0,204.0,206.0,-2.0,1384400.0,283298600.0,166.0,0.0,4900.0
MDLN,Modernland Realty Tbk.,50.0,50.0,50.0,50.0,50.0,0.0,8000.0,400000.0,42.0,0.0,0.0
MDRN,Modern Internasional Tbk.,26.0,0.0,0.0,0.0,26.0,0.0,0.0,0.0,0.0,0.0,0.0
MEDC,Medco Energi Internasional Tbk.,1475.0,1515.0,1580.0,1455.0,1465.0,-10.0,138437100.0,208993358000.0,16348.0,21726000.0,40416600.0
MEDS,Hetzer Medical Indonesia Tbk.,79.0,80.0,93.0,75.0,87.0,8.0,124554600.0,10576546600.0,4824.0,8028100.0,5407700.0
MEGA,Bank Mega Tbk.,1960.0,0.0,1970.0,1920.0,1970.0,10.0,25300.0,49337000.0,69.0,0.0,900.0
MEJA,Harta Djaya Karya Tbk.,112.0,0.0,113.0,106.0,109.0,-3.0,23085500.0,2510729400.0,1295.0,2352400.0,4569300.0
MENN,Menn Teknologi Indonesia Tbk.,53.0,0.0,0.0,0.0,53.0,0.0,0.0,0.0,0.0,0.0,0.0
MERI,Merry Riana Edukasi Tbk.,118.0,118.0,120.0,114.0,117.0,-1.0,2212500.0,257674900.0,339.0,29500.0,167400.0
MERK,Merck Tbk.,3900.0,0.0,3880.0,3820.0,3820.0,-80.0,39700.0,152594000.0,63.0,1000.0,1800.0
META,Nusantara Infrastructure Tbk.,238.0,0.0,0.0,0.0,238.0,0.0,0.0,0.0,0.0,0.0,0.0
MFMI,Multifiling Mitra Indonesia Tbk.,1300.0,0.0,0.0,0.0,1300.0,0.0,0.0,0.0,0.0,0.0,0.0
MGLV,NexAI Digital Infrastruktur Tbk.,15025.0,0.0,16500.0,15025.0,16000.0,975.0,4340400.0,70267447500.0,2633.0,846800.0,839900.0
MGNA,Magna Investama Mandiri Tbk.,216.0,222.0,222.0,202.0,210.0,-6.0,8384200.0,1760060200.0,1285.0,1629100.0,1403300.0
MGRO,Mahkota Group Tbk.,685.0,685.0,690.0,675.0,690.0,5.0,4565600.0,3117977000.0,154.0,330100.0,256200.0
MHKI,Multi Hanna Kreasindo Tbk.,130.0,130.0,131.0,125.0,127.0,-3.0,3444700.0,437574100.0,474.0,30000.0,1159300.0
MICE,Multi Indocitra Tbk.,540.0,0.0,540.0,500.0,510.0,-30.0,103500.0,53526500.0,46.0,0.0,0.0
MIDI,Midi Utama Indonesia Tbk.,266.0,266.0,268.0,260.0,262.0,-4.0,3592200.0,942066000.0,869.0,95900.0,988400.0
MIKA,Mitra Keluarga Karyasehat Tbk.,1740.0,1750.0,1750.0,1715.0,1740.0,0.0,2936700.0,5103634000.0,574.0,222100.0,951100.0
MINA,Sanurhasta Mitra Tbk.,242.0,242.0,246.0,232.0,238.0,-4.0,30075300.0,7130291200.0,3549.0,1223000.0,6817400.0
MINE,Sinar Terang Mandiri Tbk.,302.0,304.0,306.0,288.0,294.0,-8.0,1967800.0,581538000.0,307.0,79800.0,428700.0
MIRA,Mitra International Resources Tbk.,23.0,0.0,24.0,23.0,24.0,1.0,2878800.0,68136000.0,184.0,0.0,0.0
MITI,Mitra Investindo Tbk.,292.0,296.0,298.0,266.0,270.0,-22.0,6588800.0,1814264600.0,1413.0,949900.0,542600.0
MKAP,Multikarya Asia Pasifik Raya Tbk.,1115.0,1110.0,1125.0,1105.0,1105.0,-10.0,1732300.0,1934371500.0,222.0,4800.0,4200.0
MKNT,Mitra Komunikasi Nusantara Tbk.,1.0,0.0,0.0,0.0,1.0,0.0,0.0,0.0,0.0,0.0,0.0
MKPI,Metropolitan Kentjana Tbk.,21550.0,0.0,21525.0,21350.0,21500.0,-50.0,40600.0,870867500.0,115.0,0.0,40300.0
MKTR,Menthobi Karyatama Raya Tbk.,126.0,126.0,126.0,120.0,122.0,-4.0,656800.0,80641100.0,119.0,38200.0,0.0
MLBI,Multi Bintang Indonesia Tbk.,6825.0,0.0,6850.0,6825.0,6825.0,0.0,47400.0,323517500.0,27.0,46900.0,8800.0
MLIA,Mulia Industrindo Tbk,216.0,0.0,216.0,214.0,214.0,-2.0,28200.0,6044600.0,28.0,14700.0,1400.0
MLPL,Multipolar Tbk.,85.0,86.0,86.0,83.0,83.0,-2.0,9335600.0,784545400.0,648.0,907200.0,207700.0
MLPT,Multipolar Technology Tbk.,1175.0,1200.0,1200.0,1120.0,1125.0,-50.0,1286900.0,1469577500.0,903.0,159600.0,234300.0
MMIX,Multi Medika Internasional Tbk.,870.0,870.0,885.0,870.0,875.0,5.0,17390300.0,15159300500.0,936.0,2650600.0,529900.0
MMLP,Mega Manunggal Property Tbk.,320.0,320.0,322.0,302.0,310.0,-10.0,2373500.0,740324800.0,475.0,10400.0,23100.0
MNCN,Media Nusantara Citra Tbk.,176.0,176.0,176.0,165.0,165.0,-11.0,77935800.0,13192708900.0,3277.0,20227300.0,22143600.0
MOLI,Madusari Murni Indah Tbk.,374.0,384.0,404.0,372.0,376.0,2.0,24246000.0,9399815600.0,3088.0,2306800.0,3920400.0
MORA,Ekamas Mora Republik Tbk.,4900.0,0.0,4940.0,4790.0,4800.0,-100.0,298200.0,1448963000.0,342.0,21500.0,53700.0
MPIX,Mitra Pedagang Indonesia Tbk.,198.0,198.0,208.0,181.0,186.0,-12.0,23766100.0,4607064600.0,2489.0,5085600.0,3942700.0
MPMX,Mitra Pinasthika Mustika Tbk.,1020.0,1020.0,1025.0,1015.0,1015.0,-5.0,2107400.0,2145601000.0,973.0,102400.0,533500.0
MPOW,Megapower Makmur Tbk.,113.0,113.0,114.0,109.0,111.0,-2.0,5220100.0,578036300.0,582.0,54600.0,33900.0
MPPA,Matahari Putra Prima Tbk.,40.0,0.0,40.0,38.0,39.0,-1.0,7815100.0,304636700.0,157.0,0.0,0.0
MPRO,Maha Properti Indonesia Tbk.,12100.0,0.0,12000.0,11775.0,12000.0,-100.0,600.0,7177500.0,5.0,0.0,0.0
MPXL,MPX Logistics International Tbk.,164.0,0.0,171.0,159.0,164.0,0.0,1285100.0,212245300.0,586.0,14000.0,96400.0
MRAT,Mustika Ratu Tbk.,358.0,360.0,380.0,356.0,360.0,2.0,107100.0,38973600.0,124.0,400.0,300.0
MREI,Maskapai Reasuransi Indonesia Tbk.,920.0,0.0,0.0,0.0,920.0,0.0,0.0,0.0,0.0,0.0,0.0
MSIE,Multisarana Intan Eduka Tbk.,185.0,0.0,194.0,174.0,177.0,-8.0,8089000.0,1458527400.0,1060.0,152800.0,1926100.0
MSIN,MNC Digital Entertainment Tbk.,268.0,270.0,270.0,238.0,250.0,-18.0,89561300.0,22775010600.0,18229.0,42334900.0,50011700.0
MSJA,Multi Spunindo Jaya Tbk.,820.0,820.0,845.0,730.0,845.0,25.0,13016600.0,10683990500.0,1836.0,3816500.0,1420500.0
MSKY,MNC Sky Vision Tbk.,67.0,67.0,68.0,65.0,65.0,-2.0,6928400.0,456867200.0,424.0,100.0,492800.0
MSTI,Mastersystem Infotama Tbk.,1350.0,1360.0,1365.0,1335.0,1350.0,0.0,867600.0,1170132500.0,533.0,4400.0,55900.0
MTDL,Metrodata Electronics Tbk.,500.0,500.0,510.0,498.0,500.0,0.0,1867900.0,940814300.0,406.0,7400.0,551000.0
MTEL,Dayamitra Telekomunikasi Tbk.,492.0,492.0,510.0,490.0,492.0,0.0,32711400.0,16289366500.0,3073.0,20285400.0,10929500.0
MTFN,Capitalinc Investment Tbk.,13.0,0.0,0.0,0.0,13.0,0.0,0.0,0.0,0.0,0.0,0.0
MTLA,Metropolitan Land Tbk.,520.0,0.0,525.0,510.0,515.0,-5.0,11200.0,5782500.0,17.0,0.0,0.0
MTMH,Murni Sadar Tbk.,970.0,0.0,970.0,920.0,965.0,-5.0,16800.0,15979000.0,99.0,0.0,200.0
MTPS,Meta Epsi Tbk.,81.0,0.0,0.0,0.0,81.0,0.0,0.0,0.0,0.0,0.0,0.0
MTRA,Mitra Pemuda Tbk.,244.0,0.0,0.0,0.0,244.0,0.0,0.0,0.0,0.0,0.0,0.0
MTSM,Metro Realty Tbk.,500.0,0.0,0.0,0.0,500.0,0.0,0.0,0.0,0.0,0.0,0.0
MTWI,Malacca Trust Wuwungan Insurance Tbk.,278.0,0.0,280.0,264.0,280.0,2.0,52400.0,14252200.0,39.0,700.0,800.0
MUTU,Mutuagung Lestari Tbk.,135.0,136.0,136.0,125.0,125.0,-10.0,38049500.0,4923487700.0,2595.0,4512800.0,4975700.0
MYOH,Samindo Resources Tbk.,1035.0,1035.0,1040.0,1005.0,1025.0,-10.0,487500.0,496321000.0,302.0,15400.0,366200.0
MYOR,Mayora Indah Tbk.,1510.0,1520.0,1520.0,1485.0,1485.0,-25.0,12431100.0,18585743500.0,4090.0,2959200.0,6714500.0
MYTX,Asia Pacific Investama Tbk.,41.0,0.0,0.0,0.0,41.0,0.0,0.0,0.0,0.0,0.0,0.0
NAIK,Adiwarna Anugerah Abadi Tbk.,91.0,91.0,92.0,89.0,89.0,-2.0,3325800.0,299330900.0,459.0,139000.0,352400.0
NANO,Nanotech Indonesia Global Tbk.,32.0,0.0,34.0,32.0,33.0,1.0,14367100.0,470852000.0,566.0,400.0,243300.0
NASA,Andalan Perkasa Abadi Tbk.,36.0,0.0,36.0,33.0,33.0,-3.0,178000.0,5970900.0,45.0,0.0,0.0
NASI,Wahana Inti Makmur Tbk.,292.0,0.0,0.0,0.0,292.0,0.0,0.0,0.0,0.0,0.0,0.0
NATO,Olympus Strategic Indonesia Tbk.,1155.0,1105.0,1230.0,1075.0,1225.0,70.0,802400.0,930991000.0,384.0,14200.0,75200.0
NAYZ,Hassana Boga Sejahtera Tbk.,76.0,0.0,76.0,72.0,74.0,-2.0,28070900.0,2053589700.0,623.0,376900.0,1060400.0
NCKL,Trimegah Bangun Persada Tbk.,930.0,935.0,935.0,910.0,915.0,-15.0,16676800.0,15311496500.0,4899.0,6662100.0,7336100.0
NELY,Pelayaran Nelly Dwi Putri Tbk.,200.0,200.0,204.0,200.0,200.0,0.0,1060500.0,213653200.0,139.0,0.0,0.0
NEST,Esta Indonesia Tbk.,785.0,780.0,780.0,755.0,765.0,-20.0,6481600.0,4969968500.0,1709.0,519000.0,384800.0
NETV,MDTV Media Technologies Tbk.,50.0,0.0,50.0,50.0,50.0,0.0,7800.0,390000.0,19.0,0.0,0.0
NFCX,NFC Indonesia Tbk.,1700.0,0.0,1745.0,1670.0,1745.0,45.0,4100.0,6892000.0,5.0,0.0,0.0
NICE,Adhi Kartiko Pratama Tbk.,368.0,374.0,374.0,360.0,360.0,-8.0,1189100.0,430723200.0,236.0,86500.0,174300.0
NICK,Charnic Capital Tbk.,2820.0,0.0,0.0,0.0,2820.0,0.0,0.0,0.0,0.0,0.0,0.0
NICL,PAM Mineral Tbk.,448.0,448.0,452.0,428.0,430.0,-18.0,20785300.0,9200819600.0,2164.0,2303400.0,2845200.0
NIKL,Pelat Timah Nusantara Tbk.,214.0,214.0,214.0,204.0,208.0,-6.0,4731100.0,984377200.0,728.0,1280700.0,720500.0
NINE,Techno9 Indonesia Tbk.,85.0,0.0,86.0,80.0,81.0,-4.0,6874100.0,560424300.0,852.0,188100.0,550200.0
NIRO,City Retail Developments Tbk.,175.0,0.0,181.0,160.0,160.0,-15.0,2865000.0,499796700.0,1288.0,29900.0,908300.0
NISP,Bank OCBC NISP Tbk.,1260.0,1260.0,1270.0,1245.0,1260.0,0.0,5429600.0,6808365500.0,534.0,728300.0,2058200.0
NOBU,Bank Nationalnobu Tbk.,535.0,540.0,570.0,535.0,565.0,30.0,13343500.0,7417124500.0,1663.0,1136300.0,2170300.0
NPGF,Nusa Palapa Gemilang Tbk.,55.0,55.0,56.0,54.0,55.0,0.0,3321800.0,182232100.0,596.0,0.0,0.0
NRCA,Nusa Raya Cipta Tbk.,560.0,565.0,570.0,540.0,550.0,-10.0,6391600.0,3538434500.0,1194.0,1162300.0,938200.0
NSSS,Nusantara Sawit Sejahtera Tbk.,760.0,760.0,760.0,715.0,725.0,-35.0,3443800.0,2536562500.0,1285.0,1252100.0,428600.0
NTBK,Nusatama Berkah Tbk.,80.0,80.0,82.0,77.0,78.0,-2.0,9491900.0,746681400.0,780.0,441600.0,2394100.0
NUSA,Sinergi Megah Internusa Tbk.,50.0,0.0,0.0,0.0,50.0,0.0,0.0,0.0,0.0,0.0,0.0
NZIA,Nusantara Almazia Tbk.,174.0,178.0,178.0,161.0,162.0,-12.0,7935800.0,1326237100.0,1721.0,2087700.0,975200.0
OASA,Maharaksa Biru Energi Tbk.,286.0,286.0,286.0,270.0,278.0,-8.0,10014900.0,2773065800.0,1031.0,753300.0,2538000.0
OBAT,Brigit Biofarmaka Teknologi Tbk.,244.0,244.0,248.0,232.0,238.0,-6.0,228100.0,53847800.0,204.0,1300.0,800.0
OBMD,OBM Drilchem Tbk.,191.0,193.0,206.0,187.0,195.0,4.0,1445200.0,282106500.0,419.0,12100.0,9200.0
OCAP,Onix Capital Tbk.,159.0,0.0,0.0,0.0,159.0,0.0,0.0,0.0,0.0,0.0,0.0
OILS,Indo Oil Perkasa Tbk.,306.0,310.0,330.0,300.0,306.0,0.0,9818400.0,3057458000.0,1288.0,1232500.0,1446200.0
OKAS,Ancora Indonesia Resources Tbk.,115.0,115.0,116.0,112.0,113.0,-2.0,3118400.0,352666300.0,316.0,0.0,84100.0
OLIV,Atlas Nexus Group Tbk.,56.0,0.0,57.0,53.0,53.0,-3.0,13964500.0,752167300.0,608.0,29000.0,2929100.0
OMED,Jayamas Medica Industri Tbk.,212.0,212.0,214.0,206.0,208.0,-4.0,3950600.0,826675400.0,589.0,1354800.0,564200.0
OMRE,Indonesia Prima Property Tbk,950.0,945.0,1055.0,945.0,985.0,35.0,11000.0,10789500.0,50.0,0.0,0.0
OPMS,Optima Prima Metal Sinergi Tbk.,113.0,113.0,114.0,104.0,104.0,-9.0,4411200.0,476494700.0,665.0,35700.0,653000.0
PACK,Abadi Nusantara Hijau Investama Tbk.,510.0,0.0,560.0,530.0,560.0,50.0,290928300.0,158577759000.0,5415.0,2858200.0,48700300.0
PADA,Personel Alih Daya Tbk.,191.0,192.0,196.0,175.0,181.0,-10.0,27118500.0,4948649300.0,2284.0,4016300.0,3504600.0
PADI,Minna Padi Investama Sekuritas Tbk.,62.0,64.0,64.0,57.0,58.0,-4.0,398811900.0,23571517300.0,8471.0,60006000.0,55073600.0
PALM,Provident Investasi Bersama Tbk.,294.0,294.0,294.0,286.0,292.0,-2.0,279500.0,80984600.0,73.0,300.0,28800.0
PAMG,Bima Sakti Pertiwi Tbk.,53.0,52.0,68.0,51.0,54.0,1.0,285746800.0,17750551400.0,10452.0,1113800.0,1169600.0
PANI,Pantai Indah Kapuk Dua Tbk.,5175.0,5175.0,5275.0,4930.0,4980.0,-195.0,11468900.0,57566376500.0,4642.0,3325600.0,1074200.0
PANR,Panorama Sentrawisata Tbk.,408.0,0.0,416.0,408.0,410.0,2.0,29500.0,12050200.0,17.0,0.0,0.0
PANS,Panin Sekuritas Tbk.,1650.0,1635.0,1655.0,1615.0,1630.0,-20.0,102600.0,167715000.0,146.0,0.0,6400.0
PART,Cipta Perdana Lancar Tbk.,106.0,106.0,116.0,105.0,109.0,3.0,36627000.0,4025709600.0,5795.0,2772700.0,3268700.0
PBID,Panca Budi Idaman Tbk.,525.0,525.0,525.0,515.0,520.0,-5.0,1121500.0,585211000.0,230.0,42000.0,92600.0
PBRX,Pan Brothers Tbk.,26.0,0.0,25.0,24.0,24.0,-2.0,13569400.0,332563100.0,402.0,0.0,0.0
PBSA,Paramita Bangun Sarana Tbk.,725.0,725.0,750.0,715.0,735.0,10.0,1244500.0,907661000.0,388.0,20100.0,142500.0
PCAR,Prima Cakrawala Abadi Tbk.,44.0,0.0,45.0,44.0,45.0,1.0,3047300.0,137073400.0,88.0,0.0,0.0
PDES,Destinasi Tirta Nusantara Tbk,374.0,0.0,390.0,370.0,380.0,6.0,70300.0,26200000.0,44.0,14500.0,0.0
PDPP,Primadaya Plastisindo Tbk.,338.0,348.0,348.0,334.0,338.0,0.0,307500.0,103802600.0,90.0,13400.0,16900.0
PEGE,Panca Global Kapital Tbk.,135.0,136.0,139.0,130.0,133.0,-2.0,15153500.0,2031131500.0,851.0,2970800.0,2071400.0
PEHA,Phapros Tbk.,294.0,292.0,306.0,288.0,288.0,-6.0,593900.0,175915000.0,293.0,40500.0,75800.0
PEVE,Penta Valent Tbk.,308.0,310.0,310.0,304.0,308.0,0.0,1084000.0,332758200.0,97.0,0.0,0.0
PGAS,Perusahaan Gas Negara (Persero) Tbk.,1500.0,1500.0,1505.0,1455.0,1455.0,-45.0,34749200.0,50937549500.0,10409.0,10550000.0,22264600.0
PGEO,Pertamina Geothermal Energy Tbk.,1055.0,1055.0,1095.0,1045.0,1065.0,10.0,23199700.0,24742667500.0,4101.0,9977100.0,4898200.0
PGJO,Bahtera Bumi Raya Tbk.,840.0,0.0,880.0,815.0,870.0,30.0,677900.0,578292000.0,198.0,59300.0,14700.0
PGLI,Pembangunan Graha Lestari Indah Tbk.,197.0,206.0,216.0,199.0,212.0,15.0,2161100.0,452851900.0,398.0,0.0,200000.0
PGUN,Pradiksi Gunatama Tbk.,9350.0,0.0,9700.0,8300.0,8900.0,-450.0,140700.0,1276642500.0,380.0,6700.0,7800.0
PICO,Pelangi Indah Canindo Tbk,176.0,0.0,177.0,167.0,167.0,-9.0,1069400.0,183045300.0,214.0,17400.0,25400.0
PIPA,Oxala Energy International Tbk.,173.0,172.0,177.0,154.0,161.0,-12.0,129340200.0,21245204900.0,9148.0,26865400.0,20357300.0
PJAA,Pembangunan Jaya Ancol Tbk.,476.0,480.0,480.0,460.0,460.0,-16.0,182700.0,85310200.0,108.0,14900.0,0.0
PJHB,Pelayaran Jaya Hidup Baru Tbk.,176.0,176.0,177.0,167.0,172.0,-4.0,2158600.0,370917300.0,635.0,87600.0,242100.0
PKPK,Paragon Karya Perkasa Tbk.,4670.0,4770.0,4780.0,4530.0,4620.0,-50.0,1757800.0,8137968000.0,990.0,279400.0,315100.0
PLAN,Planet Properindo Jaya Tbk.,64.0,0.0,66.0,60.0,64.0,0.0,7441100.0,466339400.0,374.0,12900.0,405100.0
PLAS,Polaris Investama Tbk,50.0,0.0,0.0,0.0,50.0,0.0,0.0,0.0,0.0,0.0,0.0
PLIN,Plaza Indonesia Realty Tbk.,2510.0,0.0,0.0,0.0,2510.0,0.0,0.0,0.0,0.0,0.0,0.0
PMJS,Putra Mandiri Jembar Tbk.,145.0,148.0,149.0,142.0,143.0,-2.0,1077300.0,155965900.0,157.0,37400.0,4100.0
PMMP,Panca Mitra Multiperdana Tbk.,50.0,0.0,0.0,0.0,50.0,0.0,0.0,0.0,0.0,0.0,0.0
PMUI,Prima Multi Usaha Indonesia Tbk.,105.0,105.0,106.0,103.0,104.0,-1.0,1496000.0,155381900.0,237.0,114700.0,10500.0
PNBN,Bank Pan Indonesia Tbk,860.0,860.0,870.0,850.0,860.0,0.0,1262100.0,1081994500.0,433.0,43800.0,153400.0
PNBS,Bank Panin Dubai Syariah Tbk.,50.0,50.0,50.0,50.0,50.0,0.0,62700.0,3135000.0,11.0,0.0,0.0
PNGO,AEP Pinago Plantations Tbk.,3520.0,0.0,3520.0,3520.0,3520.0,0.0,1400.0,4928000.0,1.0,0.0,0.0
PNIN,Paninvest Tbk.,710.0,0.0,715.0,680.0,700.0,-10.0,1012000.0,697345000.0,200.0,16200.0,24900.0
PNLF,Panin Financial Tbk.,208.0,208.0,212.0,204.0,204.0,-4.0,32280500.0,6645172400.0,1164.0,5793000.0,5500200.0
PNSE,Pudjiadi & Sons Tbk.,482.0,0.0,486.0,480.0,480.0,-2.0,600.0,289200.0,4.0,0.0,0.0
POLA,Pool Advista Finance Tbk.,80.0,80.0,81.0,75.0,77.0,-3.0,21689100.0,1669205500.0,1942.0,625200.0,3427700.0
POLI,Pollux Hotels Group Tbk.,945.0,940.0,980.0,890.0,980.0,35.0,13900.0,12765500.0,40.0,1100.0,200.0
POLL,Pollux Properties Indonesia Tbk.,112.0,0.0,0.0,0.0,112.0,0.0,0.0,0.0,0.0,0.0,0.0
POLU,Golden Flower Tbk.,16875.0,16875.0,17800.0,15975.0,15975.0,-900.0,16900.0,273805000.0,131.0,0.0,0.0
POLY,Asia Pacific Fibers Tbk,32.0,0.0,0.0,0.0,32.0,0.0,0.0,0.0,0.0,0.0,0.0
POOL,Pool Advista Indonesia Tbk.,50.0,0.0,0.0,0.0,50.0,0.0,0.0,0.0,0.0,0.0,0.0
PORT,Nusantara Pelabuhan Handal Tbk.,950.0,0.0,970.0,935.0,955.0,5.0,11200.0,10675000.0,25.0,0.0,2800.0
POSA,Bliss Properti Indonesia Tbk.,50.0,0.0,0.0,0.0,50.0,0.0,0.0,0.0,0.0,0.0,0.0
POWR,Cikarang Listrindo Tbk.,975.0,975.0,985.0,935.0,980.0,5.0,11967900.0,11361958000.0,2767.0,2077400.0,1850000.0
PPGL,Prima Globalindo Logistik Tbk.,468.0,0.0,0.0,0.0,468.0,0.0,0.0,0.0,0.0,0.0,0.0
PPRE,PP Presisi Tbk.,104.0,104.0,106.0,101.0,104.0,0.0,21150400.0,2169825300.0,1914.0,1470100.0,2105300.0
PPRI,Paperocks Indonesia Tbk.,161.0,161.0,168.0,155.0,159.0,-2.0,2622600.0,420271000.0,523.0,203900.0,361600.0
PPRO,PP Properti Tbk.,16.0,0.0,15.0,15.0,15.0,-1.0,15410100.0,231151500.0,247.0,0.0,0.0
PRAY,Famon Awal Bros Sedaya Tbk.,800.0,795.0,855.0,780.0,785.0,-15.0,97000.0,78060000.0,125.0,6200.0,9100.0
PRDA,Prodia Widyahusada Tbk.,2820.0,2820.0,2840.0,2770.0,2800.0,-20.0,728900.0,2044795000.0,254.0,172400.0,271300.0
PRDL,Prodia Diagnostic Line Tbk.,204.0,204.0,212.0,193.0,196.0,-8.0,12742300.0,2528392100.0,2977.0,2685100.0,3992900.0
PRIM,Royal Prima Tbk.,123.0,123.0,125.0,121.0,122.0,-1.0,2236700.0,274193700.0,341.0,67800.0,444100.0
PSAB,J Resources Asia Pasifik Tbk.,540.0,540.0,545.0,515.0,530.0,-10.0,67031900.0,35121290500.0,5563.0,13228000.0,8659400.0
PSAT,Pancaran Samudera Transport Tbk.,855.0,0.0,885.0,840.0,840.0,-15.0,27100.0,23492000.0,35.0,0.0,100.0
PSDN,Prasidha Aneka Niaga Tbk,144.0,147.0,147.0,137.0,140.0,-4.0,11745500.0,1664992700.0,1487.0,2228200.0,400.0
PSGO,Palma Serasih Tbk.,192.0,192.0,194.0,191.0,192.0,0.0,45100.0,8659600.0,38.0,0.0,5100.0
PSKT,Red Planet Indonesia Tbk.,232.0,232.0,234.0,226.0,232.0,0.0,4642500.0,1066937400.0,357.0,318700.0,767100.0
PSSI,IMC Pelita Logistik Tbk.,360.0,370.0,444.0,340.0,352.0,-8.0,5163500.0,2027022600.0,2351.0,236600.0,206100.0
PTBA,Bukit Asam (Persero) Tbk.,3080.0,3070.0,3070.0,2990.0,3010.0,-70.0,22639100.0,68220596000.0,8034.0,8364700.0,7527100.0
PTDU,Djasa Ubersakti Tbk.,70.0,0.0,0.0,0.0,70.0,0.0,0.0,0.0,0.0,0.0,0.0
PTIS,Indo Straits Tbk.,256.0,260.0,270.0,252.0,254.0,-2.0,320700.0,84052400.0,214.0,0.0,0.0
PTMP,Mitra Pack Tbk.,62.0,63.0,63.0,60.0,61.0,-1.0,6776100.0,414519400.0,552.0,0.0,1275900.0
PTMR,Master Print Tbk.,374.0,0.0,0.0,0.0,374.0,0.0,0.0,0.0,0.0,0.0,0.0
PTPP,PP (Persero) Tbk.,198.0,202.0,202.0,195.0,195.0,-3.0,2985900.0,585143400.0,425.0,141000.0,643600.0
PTPS,Pulau Subur Tbk.,160.0,160.0,160.0,150.0,155.0,-5.0,3290800.0,511316000.0,692.0,237200.0,81300.0
PTPW,Pratama Widya Tbk.,1145.0,1150.0,1155.0,1140.0,1140.0,-5.0,21700.0,24939500.0,35.0,0.0,0.0
PTRO,Petrosea Tbk.,5400.0,5425.0,5450.0,5175.0,5375.0,-25.0,42085100.0,223030087500.0,13687.0,4351700.0,10048100.0
PTSN,Sat Nusapersada Tbk,386.0,386.0,394.0,368.0,374.0,-12.0,3344400.0,1259647200.0,679.0,344500.0,326600.0
PTSP,Pioneerindo Gourmet International Tbk.,1200.0,0.0,1250.0,1130.0,1200.0,0.0,25200.0,29940500.0,111.0,4000.0,1000.0
PUDP,Pudjiadi Prestige Tbk.,270.0,270.0,270.0,262.0,270.0,0.0,59100.0,15707600.0,37.0,0.0,1300.0
PURA,Putra Rajawali Kencana Tbk.,32.0,0.0,32.0,31.0,31.0,-1.0,3179600.0,99021000.0,112.0,0.0,0.0
PURE,Trinitan Metals and Minerals Tbk.,51.0,0.0,0.0,0.0,51.0,0.0,0.0,0.0,0.0,0.0,0.0
PURI,Puri Global Sukses Tbk.,160.0,164.0,167.0,158.0,161.0,1.0,10726000.0,1741515600.0,1093.0,138000.0,156200.0
PWON,Pakuwon Jati Tbk.,266.0,268.0,270.0,264.0,268.0,2.0,25413800.0,6782219400.0,2046.0,17851300.0,11481000.0
PYFA,Pyridam Farma Tbk,240.0,240.0,246.0,220.0,226.0,-14.0,33589100.0,7675545200.0,1673.0,9833100.0,2292200.0
PZZA,Sarimelati Kencana Tbk.,186.0,186.0,186.0,182.0,183.0,-3.0,550100.0,100652700.0,157.0,47000.0,6500.0
RAAM,Tripar Multivision Plus Tbk.,173.0,0.0,173.0,167.0,167.0,-6.0,875600.0,147685700.0,219.0,2200.0,53300.0
RAFI,Sari Kreasi Boga Tbk.,36.0,0.0,0.0,0.0,36.0,0.0,0.0,0.0,0.0,0.0,0.0
RAJA,Rukun Raharja Tbk.,730.0,735.0,735.0,690.0,705.0,-25.0,55613200.0,39168263000.0,7915.0,10030800.0,7419600.0
RALS,Ramayana Lestari Sentosa Tbk.,386.0,386.0,386.0,380.0,384.0,-2.0,1602000.0,612999800.0,484.0,5000.0,682600.0
RANC,Supra Boga Lestari Tbk.,565.0,555.0,570.0,545.0,555.0,-10.0,12800.0,7091500.0,47.0,0.0,0.0
RANS,Rans Entertainmen Indonesia Tbk.,197.0,200.0,206.0,189.0,193.0,-4.0,122021200.0,24102422800.0,6115.0,33337300.0,24324000.0
RATU,Raharja Energi Cepu Tbk.,4210.0,4210.0,4230.0,4060.0,4080.0,-130.0,6541400.0,26884211000.0,3853.0,324900.0,1530100.0
RBMS,Ristia Bintang Mahkotasejati Tbk.,59.0,59.0,59.0,54.0,56.0,-3.0,33346300.0,1868116900.0,5720.0,316800.0,114200.0
RCCC,Utama Radar Cahaya Tbk.,114.0,0.0,116.0,110.0,111.0,-3.0,1456100.0,163507300.0,147.0,0.0,0.0
RDTX,Roda Vivatex Tbk,13475.0,13425.0,13475.0,13425.0,13475.0,0.0,300.0,4032500.0,3.0,0.0,0.0
REAL,Repower Asia Indonesia Tbk.,50.0,50.0,50.0,50.0,50.0,0.0,435800.0,21790000.0,46.0,0.0,0.0
RELF,Graha Mitra Asia Tbk.,40.0,0.0,41.0,38.0,39.0,-1.0,11319400.0,436023800.0,376.0,389700.0,480700.0
RELI,Reliance Sekuritas Indonesia Tbk.,595.0,595.0,595.0,550.0,580.0,-15.0,21500.0,12421000.0,36.0,0.0,0.0
RGAS,Kian Santang Muliatama Tbk.,107.0,108.0,108.0,102.0,103.0,-4.0,25723200.0,2672434000.0,2271.0,3094200.0,2213500.0
RICY,Ricky Putra Globalindo Tbk,78.0,0.0,79.0,75.0,77.0,-1.0,1897100.0,145252000.0,215.0,0.0,0.0
RIGS,Rig Tenders Indonesia Tbk.,605.0,0.0,610.0,600.0,605.0,0.0,72600.0,44093500.0,53.0,100.0,6600.0
RIMO,Rimo International Lestari Tbk,50.0,0.0,0.0,0.0,50.0,0.0,0.0,0.0,0.0,0.0,0.0
RISE,Jaya Sukses Makmur Sentosa Tbk.,850.0,855.0,880.0,725.0,735.0,-115.0,9459100.0,7238006000.0,2681.0,127600.0,259500.0
RLCO,Abadi Lestari Indonesia Tbk.,4210.0,4200.0,4250.0,3970.0,3970.0,-240.0,328200.0,1334513000.0,806.0,19000.0,36200.0
RMKE,RMK Energy Tbk.,400.0,402.0,414.0,396.0,410.0,10.0,69631300.0,28198088000.0,2955.0,19498100.0,10890900.0
RMKO,Royaltama Mulia Kontraktorindo Tbk.,316.0,320.0,324.0,300.0,306.0,-10.0,6123200.0,1889182000.0,1041.0,755000.0,1125300.0
ROCK,Rockfields Properti Indonesia Tbk.,1990.0,1995.0,2020.0,1900.0,1915.0,-75.0,16700.0,32633500.0,49.0,4100.0,700.0
RODA,Pikko Land Development Tbk.,63.0,63.0,64.0,58.0,58.0,-5.0,26601800.0,1580904700.0,1479.0,2205500.0,1055600.0
RONY,Aracord Nusantara Group Tbk.,1445.0,0.0,1450.0,1365.0,1450.0,5.0,16500.0,23436500.0,38.0,3900.0,6300.0
ROTI,Nippon Indosari Corpindo Tbk.,585.0,585.0,585.0,580.0,580.0,-5.0,265700.0,154348000.0,119.0,208300.0,56500.0
RSCH,Charlie Hospital Semarang Tbk.,438.0,438.0,450.0,426.0,450.0,12.0,22649400.0,9855299600.0,1556.0,3590800.0,1066000.0
RSGK,Kedoya Adyaraya Tbk.,1030.0,0.0,1055.0,965.0,1045.0,15.0,117400.0,118576500.0,45.0,1100.0,2300.0
RUIS,Radiant Utama Interinsco Tbk.,202.0,204.0,204.0,199.0,200.0,-2.0,439200.0,88135400.0,72.0,600.0,0.0
RUNS,Global Sukses Solusi Tbk.,70.0,0.0,70.0,65.0,68.0,-2.0,1494000.0,100666400.0,156.0,0.0,0.0
SAFE,Steady Safe Tbk,1045.0,0.0,1045.0,945.0,945.0,-100.0,328200.0,318972000.0,161.0,0.0,0.0
SAGE,Saptausaha Gemilangindah Tbk.,30.0,0.0,30.0,29.0,29.0,-1.0,3711200.0,108762300.0,187.0,0.0,0.0
SAME,Sarana Meditama Metropolitan Tbk.,292.0,292.0,298.0,290.0,292.0,0.0,189400.0,55419400.0,70.0,1300.0,2000.0
SAMF,Saraswanti Anugerah Makmur Tbk.,310.0,310.0,314.0,302.0,312.0,2.0,68700.0,21199200.0,59.0,0.0,2500.0
SAPX,Satria Antaran Prima Tbk.,302.0,304.0,376.0,304.0,376.0,74.0,14708400.0,5279558200.0,3101.0,507900.0,953200.0
SATU,Kota Satu Properti Tbk.,240.0,240.0,244.0,236.0,242.0,2.0,5677400.0,1364243200.0,455.0,0.0,543400.0
SBAT,Sejahtera Bintang Abadi Textile Tbk.,1.0,0.0,0.0,0.0,1.0,0.0,0.0,0.0,0.0,0.0,0.0
SBMA,Surya Biru Murni Acetylene Tbk.,114.0,0.0,117.0,110.0,111.0,-3.0,1274200.0,142261000.0,292.0,0.0,0.0
SCCO,Supreme Cable Manufacturing & Commerce Tbk.,2620.0,0.0,2730.0,2600.0,2610.0,-10.0,71000.0,188412000.0,108.0,7700.0,13400.0
SCMA,Surya Citra Media Tbk.,182.0,182.0,184.0,176.0,177.0,-5.0,87412500.0,15654484800.0,4306.0,20556500.0,11543800.0
SCNP,Selaras Citra Nusantara Perkasa Tbk.,168.0,169.0,170.0,161.0,163.0,-5.0,1382400.0,225939300.0,323.0,409900.0,600.0
SCPI,Organon Pharma Indonesia Tbk.,29000.0,0.0,0.0,0.0,29000.0,0.0,0.0,0.0,0.0,0.0,0.0
SDMU,Sidomulyo Selaras Tbk.,89.0,89.0,94.0,86.0,87.0,-2.0,37161300.0,3336768800.0,2513.0,1763100.0,2621400.0
SDPC,Millennium Pharmacon International Tbk.,193.0,198.0,198.0,192.0,192.0,-1.0,57700.0,11262200.0,39.0,0.0,0.0
SDRA,Bank Woori Saudara Indonesia 1906 Tbk.,210.0,210.0,210.0,204.0,208.0,-2.0,728000.0,149938200.0,164.0,1100.0,66600.0
SEMA,Semacom Integrated Tbk.,264.0,0.0,0.0,0.0,264.0,0.0,0.0,0.0,0.0,0.0,0.0
SFAN,Surya Fajar Capital Tbk.,2020.0,0.0,2020.0,2000.0,2010.0,-10.0,51800.0,104080000.0,43.0,2800.0,0.0
SGER,Sumber Global Energy Tbk.,720.0,725.0,730.0,710.0,720.0,0.0,37501300.0,27121364000.0,17158.0,4437600.0,3601500.0
SGRO,Prime Agri Resources Tbk.,4580.0,4580.0,4590.0,4320.0,4570.0,-10.0,25300.0,113837000.0,33.0,5500.0,3700.0
SHID,Hotel Sahid Jaya International Tbk.,740.0,0.0,760.0,700.0,735.0,-5.0,16600.0,11929500.0,40.0,0.0,100.0
SHIP,Sillo Maritime Perdana Tbk.,2720.0,2720.0,2720.0,2510.0,2560.0,-160.0,36000.0,93950000.0,78.0,0.0,0.0
SICO,Sigma Energy Compressindo Tbk.,115.0,115.0,115.0,113.0,114.0,-1.0,1608700.0,182939100.0,344.0,7400.0,9200.0
SIDO,Industri Jamu dan Farmasi Sido Muncul Tbk.,356.0,356.0,358.0,352.0,352.0,-4.0,14403000.0,5095055200.0,2832.0,162300.0,5393500.0
SILO,Siloam International Hospitals Tbk.,2060.0,2070.0,2090.0,2050.0,2080.0,20.0,3250100.0,6730679000.0,1115.0,2455500.0,1919800.0
SIMA,Siwani Makmur Tbk,50.0,0.0,0.0,0.0,50.0,0.0,0.0,0.0,0.0,0.0,0.0
SIMP,Salim Ivomas Pratama Tbk.,615.0,615.0,620.0,590.0,600.0,-15.0,18100600.0,10887969500.0,2290.0,4062700.0,4915200.0
SINI,Singaraja Putra Tbk.,16450.0,16200.0,16850.0,15450.0,16050.0,-400.0,9302700.0,148089580000.0,6807.0,2600200.0,1172100.0
SIPD,Sreeya Sewu Indonesia Tbk.,895.0,0.0,895.0,845.0,860.0,-35.0,30600.0,26393500.0,46.0,0.0,5500.0
SKBM,Sekar Bumi Tbk.,530.0,540.0,540.0,520.0,530.0,0.0,241200.0,127740500.0,88.0,0.0,31900.0
SKLT,Sekar Laut Tbk.,206.0,0.0,208.0,204.0,206.0,0.0,5700.0,1174400.0,11.0,0.0,0.0
SKRN,Superkrane Mitra Utama Tbk.,414.0,414.0,422.0,410.0,414.0,0.0,188600.0,78152400.0,120.0,37500.0,0.0
SKYB,Northcliff Citranusa Indonesia Tbk.,51.0,0.0,0.0,0.0,51.0,0.0,0.0,0.0,0.0,0.0,0.0
SLIS,Gaya Abadi Sempurna Tbk.,86.0,87.0,93.0,82.0,82.0,-4.0,121797400.0,10705782600.0,6745.0,11713000.0,25205400.0
SMAR,Sinar Mas Agro Resources and Technology Tbk.,6200.0,0.0,6300.0,6075.0,6125.0,-75.0,109100.0,668447500.0,78.0,16300.0,4900.0
SMBR,Semen Baturaja (Persero) Tbk.,170.0,170.0,173.0,163.0,167.0,-3.0,7412600.0,1243297000.0,918.0,810000.0,1712400.0
SMCB,Solusi Bangun Indonesia Tbk.,775.0,0.0,0.0,0.0,775.0,0.0,0.0,0.0,0.0,0.0,0.0
SMDM,Suryamas Dutamakmur Tbk.,530.0,0.0,550.0,515.0,525.0,-5.0,127100.0,66011000.0,42.0,0.0,3700.0
SMDR,Samudera Indonesia  Tbk.,404.0,408.0,414.0,392.0,400.0,-4.0,48856800.0,19616058400.0,3607.0,13417700.0,6652700.0
SMGA,Sumber Mineral Global Abadi Tbk.,86.0,86.0,88.0,84.0,86.0,0.0,7431000.0,639681400.0,423.0,471100.0,572900.0
SMGR,Semen Indonesia (Persero) Tbk.,1560.0,1580.0,1620.0,1570.0,1580.0,20.0,17266700.0,27366552500.0,3730.0,7347400.0,8017200.0
SMIL,Sarana Mitra Luas Tbk.,422.0,428.0,438.0,424.0,436.0,14.0,44070600.0,19046632000.0,2107.0,11122100.0,1568900.0
SMKL,Satyamitra Kemas Lestari Tbk.,159.0,164.0,164.0,158.0,158.0,-1.0,129500.0,20631300.0,36.0,0.0,0.0
SMKM,Sumber Mas Konstruksi Tbk.,93.0,0.0,93.0,89.0,91.0,-2.0,2841500.0,255394400.0,205.0,0.0,0.0
SMLE,Sinergi Multi Lestarindo Tbk.,222.0,224.0,230.0,218.0,230.0,8.0,27897000.0,6275205200.0,3596.0,2946900.0,2447900.0
SMMA,Sinarmas Multiartha Tbk.,20025.0,0.0,20025.0,19800.0,20025.0,0.0,2200.0,43927500.0,13.0,1700.0,1000.0
SMMT,Golden Eagle Energy Tbk.,2960.0,2970.0,3040.0,2870.0,2940.0,-20.0,1057200.0,3157532000.0,417.0,382500.0,361100.0
SMRA,Summarecon Agung Tbk.,268.0,268.0,272.0,258.0,258.0,-10.0,53301700.0,14050052800.0,3635.0,8521000.0,14139400.0
SMRU,SMR Utama Tbk.,50.0,0.0,0.0,0.0,50.0,0.0,0.0,0.0,0.0,0.0,0.0
SMSM,Selamat Sempurna Tbk.,1700.0,1700.0,1710.0,1675.0,1680.0,-20.0,3328200.0,5613643000.0,2859.0,354300.0,1514300.0
SNLK,Sunter Lakeside Hotel Tbk.,250.0,250.0,258.0,246.0,254.0,4.0,19511900.0,4923991600.0,874.0,1885100.0,1665500.0
SOCI,Soechi Lines Tbk.,655.0,655.0,690.0,635.0,645.0,-10.0,29587700.0,19524705000.0,3183.0,5637500.0,7981700.0
SOFA,Solusi Environment Asia Tbk.,354.0,0.0,364.0,322.0,326.0,-28.0,5451900.0,1837620800.0,1079.0,371700.0,1011200.0
SOHO,Soho Global Health Tbk.,1570.0,1555.0,1555.0,1410.0,1430.0,-140.0,87500.0,128341000.0,197.0,4400.0,0.0
SOLA,Xolare RCR Energy Tbk.,89.0,88.0,89.0,84.0,84.0,-5.0,7824300.0,670766200.0,804.0,211900.0,817500.0
SONA,Sona Topas Tourism Industry Tbk.,2510.0,0.0,2510.0,2310.0,2480.0,-30.0,2700.0,6732000.0,13.0,0.0,0.0
SOSS,ALSOK Indonesia Services Tbk.,935.0,0.0,0.0,0.0,935.0,0.0,0.0,0.0,0.0,0.0,0.0
SOTS,Satria Mega Kencana Tbk.,590.0,0.0,590.0,560.0,570.0,-20.0,231600.0,132869500.0,133.0,0.0,57900.0
SOUL,Mitra Tirta Buwana Tbk.,37.0,0.0,0.0,0.0,37.0,0.0,0.0,0.0,0.0,0.0,0.0
SPMA,Suparma Tbk.,169.0,0.0,171.0,165.0,166.0,-3.0,673500.0,112973800.0,136.0,26400.0,0.0
SPRE,Soraya Berjaya Indonesia Tbk.,97.0,0.0,99.0,89.0,93.0,-4.0,7605400.0,710992700.0,433.0,0.0,0.0
SPTO,Surya Pertiwi Tbk.,605.0,605.0,610.0,600.0,605.0,0.0,617600.0,373194500.0,216.0,88600.0,118600.0
SQMI,Wilton Makmur Indonesia Tbk.,109.0,109.0,110.0,101.0,107.0,-2.0,497071200.0,52421589100.0,13476.0,71675200.0,80200400.0
SRAJ,Sejahteraraya Anugrahjaya Tbk.,13000.0,0.0,13000.0,13000.0,13000.0,0.0,100.0,1300000.0,1.0,0.0,0.0
SRIL,Sri Rejeki Isman Tbk.,146.0,0.0,0.0,0.0,146.0,0.0,0.0,0.0,0.0,0.0,0.0
SRSN,Indo Acidatama Tbk,124.0,126.0,141.0,124.0,129.0,5.0,1028825700.0,135833463000.0,40072.0,176281900.0,231016700.0
SRTG,Saratoga Investama Sedaya Tbk.,1800.0,1800.0,1805.0,1770.0,1775.0,-25.0,1118000.0,1990150500.0,540.0,59900.0,286600.0
SSIA,Surya Semesta Internusa Tbk.,1680.0,1680.0,1685.0,1600.0,1600.0,-80.0,19296500.0,31404134500.0,5309.0,2160100.0,1467200.0
SSMS,Sawit Sumbermas Sarana Tbk.,1110.0,1100.0,1100.0,1025.0,1040.0,-70.0,14335000.0,15197906500.0,2139.0,2712900.0,4334300.0
SSTM,Sunson Textile Manufacture Tbk,470.0,474.0,486.0,440.0,456.0,-14.0,207400.0,95639200.0,176.0,0.0,18600.0
STAA,Sumber Tani Agung Resources Tbk.,1195.0,1195.0,1225.0,1170.0,1185.0,-10.0,6098400.0,7323477500.0,734.0,1897700.0,916100.0
STAR,Calculus Global Ventures Tbk.,380.0,380.0,474.0,326.0,446.0,66.0,5662600.0,2498642600.0,2513.0,231700.0,296000.0
STRK,Lovina Beach Brewery Tbk.,62.0,62.0,70.0,62.0,65.0,3.0,42956400.0,2833810700.0,2987.0,4016300.0,5851800.0
STTP,Siantar Top Tbk.,9375.0,0.0,9450.0,9225.0,9375.0,0.0,3500.0,32430000.0,20.0,0.0,100.0
SUGI,Sugih Energy Tbk.,50.0,0.0,0.0,0.0,50.0,0.0,0.0,0.0,0.0,0.0,0.0
SULI,SLJ Global Tbk.,86.0,86.0,87.0,83.0,85.0,-1.0,3132500.0,264825300.0,435.0,403600.0,168300.0
SUNI,Sunindo Pratama Tbk.,680.0,675.0,675.0,660.0,675.0,-5.0,322100.0,215192500.0,129.0,500.0,13200.0
SUPA,Super Bank Indonesia Tbk.,490.0,490.0,492.0,452.0,490.0,0.0,36032100.0,17195824600.0,4467.0,9014800.0,5361500.0
SUPR,Solusi Tunas Pratama Tbk.,43850.0,0.0,0.0,0.0,43850.0,0.0,0.0,0.0,0.0,0.0,0.0
SURE,Super Energy Tbk.,2910.0,2910.0,3200.0,2910.0,3200.0,290.0,3300.0,9864000.0,11.0,0.0,0.0
SURI,Maja Agung Latexindo Tbk.,85.0,84.0,85.0,84.0,85.0,0.0,2018600.0,169707900.0,232.0,0.0,0.0
SWAT,Sriwahana Adityakarta Tbk.,16.0,0.0,0.0,0.0,16.0,0.0,0.0,0.0,0.0,0.0,0.0
SWID,Saraswanti Indoland Development Tbk.,127.0,127.0,128.0,119.0,125.0,-2.0,3920500.0,478934300.0,602.0,650300.0,807100.0
TALF,Tunas Alfin Tbk.,685.0,0.0,700.0,670.0,690.0,5.0,36300.0,24611000.0,52.0,0.0,0.0
TAMA,Lancartama Sejati Tbk.,200.0,0.0,198.0,190.0,191.0,-9.0,1171500.0,226721800.0,100.0,0.0,0.0
TAMU,Pelayaran Tamarin Samudra Tbk.,26.0,0.0,25.0,25.0,25.0,-1.0,5928700.0,148217500.0,134.0,0.0,0.0
TAPG,Triputra Agro Persada Tbk.,2170.0,2170.0,2200.0,2010.0,2040.0,-130.0,33185000.0,68451265000.0,13247.0,22018100.0,4001000.0
TARA,Agung Semesta Sejahtera Tbk.,30.0,0.0,31.0,30.0,30.0,0.0,865400.0,26322700.0,33.0,0.0,0.0
TAXI,Express Transindo Utama Tbk.,14.0,0.0,14.0,14.0,14.0,0.0,46567800.0,651949200.0,263.0,0.0,8000000.0
TAYS,Jaya Swarasa Agung Tbk.,50.0,0.0,0.0,0.0,50.0,0.0,0.0,0.0,0.0,0.0,0.0
TBIG,Tower Bersama Infrastructure Tbk.,1465.0,0.0,1475.0,1400.0,1450.0,-15.0,334500.0,480909500.0,200.0,178700.0,37700.0
TBLA,Tunas Baru Lampung Tbk.,625.0,625.0,630.0,615.0,620.0,-5.0,2009900.0,1252660000.0,353.0,63400.0,985000.0
TBMS,Tembaga Mulia Semanan Tbk.,1240.0,1400.0,1400.0,1210.0,1215.0,-25.0,74900.0,97382500.0,98.0,6200.0,1000.0
TCID,Mandom Indonesia Tbk.,2570.0,0.0,2690.0,2550.0,2550.0,-20.0,2600.0,6730000.0,9.0,0.0,300.0
TCPI,Transcoal Pacific Tbk.,1555.0,1555.0,1560.0,1380.0,1435.0,-120.0,4757200.0,6885113000.0,3277.0,1792600.0,2347000.0
TDPM,Tianrong Chemicals Industry Tbk.,119.0,0.0,0.0,0.0,119.0,0.0,0.0,0.0,0.0,0.0,0.0
TEBE,Dana Brata Luhur Tbk.,2080.0,1825.0,2100.0,1825.0,1980.0,-100.0,27025700.0,53297510500.0,8187.0,5173200.0,5377000.0
TECH,Indosterling Technomedia Tbk.,50.0,0.0,0.0,0.0,50.0,0.0,0.0,0.0,0.0,0.0,0.0
TELE,Omni Inovasi Indonesia Tbk.,9.0,0.0,0.0,0.0,9.0,0.0,0.0,0.0,0.0,0.0,0.0
TFAS,Telefast Indonesia Tbk.,190.0,194.0,216.0,189.0,195.0,5.0,9521900.0,1908922400.0,2354.0,308900.0,318400.0
TFCO,Tifico Fiber Indonesia Tbk.,850.0,0.0,0.0,0.0,850.0,0.0,0.0,0.0,0.0,0.0,0.0
TGKA,Tigaraksa Satria Tbk.,5075.0,5050.0,5100.0,4700.0,4970.0,-105.0,13800.0,67945500.0,50.0,500.0,900.0
TGRA,Terregra Asia Energy Tbk.,27.0,0.0,0.0,0.0,27.0,0.0,0.0,0.0,0.0,0.0,0.0
TGUK,Platinum Wahab Nusantara Tbk.,111.0,0.0,121.0,113.0,121.0,10.0,6842300.0,804368500.0,536.0,0.0,0.0
TIFA,KDB Tifa Finance Tbk.,312.0,0.0,330.0,302.0,304.0,-8.0,248800.0,77090200.0,144.0,0.0,0.0
TINS,TIMAH (Persero) Tbk.,4900.0,4950.0,4950.0,4560.0,4610.0,-290.0,76750100.0,360167135000.0,24672.0,14087700.0,37507100.0
TIRA,Tira Austenite Tbk,388.0,0.0,390.0,370.0,382.0,-6.0,720900.0,276428600.0,117.0,0.0,0.0
TIRT,Tirta Mahakam Resources Tbk,590.0,0.0,0.0,0.0,590.0,0.0,0.0,0.0,0.0,0.0,0.0
TKIM,Pabrik Kertas Tjiwi Kimia Tbk.,7500.0,7575.0,7625.0,7200.0,7250.0,-250.0,2411700.0,17715492500.0,1203.0,913600.0,886600.0
TLDN,Teladan Prima Agro Tbk.,610.0,0.0,620.0,590.0,600.0,-10.0,1664000.0,1000348500.0,657.0,97000.0,28500.0
TLKM,Telkom Indonesia (Persero) Tbk.,2500.0,2500.0,2540.0,2450.0,2470.0,-30.0,111856600.0,277593798000.0,23579.0,68046200.0,89942000.0
TMAS,Temas Tbk.,147.0,147.0,150.0,140.0,145.0,-2.0,6442300.0,926107800.0,821.0,623700.0,1529000.0
TMPO,Tempo Intimedia Tbk.,150.0,151.0,169.0,148.0,156.0,6.0,72035800.0,11643486400.0,7634.0,3508700.0,3093000.0
TNCA,Trimuda Nuansa Citra Tbk.,187.0,188.0,191.0,180.0,180.0,-7.0,1576300.0,290371100.0,1102.0,0.0,0.0
TOBA,TBS Energi Utama Tbk.,505.0,505.0,510.0,494.0,500.0,-5.0,7690000.0,3846859700.0,1537.0,1980600.0,1597200.0
TOOL,Rohartindo Nusantara Luas Tbk.,71.0,72.0,75.0,70.0,73.0,2.0,45548900.0,3292190900.0,2454.0,982500.0,1565300.0
TOPS,Totalindo Eka Persada Tbk.,1.0,0.0,0.0,0.0,1.0,0.0,0.0,0.0,0.0,0.0,0.0
TOSK,Topindo Solusi Komunika Tbk.,83.0,83.0,85.0,81.0,83.0,0.0,26463000.0,2181801300.0,823.0,1976600.0,136700.0
TOTL,Total Bangun Persada Tbk.,1600.0,1600.0,1635.0,1575.0,1635.0,35.0,10950900.0,17700183500.0,1184.0,8640400.0,546900.0
TOTO,Surya Toto Indonesia Tbk.,242.0,242.0,244.0,240.0,242.0,0.0,486700.0,117927000.0,176.0,400.0,400.0
TOWR,Sarana Menara Nusantara Tbk.,414.0,414.0,416.0,402.0,404.0,-10.0,34903200.0,14217546800.0,3890.0,10713900.0,21778700.0
TOYS,Sunindo Adipersada Tbk.,8.0,0.0,0.0,0.0,8.0,0.0,0.0,0.0,0.0,0.0,0.0
TPIA,Chandra Asri Pacific Tbk.,1880.0,1890.0,1905.0,1805.0,1810.0,-70.0,140409700.0,257602384500.0,22323.0,14524500.0,59973900.0
TPMA,Trans Power Marine Tbk.,468.0,470.0,470.0,462.0,464.0,-4.0,1039900.0,483557400.0,376.0,2200.0,131000.0
TRAM,Trada Alam Minera Tbk.,50.0,0.0,0.0,0.0,50.0,0.0,0.0,0.0,0.0,0.0,0.0
TRGU,Cerestar Indonesia Tbk.,171.0,0.0,174.0,168.0,171.0,0.0,89600.0,15303500.0,48.0,0.0,0.0
TRIL,Triwira Insanlestari Tbk.,50.0,0.0,0.0,0.0,50.0,0.0,0.0,0.0,0.0,0.0,0.0
TRIM,Trimegah Sekuritas Indonesia Tbk.,845.0,845.0,860.0,805.0,810.0,-35.0,3441100.0,2850089500.0,278.0,67500.0,51300.0
TRIN,Perintis Triniti Properti Tbk.,400.0,402.0,404.0,342.0,348.0,-52.0,93525400.0,34144493600.0,10392.0,7202500.0,18783200.0
TRIO,Trikomsel Oke Tbk.,426.0,0.0,0.0,0.0,426.0,0.0,0.0,0.0,0.0,0.0,0.0
TRIS,Trisula International Tbk.,172.0,172.0,173.0,168.0,172.0,0.0,604800.0,103052900.0,195.0,1500.0,64000.0
TRJA,Transkon Jaya Tbk.,126.0,128.0,128.0,121.0,123.0,-3.0,1762000.0,217350600.0,352.0,0.0,0.0
TRON,Teknologi Karya Digital Nusa Tbk.,103.0,104.0,107.0,95.0,100.0,-3.0,27519700.0,2806499100.0,2535.0,2464400.0,3110000.0
TRST,Trias Sentosa Tbk.,490.0,490.0,490.0,464.0,468.0,-22.0,55500.0,25988600.0,18.0,3300.0,52700.0
TRUE,Triniti Dinamik Tbk.,90.0,100.0,107.0,78.0,79.0,-11.0,1848256000.0,169142968000.0,63839.0,251926800.0,235995300.0
TRUK,Guna Timur Raya Tbk.,1560.0,0.0,1715.0,1715.0,1715.0,155.0,57800.0,99127000.0,43.0,0.0,0.0
TRUS,Trust Finance Indonesia Tbk,460.0,0.0,466.0,444.0,458.0,-2.0,16100.0,7304600.0,39.0,0.0,0.0
TSPC,Tempo Scan Pacific Tbk.,2750.0,2750.0,2750.0,2710.0,2730.0,-20.0,565800.0,1537126000.0,261.0,129300.0,50700.0
TUGU,Asuransi Tugu Pratama Indonesia Tbk.,1635.0,1635.0,1635.0,1565.0,1580.0,-55.0,1541700.0,2443872500.0,601.0,83100.0,325700.0
TYRE,King Tire Indonesia Tbk.,112.0,112.0,112.0,107.0,110.0,-2.0,1241500.0,135035900.0,220.0,89000.0,0.0
UANG,Pakuan Tbk.,3920.0,3950.0,4160.0,3760.0,4040.0,120.0,615900.0,2441206000.0,741.0,139800.0,96600.0
UCID,Uni-Charm Indonesia Tbk.,500.0,500.0,500.0,492.0,494.0,-6.0,718200.0,356114200.0,286.0,173500.0,31400.0
UDNG,Agro Bahari Nusantara Tbk.,494.0,0.0,500.0,464.0,472.0,-22.0,6174300.0,2946659600.0,1643.0,776200.0,809400.0
UFOE,Damai Sejahtera Abadi Tbk.,142.0,142.0,146.0,136.0,138.0,-4.0,407100.0,56549600.0,231.0,11900.0,10500.0
ULTJ,Ultrajaya Milk Industry & Trading Company Tbk.,2110.0,2120.0,2120.0,2040.0,2070.0,-40.0,25947100.0,53485864000.0,8648.0,3098000.0,8034800.0
UNIC,Unggul Indah Cahaya Tbk.,14975.0,0.0,15025.0,14925.0,15000.0,25.0,6600.0,98842500.0,14.0,0.0,0.0
UNIQ,Ulima Nitra Tbk.,126.0,126.0,127.0,121.0,126.0,0.0,1810700.0,224302000.0,322.0,72800.0,275500.0
UNIT,Nusantara Inti Corpora Tbk,316.0,0.0,0.0,0.0,316.0,0.0,0.0,0.0,0.0,0.0,0.0
UNSP,Bakrie Sumatera Plantations Tbk.,206.0,0.0,0.0,0.0,206.0,0.0,0.0,0.0,0.0,0.0,0.0
UNTD,Terang Dunia Internusa Tbk.,78.0,79.0,81.0,77.0,79.0,1.0,27066200.0,2138387100.0,1515.0,1735200.0,1992800.0
UNTR,United Tractors Tbk.,24700.0,24725.0,25000.0,24325.0,24325.0,-375.0,4116400.0,101456080000.0,5517.0,3166500.0,3092100.0
UNVR,Unilever Indonesia Tbk.,1620.0,1620.0,1625.0,1610.0,1620.0,0.0,13581800.0,21989181000.0,4775.0,8995500.0,8716800.0
URBN,Urban Jakarta Propertindo Tbk.,252.0,0.0,268.0,250.0,250.0,-2.0,253800.0,65751400.0,105.0,0.0,13200.0
UVCR,Trimegah Karya Pratama Tbk.,188.0,188.0,188.0,163.0,172.0,-16.0,105358200.0,18350178100.0,4464.0,12147400.0,13478400.0
VAST,Vastland Indonesia Tbk.,120.0,120.0,120.0,115.0,117.0,-3.0,8453800.0,987676900.0,656.0,52300.0,107000.0
VERN,Verona Indah Pictures Tbk.,244.0,240.0,240.0,228.0,234.0,-10.0,11779700.0,2764072400.0,1790.0,220300.0,3407300.0
VICI,Victoria Care Indonesia Tbk.,1065.0,1040.0,1065.0,960.0,1050.0,-15.0,10197700.0,10291674000.0,1316.0,2592500.0,946400.0
VICO,Victoria Investama Tbk.,170.0,169.0,179.0,157.0,173.0,3.0,1633400.0,274378800.0,369.0,45300.0,57700.0
VINS,Victoria Insurance Tbk.,150.0,150.0,152.0,145.0,147.0,-3.0,623500.0,92752400.0,186.0,11700.0,30800.0
VISI,Satu Visi Putra Tbk.,1225.0,1225.0,1315.0,1220.0,1300.0,75.0,1466400.0,1861694500.0,514.0,521600.0,67600.0
VIVA,Visi Media Asia Tbk.,40.0,0.0,38.0,37.0,38.0,-2.0,37542300.0,1397653200.0,464.0,4816500.0,0.0
VKTR,VKTR Teknologi Mobilitas Tbk.,780.0,785.0,790.0,760.0,770.0,-10.0,42174400.0,32669546000.0,4872.0,28098200.0,6260200.0
VOKS,Voksel Electric Tbk.,274.0,270.0,300.0,266.0,278.0,4.0,2936100.0,824656800.0,943.0,165200.0,165200.0
VRNA,Mizuho Leasing Indonesia Tbk.,85.0,85.0,85.0,79.0,82.0,-3.0,3015000.0,243629400.0,221.0,0.0,20700.0
VTNY,Venteny Fortuna International Tbk.,75.0,75.0,76.0,70.0,73.0,-2.0,20660900.0,1514183700.0,708.0,2240000.0,3411800.0
WAPO,Wahana Pronatural Tbk.,258.0,0.0,0.0,0.0,258.0,0.0,0.0,0.0,0.0,0.0,0.0
WBSA,BSA Logistics Indonesia Tbk.,660.0,660.0,665.0,635.0,645.0,-15.0,11103100.0,7197025000.0,3100.0,3524600.0,3911000.0
WEGE,Wijaya Karya Bangunan Gedung Tbk.,50.0,50.0,50.0,50.0,50.0,0.0,30600.0,1530000.0,51.0,0.0,0.0
WEHA,WEHA Transportasi Indonesia Tbk.,114.0,115.0,119.0,112.0,112.0,-2.0,24690000.0,2853029700.0,2616.0,201200.0,203400.0
WGSH,Wira Global Solusi Tbk.,121.0,0.0,124.0,113.0,117.0,-4.0,6888700.0,812436300.0,835.0,2290500.0,829300.0
WICO,Wicaksana Overseas International Tbk.,123.0,0.0,0.0,0.0,123.0,0.0,0.0,0.0,0.0,0.0,0.0
WIDI,Widiant Jaya Krenindo Tbk.,27.0,0.0,28.0,26.0,27.0,0.0,5282900.0,143122200.0,455.0,0.0,0.0
WIFI,Solusi Sinergi Digital Tbk.,1890.0,1890.0,1915.0,1790.0,1800.0,-90.0,25867000.0,47302566000.0,6212.0,2621200.0,2061800.0
WIIM,Wismilak Inti Makmur Tbk.,1470.0,1470.0,1510.0,1460.0,1470.0,0.0,3739400.0,5553832000.0,858.0,540700.0,1511100.0
WIKA,Wijaya Karya (Persero) Tbk.,204.0,0.0,0.0,0.0,204.0,0.0,0.0,0.0,0.0,0.0,0.0
WINE,Hatten Bali Tbk.,129.0,131.0,131.0,127.0,129.0,0.0,250700.0,32262200.0,74.0,56800.0,1000.0
WINR,Winner Nusantara Jaya Tbk.,25.0,0.0,26.0,25.0,25.0,0.0,35790100.0,902918500.0,510.0,0.0,0.0
WINS,Wintermar Offshore Marine Tbk.,585.0,585.0,600.0,570.0,580.0,-5.0,1708500.0,987621000.0,421.0,339800.0,231100.0
WIRG,WIR ASIA Tbk.,70.0,71.0,71.0,67.0,68.0,-2.0,170992800.0,11646767300.0,3522.0,55402900.0,7917700.0
WMPP,Widodo Makmur Perkasa Tbk.,28.0,0.0,27.0,26.0,26.0,-2.0,33838000.0,894818600.0,544.0,0.0,0.0
WMUU,Widodo Makmur Unggas Tbk.,50.0,50.0,50.0,50.0,50.0,0.0,109700.0,5485000.0,66.0,0.0,0.0
WOMF,Wahana Ottomitra Multiartha Tbk.,282.0,282.0,288.0,278.0,280.0,-2.0,54800.0,15321400.0,55.0,2900.0,0.0
WOOD,Integra Indocabinet Tbk.,197.0,198.0,198.0,192.0,193.0,-4.0,2321700.0,449948600.0,335.0,5400.0,15900.0
WOWS,Ginting Jaya Energi Tbk.,54.0,54.0,55.0,50.0,51.0,-3.0,32727200.0,1685244800.0,1348.0,3076900.0,1808000.0
WSBP,Waskita Beton Precast Tbk.,14.0,0.0,0.0,0.0,14.0,0.0,0.0,0.0,0.0,0.0,0.0
WSKT,Waskita Karya (Persero) Tbk.,202.0,0.0,0.0,0.0,202.0,0.0,0.0,0.0,0.0,0.0,0.0
WTON,Wijaya Karya Beton Tbk.,78.0,78.0,79.0,75.0,76.0,-2.0,7862100.0,600482200.0,499.0,742400.0,834000.0
YELO,Yelooo Integra Datanet Tbk.,91.0,92.0,93.0,85.0,87.0,-4.0,44033100.0,3907961800.0,2154.0,4694700.0,2971600.0
YOII,Asuransi Digital Bersama Tbk.,82.0,0.0,85.0,80.0,81.0,-1.0,11063800.0,909573300.0,1517.0,553700.0,1130100.0
YPAS,Yanaprima Hastapersada Tbk,1340.0,1340.0,1400.0,1260.0,1285.0,-55.0,74600.0,97995000.0,157.0,6800.0,0.0
YULE,Yulie Sekuritas Indonesia Tbk.,3600.0,0.0,3590.0,3370.0,3590.0,-10.0,6100.0,21182000.0,31.0,1000.0,0.0
YUPI,Yupi Indo Jelly Gum Tbk.,1285.0,1285.0,1285.0,1250.0,1265.0,-20.0,27500.0,34817500.0,99.0,1000.0,2600.0
ZATA,Bersama Zatta Jaya Tbk.,62.0,62.0,62.0,57.0,57.0,-5.0,129600800.0,7628123700.0,4172.0,14590200.0,8668600.0
ZBRA,Dosni Roha Indonesia Tbk.,50.0,0.0,0.0,0.0,50.0,0.0,0.0,0.0,0.0,0.0,0.0
ZINC,Kapuas Prima Coal Tbk.,30.0,0.0,0.0,0.0,30.0,0.0,0.0,0.0,0.0,0.0,0.0
ZONE,Mega Perintis Tbk.,700.0,705.0,705.0,640.0,685.0,-15.0,61600.0,42113000.0,44.0,8800.0,0.0
ZYRX,Zyrexindo Mandiri Buana Tbk.,130.0,130.0,131.0,125.0,128.0,-2.0,455900.0,57707900.0,210.0,1700.0,400.0
