Stock Code,Company Name,Previous,Open Price,High,Low,Close,Change,Volume,Value,Frequency,Foreign Buy,Foreign Sell
AADI,Adaro Andalan Indonesia Tbk.,11975.0,11975.0,11975.0,11475.0,11600.0,-375.0,8216300.0,95355437500.0,6075.0,4751500.0,2791700.0
AALI,Astra Agro Lestari Tbk.,8600.0,8550.0,8650.0,8275.0,8350.0,-250.0,2111500.0,17800562500.0,2698.0,1331300.0,410900.0
ABBA,Mahaka Media Tbk.,30.0,0.0,0.0,0.0,30.0,0.0,0.0,0.0,0.0,0.0,0.0
ABDA,Asuransi Bina Dana Arta Tbk.,4960.0,0.0,5000.0,4960.0,5000.0,40.0,11000.0,54911000.0,16.0,1400.0,0.0
ABMM,ABM Investama Tbk.,2760.0,2800.0,2810.0,2730.0,2740.0,-20.0,297500.0,821479000.0,325.0,3100.0,115600.0
ACES,Aspirasi Hidup Indonesia Tbk.,350.0,348.0,352.0,342.0,346.0,-4.0,12709400.0,4393005400.0,2408.0,37400.0,6698300.0
ACRO,Samcro Hyosung Adilestari Tbk.,63.0,63.0,65.0,61.0,62.0,-1.0,18740300.0,1190842600.0,2401.0,2008000.0,2202300.0
ACST,Acset Indonusa Tbk.,114.0,0.0,112.0,103.0,103.0,-11.0,681700.0,70610200.0,118.0,0.0,700.0
ADCP,Adhi Commuter Properti Tbk.,50.0,0.0,0.0,0.0,50.0,0.0,0.0,0.0,0.0,0.0,0.0
ADES,Akasha Wira International Tbk.,32175.0,0.0,32150.0,31975.0,31975.0,-200.0,5000.0,160340000.0,19.0,0.0,0.0
ADHI,Adhi Karya (Persero) Tbk.,133.0,0.0,0.0,0.0,133.0,0.0,0.0,0.0,0.0,0.0,0.0
ADMF,Adira Dinamika Multi Finance Tbk.,8725.0,8725.0,8775.0,8650.0,8775.0,50.0,112500.0,978735000.0,107.0,3100.0,8200.0
ADMG,Polychem Indonesia Tbk,248.0,248.0,258.0,244.0,252.0,4.0,514700.0,129936600.0,166.0,81000.0,35900.0
ADMR,Alamtri Minerals Indonesia Tbk.,1590.0,1590.0,1595.0,1535.0,1535.0,-55.0,25188800.0,39270297500.0,5534.0,6639900.0,12839600.0
ADRO,Alamtri Resources Indonesia Tbk.,2640.0,2660.0,2660.0,2600.0,2620.0,-20.0,28553500.0,74874942000.0,7884.0,9641000.0,18155100.0
AEGS,Anugerah Spareparts Sejahtera Tbk.,50.0,0.0,50.0,48.0,49.0,-1.0,2627400.0,128629400.0,161.0,761400.0,0.0
AGAR,Asia Sejahtera Mina Tbk.,1840.0,1800.0,2300.0,1570.0,2300.0,460.0,3932300.0,7858492000.0,4927.0,252200.0,265400.0
AGII,Samator Indo Gas Tbk.,3740.0,3680.0,3680.0,3430.0,3620.0,-120.0,1264500.0,4504948000.0,962.0,111000.0,627400.0
AGRO,Bank Raya Indonesia Tbk.,145.0,145.0,146.0,143.0,143.0,-2.0,5459200.0,788018500.0,498.0,30500.0,871900.0
AGRS,Bank IBK Indonesia Tbk.,59.0,59.0,60.0,57.0,59.0,0.0,5212900.0,303877700.0,246.0,0.0,570400.0
AHAP,Asuransi Harta Aman Pratama Tbk.,104.0,104.0,107.0,99.0,100.0,-4.0,53700900.0,5515393000.0,3561.0,12610800.0,6094400.0
AIMS,Artha Mahiya Investama Tbk.,515.0,545.0,545.0,488.0,492.0,-23.0,531800.0,264772000.0,251.0,0.0,0.0
AISA,FKS Food Sejahtera Tbk.,120.0,124.0,146.0,123.0,133.0,13.0,225395300.0,30340917700.0,18656.0,20463500.0,20242700.0
AKKU,Anugerah Kagum Karya Utama Tbk.,38.0,0.0,0.0,0.0,38.0,0.0,0.0,0.0,0.0,0.0,0.0
AKPI,Argha Karya Prima Industry Tbk.,530.0,540.0,540.0,510.0,515.0,-15.0,544700.0,288296000.0,107.0,4300.0,0.0
AKRA,AKR Corporindo Tbk.,1470.0,1470.0,1505.0,1450.0,1455.0,-15.0,18267200.0,27014127000.0,5001.0,3373600.0,10228500.0
AKSI,Mineral Sumberdaya Mandiri Tbk.,388.0,388.0,424.0,360.0,384.0,-4.0,1585500.0,615399200.0,574.0,183900.0,119400.0
ALDO,Alkindo Naratama Tbk.,955.0,960.0,965.0,930.0,965.0,10.0,18300.0,17429500.0,40.0,0.0,0.0
ALII,Ancara Logistics Indonesia Tbk.,735.0,735.0,750.0,725.0,735.0,0.0,302700.0,223490500.0,117.0,178300.0,109900.0
ALKA,Alakasa Industrindo Tbk,7400.0,0.0,0.0,0.0,7400.0,0.0,0.0,0.0,0.0,0.0,0.0
ALMI,Alumindo Light Metal Industry Tbk.,74.0,0.0,0.0,0.0,74.0,0.0,0.0,0.0,0.0,0.0,0.0
ALTO,Tri Banyan Tirta Tbk.,18.0,0.0,0.0,0.0,18.0,0.0,0.0,0.0,0.0,0.0,0.0
AMAG,Asuransi Multi Artha Guna Tbk.,386.0,0.0,388.0,384.0,386.0,0.0,4800.0,1848400.0,15.0,0.0,0.0
AMAN,Makmur Berkah Amanda Tbk.,220.0,224.0,224.0,216.0,220.0,0.0,306100.0,66931400.0,80.0,1200.0,25900.0
AMAR,Bank Amar Indonesia Tbk.,240.0,240.0,240.0,234.0,236.0,-4.0,422100.0,99724800.0,86.0,0.0,26100.0
AMFG,Asahimas Flat Glass Tbk.,3290.0,0.0,3280.0,3180.0,3210.0,-80.0,8000.0,25672000.0,26.0,400.0,2100.0
AMIN,Ateliers Mecaniques D Indonesie Tbk.,260.0,260.0,298.0,258.0,274.0,14.0,1959900.0,537236400.0,1101.0,55400.0,54000.0
AMMN,Amman Mineral Internasional Tbk.,4680.0,4680.0,4850.0,4640.0,4660.0,-20.0,93461600.0,441919460000.0,27870.0,12679600.0,16579600.0
AMMS,Agung Menjangan Mas Tbk.,218.0,0.0,220.0,204.0,204.0,-14.0,208400.0,43511800.0,74.0,41600.0,9300.0
AMOR,Ashmore Asset Management Indonesia Tbk.,370.0,0.0,372.0,366.0,368.0,-2.0,170800.0,62931400.0,87.0,8900.0,14600.0
AMRT,Sumber Alfaria Trijaya Tbk.,1300.0,1315.0,1325.0,1295.0,1315.0,15.0,15096500.0,19803672500.0,4007.0,11336100.0,8297000.0
ANDI,Andira Agro Tbk.,20.0,0.0,20.0,20.0,20.0,0.0,1777600.0,35552000.0,159.0,0.0,0.0
ANJT,Austindo Nusantara Jaya Tbk.,1605.0,1595.0,1605.0,1585.0,1585.0,-20.0,70200.0,111831500.0,46.0,0.0,15100.0
ANTM,ANTAM (Persero) Tbk.,3340.0,3340.0,3370.0,3230.0,3240.0,-100.0,108664300.0,358115177000.0,24731.0,17451400.0,59929000.0
APEX,Apexindo Pratama Duta Tbk.,183.0,183.0,191.0,180.0,186.0,3.0,14102500.0,2615205000.0,1179.0,7146300.0,2270200.0
APIC,Pacific Strategic Financial Tbk.,412.0,412.0,412.0,400.0,410.0,-2.0,869800.0,351296000.0,241.0,171500.0,464400.0
APII,Arita Prima Indonesia Tbk.,200.0,0.0,204.0,195.0,195.0,-5.0,330300.0,65366200.0,212.0,28500.0,12300.0
APLI,Asiaplast Industries Tbk.,284.0,0.0,296.0,278.0,284.0,0.0,111800.0,31606000.0,118.0,0.0,300.0
APLN,Agung Podomoro Land Tbk.,126.0,127.0,127.0,120.0,122.0,-4.0,36837200.0,4485544200.0,1615.0,4738200.0,1434000.0
ARCI,Archi Indonesia Tbk.,1380.0,1375.0,1380.0,1345.0,1345.0,-35.0,22152000.0,30076868500.0,5627.0,2279700.0,7408400.0
AREA,Dunia Virtual Online Tbk.,328.0,328.0,336.0,322.0,322.0,-6.0,1310600.0,432115800.0,284.0,132100.0,199800.0
ARGO,Argo Pantes Tbk,1170.0,1170.0,1170.0,1160.0,1160.0,-10.0,51200.0,59647000.0,110.0,0.0,0.0
ARII,Atlas Resources Tbk.,284.0,288.0,318.0,284.0,302.0,18.0,3799500.0,1090267200.0,238.0,500.0,71700.0
ARKA,Arkha Jayanti Persada Tbk.,22.0,0.0,0.0,0.0,22.0,0.0,0.0,0.0,0.0,0.0,0.0
ARKO,Arkora Hydro Tbk.,3920.0,3860.0,4510.0,3860.0,4090.0,170.0,12175900.0,51679371000.0,7463.0,1470600.0,2494400.0
ARMY,Armidian Karyatama Tbk.,50.0,0.0,0.0,0.0,50.0,0.0,0.0,0.0,0.0,0.0,0.0
ARNA,Arwana Citramulia Tbk.,510.0,515.0,515.0,500.0,510.0,0.0,2565100.0,1300772500.0,315.0,914700.0,1211000.0
ARTA,Arthavest Tbk,2150.0,0.0,2220.0,2150.0,2150.0,0.0,2500.0,5413000.0,12.0,0.0,0.0
ARTI,Ratu Prabu Energi Tbk,2.0,0.0,0.0,0.0,2.0,0.0,0.0,0.0,0.0,0.0,0.0
ARTO,Bank Jago Tbk.,905.0,915.0,915.0,890.0,895.0,-10.0,10858800.0,9815040500.0,2585.0,2061600.0,2845000.0
ASBI,Asuransi Bintang Tbk.,400.0,0.0,402.0,398.0,400.0,0.0,94400.0,37757200.0,27.0,0.0,0.0
ASDM,Asuransi Dayin Mitra Tbk.,515.0,0.0,520.0,510.0,520.0,5.0,4600.0,2355500.0,12.0,0.0,0.0
ASGR,Astra Graphia Tbk.,2120.0,2120.0,2130.0,2090.0,2100.0,-20.0,464300.0,975857000.0,897.0,69400.0,54700.0
ASHA,Cilacap Samudera Fishing Industry Tbk.,51.0,52.0,58.0,51.0,53.0,2.0,87315000.0,4720593100.0,3912.0,9146500.0,10737000.0
ASII,Astra International Tbk.,4820.0,4830.0,4870.0,4810.0,4820.0,0.0,23075000.0,111703445000.0,8381.0,13025200.0,18480100.0
ASJT,Asuransi Jasa Tania Tbk.,161.0,0.0,168.0,160.0,163.0,2.0,523300.0,85831500.0,80.0,41900.0,51600.0
ASLC,Autopedia Sukses Lestari Tbk.,66.0,66.0,71.0,65.0,69.0,3.0,69698100.0,4766605800.0,7358.0,1358900.0,2459100.0
ASLI,Asri Karya Lestari Tbk.,362.0,360.0,384.0,350.0,378.0,16.0,86931100.0,32131228400.0,7022.0,2867300.0,5092100.0
ASMI,Asuransi Maximus Graha Persada Tbk.,16.0,0.0,16.0,16.0,16.0,0.0,4101500.0,65624000.0,191.0,0.0,0.0
ASPI,Andalan Sakti Primaindo Tbk.,690.0,710.0,770.0,655.0,700.0,10.0,4370500.0,3112643500.0,1440.0,360300.0,647300.0
ASPR,Asia Pramulia Tbk.,139.0,140.0,143.0,138.0,140.0,1.0,6857000.0,961889000.0,1032.0,19900.0,3491100.0
ASRI,Alam Sutera Realty Tbk.,124.0,123.0,126.0,122.0,125.0,1.0,7036300.0,872371600.0,433.0,1906600.0,858500.0
ASRM,Asuransi Ramayana Tbk.,290.0,300.0,304.0,286.0,294.0,4.0,184400.0,54195800.0,136.0,9100.0,1100.0
ASSA,Adi Sarana Armada Tbk.,595.0,600.0,615.0,595.0,600.0,5.0,8118500.0,4902918000.0,818.0,3245000.0,4740500.0
ATAP,Trimitra Prawara Goldland Tbk.,555.0,575.0,575.0,560.0,560.0,5.0,436300.0,246211000.0,110.0,0.0,0.0
ATIC,Anabatic Technologies Tbk.,450.0,448.0,448.0,442.0,442.0,-8.0,99200.0,43952000.0,54.0,7500.0,0.0
ATLA,Atlantis Subsea Indonesia Tbk.,50.0,50.0,50.0,50.0,50.0,0.0,219500.0,10975000.0,61.0,0.0,0.0
AUTO,Astra Otoparts Tbk.,3360.0,3360.0,3410.0,3360.0,3370.0,10.0,2124300.0,7185763000.0,3225.0,372000.0,1219800.0
AVIA,Avia Avian Tbk.,330.0,336.0,342.0,330.0,338.0,8.0,16058900.0,5398728000.0,1722.0,11700900.0,10042500.0
AWAN,Era Digital Media Tbk.,162.0,156.0,160.0,156.0,160.0,-2.0,129700.0,20427800.0,69.0,0.0,0.0
AXIO,Tera Data Indonusa Tbk.,114.0,115.0,115.0,113.0,114.0,0.0,374100.0,42439200.0,116.0,0.0,0.0
AYAM,Janu Putra Sejahtera Tbk.,500.0,500.0,510.0,496.0,505.0,5.0,12208700.0,6175866300.0,766.0,3761300.0,704600.0
AYLS,Arkayana Lestari Grup Tbk.,174.0,174.0,186.0,174.0,174.0,0.0,9409900.0,1702868600.0,1760.0,1045500.0,1015300.0
BABP,Bank MNC Internasional Tbk.,50.0,50.0,50.0,50.0,50.0,0.0,172300.0,8615000.0,22.0,0.0,0.0
BABY,Multitrend Indo Tbk.,202.0,202.0,206.0,196.0,200.0,-2.0,1559400.0,313574900.0,469.0,8300.0,121300.0
BACA,Bank Capital Indonesia Tbk.,119.0,119.0,119.0,116.0,116.0,-3.0,727100.0,85231500.0,173.0,2400.0,98100.0
BACH,Bach Multi Global Tbk.,394.0,396.0,400.0,388.0,390.0,-4.0,13012100.0,5116874600.0,2879.0,2772300.0,3571300.0
BAIK,Bersama Mencapai Puncak Tbk.,242.0,242.0,256.0,238.0,254.0,12.0,11005100.0,2731234000.0,1881.0,5033500.0,1874000.0
BAJA,Saranacentral Bajatama Tbk.,350.0,364.0,436.0,364.0,436.0,86.0,124779300.0,51191504200.0,18921.0,15101300.0,11479700.0
BALI,Bali Towerindo Sentra Tbk.,1310.0,0.0,1310.0,1260.0,1305.0,-5.0,1500.0,1953000.0,7.0,0.0,100.0
BANK,Bank Aladin Syariah Tbk.,254.0,254.0,254.0,236.0,252.0,-2.0,5911100.0,1451204000.0,1186.0,1041800.0,2693700.0
BAPA,Bekasi Asri Pemula Tbk.,126.0,128.0,128.0,123.0,125.0,-1.0,4076800.0,507969600.0,615.0,962400.0,441000.0
BAPI,Bhakti Agung Propertindo Tbk.,20.0,0.0,21.0,20.0,21.0,1.0,3645800.0,75397300.0,151.0,0.0,0.0
BATA,Sepatu Bata Tbk.,59.0,0.0,0.0,0.0,59.0,0.0,0.0,0.0,0.0,0.0,0.0
BATR,Benteng Api Technic Tbk.,91.0,91.0,91.0,89.0,90.0,-1.0,371400.0,33557400.0,83.0,400.0,64200.0
BAUT,Mitra Angkasa Sejahtera Tbk.,43.0,0.0,43.0,41.0,42.0,-1.0,3610600.0,153034600.0,237.0,0.0,0.0
BAYU,Bayu Buana Tbk,1330.0,1335.0,1340.0,1325.0,1340.0,10.0,61100.0,81135500.0,29.0,0.0,0.0
BBCA,Bank Central Asia Tbk.,6300.0,6300.0,6300.0,6225.0,6225.0,-75.0,69914100.0,436969230000.0,18244.0,29185800.0,50235700.0
BBHI,Allo Bank Indonesia Tbk.,900.0,900.0,900.0,880.0,900.0,0.0,313700.0,279243000.0,124.0,66400.0,8800.0
BBKP,Bank KB Indonesia Tbk.,50.0,50.0,51.0,50.0,50.0,0.0,57302200.0,2865439000.0,1067.0,798500.0,20210300.0
BBLD,Buana Finance Tbk.,670.0,0.0,660.0,660.0,660.0,-10.0,1200.0,792000.0,4.0,0.0,0.0
BBMD,Bank Mestika Dharma Tbk.,1900.0,0.0,1985.0,1930.0,1985.0,85.0,5100.0,9990500.0,6.0,0.0,0.0
BBNI,Bank Negara Indonesia (Persero) Tbk.,3650.0,3660.0,3670.0,3600.0,3620.0,-30.0,24461400.0,88625012000.0,8187.0,6817500.0,12874900.0
BBRI,Bank Rakyat Indonesia (Persero) Tbk.,3310.0,3310.0,3310.0,3270.0,3300.0,-10.0,102594200.0,337759369000.0,22530.0,72478700.0,65458100.0
BBRM,Pelayaran Nasional Bina Buana Raya Tbk.,119.0,119.0,131.0,116.0,122.0,3.0,36291000.0,4572313500.0,3539.0,948500.0,1304300.0
BBSI,Krom Bank Indonesia Tbk.,4520.0,0.0,4520.0,4520.0,4520.0,0.0,700.0,3164000.0,3.0,0.0,0.0
BBSS,Bumi Benowo Sukses Sejahtera Tbk.,79.0,79.0,106.0,78.0,102.0,23.0,462487600.0,44020611800.0,23288.0,25042100.0,25608200.0
BBTN,Bank Tabungan Negara (Persero) Tbk.,1170.0,1165.0,1170.0,1150.0,1155.0,-15.0,6420900.0,7430804500.0,2197.0,265300.0,4098100.0
BBYB,Bank Neo Commerce Tbk.,228.0,230.0,230.0,224.0,224.0,-4.0,45250200.0,10267653200.0,2503.0,9463000.0,12764500.0
BCAP,MNC Kapital Indonesia Tbk.,50.0,50.0,50.0,50.0,50.0,0.0,151200.0,7560000.0,18.0,0.0,0.0
BCIC,Bank JTrust Indonesia Tbk.,135.0,135.0,142.0,135.0,140.0,5.0,2129600.0,294163500.0,410.0,80000.0,53200.0
BCIP,Bumi Citra Permai Tbk.,59.0,59.0,60.0,58.0,59.0,0.0,3954500.0,231868200.0,347.0,21000.0,174900.0
BDKR,Berdikari Pondasi Perkasa Tbk.,159.0,159.0,161.0,157.0,161.0,2.0,13691800.0,2165830500.0,1887.0,811200.0,2347100.0
BDMN,Bank Danamon Indonesia Tbk.,4400.0,0.0,4480.0,4420.0,4450.0,50.0,1206700.0,5354834000.0,461.0,356300.0,191900.0
BEBS,Berkah Beton Sadaya Tbk.,5.0,0.0,0.0,0.0,5.0,0.0,0.0,0.0,0.0,0.0,0.0
BEEF,Estika Tata Tiara Tbk.,418.0,418.0,442.0,414.0,430.0,12.0,4293300.0,1827030000.0,733.0,1721700.0,565400.0
BEER,Jobubu Jarum Minahasa Tbk.,76.0,76.0,76.0,74.0,76.0,0.0,6973900.0,520819300.0,886.0,806200.0,735800.0
BEKS,Bank Pembangunan Daerah Banten Tbk.,22.0,0.0,23.0,22.0,23.0,1.0,9669600.0,213526000.0,240.0,0.0,0.0
BELI,Global Digital Niaga Tbk.,280.0,288.0,288.0,278.0,284.0,4.0,1099300.0,311483200.0,174.0,89900.0,215400.0
BELL,Trisula Textile Industries Tbk.,102.0,104.0,105.0,102.0,103.0,1.0,5500400.0,569393100.0,1015.0,82200.0,100100.0
BESS,Batulicin Nusantara Maritim Tbk.,920.0,910.0,920.0,900.0,920.0,0.0,15600.0,14139500.0,40.0,0.0,1500.0
BEST,Bekasi Fajar Industrial Estate Tbk.,124.0,125.0,125.0,121.0,121.0,-3.0,16940500.0,2064646500.0,1189.0,2686500.0,3236400.0
BFIN,BFI Finance  Indonesia Tbk.,965.0,965.0,965.0,935.0,950.0,-15.0,9030200.0,8564725500.0,1705.0,3558100.0,2795000.0
BGTG,Bank Ganesha Tbk.,116.0,117.0,117.0,112.0,112.0,-4.0,6235700.0,714152500.0,457.0,596200.0,457900.0
BHAT,Bhakti Multi Artha Tbk.,1770.0,0.0,0.0,0.0,1770.0,0.0,0.0,0.0,0.0,0.0,0.0
BHIT,MNC Asia Holding Tbk.,24.0,0.0,24.0,24.0,24.0,0.0,9965800.0,239179200.0,239.0,3072900.0,0.0
BIKA,Binakarya Jaya Abadi Tbk.,55.0,0.0,0.0,0.0,55.0,0.0,0.0,0.0,0.0,0.0,0.0
BIKE,Bhineka Inovasi Ketahanan Energi Tbk.,1130.0,0.0,0.0,0.0,1130.0,0.0,0.0,0.0,0.0,0.0,0.0
BIMA,Primarindo Asia Infrastructure Tbk.,82.0,0.0,0.0,0.0,82.0,0.0,0.0,0.0,0.0,0.0,0.0
BINA,Bank Ina Perdana Tbk.,4060.0,0.0,4130.0,4020.0,4050.0,-10.0,364700.0,1471290000.0,135.0,0.0,9600.0
BINO,Perma Plasindo Tbk.,115.0,115.0,121.0,115.0,116.0,1.0,621200.0,72539100.0,174.0,71500.0,36300.0
BIPI,Astrindo Nusantara Infrastruktur Tbk.,140.0,139.0,150.0,137.0,150.0,10.0,793521700.0,115506493100.0,26310.0,47498300.0,52835100.0
BIPP,Bhuwanatala Indah Permai Tbk.,67.0,67.0,67.0,63.0,66.0,-1.0,6488400.0,421376900.0,740.0,756300.0,578500.0
BIRD,Blue Bird Tbk.,1610.0,1610.0,1610.0,1595.0,1600.0,-10.0,653400.0,1045080000.0,478.0,19100.0,170200.0
BISI,BISI International Tbk.,730.0,730.0,735.0,720.0,725.0,-5.0,812000.0,589551500.0,140.0,7200.0,534100.0
BJBR,Bank Pembangunan Daerah Jawa Barat dan Banten Tbk.,755.0,765.0,770.0,750.0,765.0,10.0,18320200.0,13975816500.0,2084.0,1462100.0,469200.0
BJTM,Bank Pembangunan Daerah Jawa Timur Tbk.,520.0,520.0,525.0,515.0,515.0,-5.0,9784600.0,5060465000.0,2180.0,9700.0,6417400.0
BKDP,Bukit Darmo Property Tbk,168.0,171.0,186.0,162.0,179.0,11.0,37755700.0,6671286000.0,4134.0,3102800.0,3346100.0
BKSL,Sentul City Tbk.,69.0,70.0,70.0,67.0,68.0,-1.0,79252400.0,5421872000.0,2683.0,14876300.0,5950100.0
BKSW,Bank QNB Indonesia Tbk.,50.0,51.0,51.0,50.0,51.0,1.0,2699900.0,135405300.0,74.0,0.0,300.0
BLES,Superior Prima Sukses Tbk.,195.0,198.0,206.0,193.0,193.0,-2.0,11240400.0,2234969700.0,821.0,1476200.0,2093900.0
BLOG,Trimitra Trans Persada Tbk.,366.0,366.0,368.0,360.0,364.0,-2.0,126800.0,46087400.0,75.0,0.0,39800.0
BLTA,Berlian Laju Tanker Tbk,32.0,0.0,33.0,32.0,32.0,0.0,6016700.0,196005100.0,167.0,0.0,0.0
BLTZ,Graha Layar Prima Tbk.,2000.0,0.0,0.0,0.0,2000.0,0.0,0.0,0.0,0.0,0.0,0.0
BLUE,Berkah Prima Perkasa Tbk.,2990.0,2970.0,3130.0,2940.0,3000.0,10.0,207200.0,627682000.0,189.0,9800.0,19100.0
BMAS,Bank Kasikorn Indonesia Tbk.,505.0,505.0,510.0,500.0,510.0,5.0,56600.0,28561000.0,58.0,0.0,0.0
BMBL,Lavender Bina Cendikia Tbk.,30.0,0.0,30.0,29.0,29.0,-1.0,4385700.0,128971500.0,167.0,0.0,0.0
BMHS,Bundamedik Tbk.,200.0,202.0,202.0,196.0,199.0,-1.0,646900.0,127881900.0,97.0,1800.0,32500.0
BMRI,Bank Mandiri (Persero) Tbk.,4260.0,4260.0,4270.0,4200.0,4200.0,-60.0,74720000.0,315257706000.0,24643.0,17552900.0,50883600.0
BMSR,Bintang Mitra Semestaraya Tbk,358.0,358.0,368.0,342.0,358.0,0.0,208600.0,74182600.0,126.0,18900.0,24300.0
BMTR,Global Mediacom Tbk.,115.0,114.0,114.0,110.0,111.0,-4.0,68502900.0,7650170700.0,3485.0,14940200.0,27800900.0
BNBA,Bank Bumi Arta Tbk.,790.0,0.0,805.0,790.0,800.0,10.0,392700.0,314344000.0,40.0,62700.0,400.0
BNBR,Bakrie & Brothers Tbk,86.0,85.0,88.0,85.0,87.0,1.0,481223100.0,41814707300.0,11942.0,130016700.0,139583700.0
BNGA,Bank CIMB Niaga Tbk.,1765.0,1765.0,1775.0,1745.0,1755.0,-10.0,3698600.0,6495171000.0,994.0,814300.0,1614800.0
BNII,Bank Maybank Indonesia Tbk.,193.0,193.0,196.0,191.0,192.0,-1.0,1245700.0,240156500.0,217.0,45000.0,405400.0
BNLI,Bank Permata Tbk.,2100.0,0.0,2150.0,2000.0,2090.0,-10.0,55400.0,112804000.0,72.0,0.0,1100.0
BOAT,Newport Marine Services Tbk.,139.0,138.0,144.0,137.0,138.0,-1.0,3185800.0,445137800.0,529.0,520700.0,38000.0
BOBA,Formosa Ingredient Factory Tbk.,206.0,206.0,212.0,202.0,206.0,0.0,293100.0,60818400.0,151.0,4100.0,4100.0
BOGA,Apollo Global Interactive Tbk.,1615.0,1615.0,1615.0,1555.0,1560.0,-55.0,2500.0,3962500.0,10.0,0.0,0.0
BOLA,Bali Bintang Sejahtera Tbk.,174.0,170.0,173.0,164.0,173.0,-1.0,1685300.0,282197600.0,185.0,74900.0,7000.0
BOLT,Garuda Metalindo Tbk.,825.0,845.0,855.0,820.0,830.0,5.0,44400.0,37204500.0,87.0,1600.0,7200.0
BOSS,Borneo Olah Sarana Sukses Tbk.,50.0,0.0,0.0,0.0,50.0,0.0,0.0,0.0,0.0,0.0,0.0
BPFI,Woori Finance Indonesia Tbk.,248.0,248.0,250.0,244.0,250.0,2.0,18000.0,4443200.0,27.0,0.0,2000.0
BPII,Batavia Prosperindo Internasional Tbk.,468.0,0.0,468.0,468.0,468.0,0.0,6900.0,3229200.0,5.0,0.0,4600.0
BPTR,Batavia Prosperindo Trans Tbk.,73.0,73.0,75.0,73.0,74.0,1.0,922000.0,68512700.0,810.0,1800.0,900.0
BRAM,Indo Kordsa Tbk.,4680.0,4680.0,4690.0,4680.0,4680.0,0.0,1800.0,8426000.0,7.0,0.0,0.0
BREN,Barito Renewables Energy Tbk.,3180.0,3180.0,3180.0,3090.0,3090.0,-90.0,7572500.0,23675954000.0,3910.0,1225600.0,3140000.0
BRIS,Bank Syariah Indonesia (Persero) Tbk.,1610.0,1610.0,1620.0,1580.0,1580.0,-30.0,26352700.0,41981053000.0,11366.0,1087900.0,8353100.0
BRMS,Bumi Resources Minerals Tbk.,720.0,715.0,725.0,690.0,690.0,-30.0,163759400.0,115354126000.0,16098.0,39692100.0,39704300.0
BRNA,Berlina Tbk.,680.0,690.0,690.0,650.0,660.0,-20.0,393700.0,260763000.0,253.0,19100.0,19600.0
BRPT,Barito Pacific Tbk.,1610.0,1615.0,1650.0,1605.0,1610.0,0.0,43826300.0,71335975000.0,8278.0,7087600.0,13229800.0
BRRC,Raja Roti Cemerlang Tbk.,70.0,69.0,71.0,67.0,68.0,-2.0,9248400.0,633216300.0,1109.0,622000.0,501100.0
BSBK,Wulandari Bangun Laksana Tbk.,50.0,50.0,50.0,50.0,50.0,0.0,240700.0,12035000.0,111.0,0.0,0.0
BSDE,Bumi Serpong Damai Tbk.,605.0,615.0,620.0,590.0,595.0,-10.0,71634500.0,43272947500.0,3619.0,13139100.0,10767100.0
BSIM,Bank Sinarmas Tbk.,1020.0,1020.0,1020.0,1000.0,1000.0,-20.0,94200.0,94719000.0,124.0,7700.0,0.0
BSML,Bintang Samudera Mandiri Lines Tbk.,555.0,555.0,575.0,545.0,550.0,-5.0,29363700.0,16377108500.0,1319.0,8339700.0,891100.0
BSSR,Baramulti Suksessarana Tbk.,4960.0,4970.0,4980.0,4910.0,4920.0,-40.0,692000.0,3418055000.0,939.0,27600.0,296500.0
BSWD,Bank Of India Indonesia Tbk.,1500.0,0.0,0.0,0.0,1500.0,0.0,0.0,0.0,0.0,0.0,0.0
BTEK,Bumi Teknokultura Unggul Tbk,11.0,0.0,12.0,11.0,12.0,1.0,91580400.0,1025882200.0,890.0,0.0,0.0
BTEL,Bakrie Telecom Tbk.,50.0,0.0,0.0,0.0,50.0,0.0,0.0,0.0,0.0,0.0,0.0
BTON,Betonjaya Manunggal Tbk.,370.0,0.0,380.0,360.0,374.0,4.0,13900.0,5112800.0,25.0,0.0,0.0
BTPN,Bank SMBC Indonesia Tbk.,2340.0,0.0,2400.0,2290.0,2300.0,-40.0,6100.0,14318000.0,26.0,0.0,0.0
BTPS,Bank BTPN Syariah Tbk.,980.0,990.0,1005.0,980.0,995.0,15.0,8515400.0,8442675500.0,1445.0,4734000.0,848100.0
BUAH,Segar Kumala Indonesia Tbk.,496.0,496.0,498.0,490.0,496.0,0.0,239500.0,119021400.0,93.0,0.0,0.0
BUDI,Budi Starch & Sweetener Tbk.,226.0,226.0,230.0,226.0,228.0,2.0,124300.0,28271000.0,68.0,200.0,0.0
BUKA,Bukalapak.com Tbk.,104.0,105.0,109.0,104.0,107.0,3.0,62188600.0,6602347400.0,1252.0,34442200.0,21500000.0
BUKK,Bukaka Teknik Utama Tbk.,1030.0,1030.0,1045.0,1010.0,1035.0,5.0,27800.0,28502500.0,42.0,300.0,0.0
BULL,Buana Lintas Lautan Tbk.,390.0,392.0,416.0,388.0,404.0,14.0,622808100.0,253091231600.0,32071.0,120518900.0,79122900.0
BUMI,Bumi Resources Tbk.,193.0,193.0,197.0,191.0,192.0,-1.0,1812953700.0,351976529700.0,36119.0,263542200.0,194943700.0
BUVA,Bukit Uluwatu Villa Tbk.,665.0,670.0,725.0,660.0,680.0,15.0,149220600.0,104238933000.0,12890.0,27650700.0,20854000.0
BVIC,Bank Victoria International Tbk.,93.0,93.0,94.0,92.0,93.0,0.0,461100.0,42780300.0,111.0,110800.0,3800.0
BWPT,Eagle High Plantations Tbk.,120.0,122.0,126.0,120.0,122.0,2.0,113132300.0,14022479300.0,4458.0,35217400.0,21721200.0
BYAN,Bayan Resources Tbk.,13825.0,13750.0,13875.0,12100.0,13125.0,-700.0,7647200.0,102215137500.0,7124.0,901500.0,1529100.0
CAKK,Cahayaputra Asa Keramik Tbk.,164.0,164.0,164.0,158.0,159.0,-5.0,275300.0,44249200.0,59.0,100.0,0.0
CAMP,Campina Ice Cream Industry Tbk.,202.0,206.0,206.0,185.0,190.0,-12.0,15412900.0,2982754200.0,3086.0,919000.0,849000.0
CANI,Capitol Nusantara Indonesia Tbk.,135.0,0.0,0.0,0.0,135.0,0.0,0.0,0.0,0.0,0.0,0.0
CARE,Metro Healthcare Indonesia Tbk.,406.0,402.0,404.0,398.0,404.0,-2.0,216900.0,87266200.0,187.0,0.0,79700.0
CARS,Industri dan Perdagangan Bintraco Dharma Tbk.,114.0,115.0,119.0,113.0,119.0,5.0,13607500.0,1594950100.0,614.0,867800.0,663900.0
CASA,Capital Financial Indonesia Tbk.,1800.0,0.0,1805.0,1805.0,1805.0,5.0,800.0,1444000.0,5.0,0.0,0.0
CASH,Cashlez Worldwide Indonesia Tbk.,272.0,0.0,290.0,260.0,264.0,-8.0,1175300.0,316928400.0,320.0,38000.0,34100.0
CASS,Cahaya Aero Services Tbk.,1835.0,1860.0,1860.0,1830.0,1840.0,5.0,78200.0,143800500.0,22.0,0.0,27000.0
CBDK,Bangun Kosambi Sukses Tbk.,3750.0,3680.0,3750.0,3620.0,3680.0,-70.0,872100.0,3228641000.0,541.0,126700.0,106000.0
CBMF,Cahaya Bintang Medan Tbk.,50.0,0.0,0.0,0.0,50.0,0.0,0.0,0.0,0.0,0.0,0.0
CBPE,Citra Buana Prasida Tbk.,505.0,0.0,505.0,494.0,498.0,-7.0,24800.0,12344100.0,26.0,0.0,0.0
CBRE,Cakra Buana Resources Energi Tbk.,725.0,730.0,775.0,725.0,760.0,35.0,25728500.0,19518609000.0,3530.0,11492700.0,3086900.0
CBUT,Citra Borneo Utama Tbk.,1035.0,1010.0,1035.0,975.0,995.0,-40.0,119700.0,118796500.0,197.0,0.0,1900.0
CCSI,Communication Cable Systems Indonesia Tbk.,422.0,424.0,424.0,394.0,394.0,-28.0,3154500.0,1284141600.0,814.0,136400.0,53100.0
CDIA,Chandra Daya Investasi Tbk.,645.0,645.0,655.0,635.0,635.0,-10.0,35629800.0,23051554500.0,4731.0,4309900.0,3194000.0
CEKA,Wilmar Cahaya Indonesia Tbk.,2200.0,0.0,2200.0,2190.0,2200.0,0.0,8300.0,18232000.0,19.0,2600.0,0.0
CENT,Centratama Telekomunikasi Indonesia Tbk.,104.0,106.0,118.0,104.0,110.0,6.0,76169900.0,8596142700.0,6068.0,7397800.0,6688700.0
CFIN,Clipan Finance Indonesia Tbk.,374.0,374.0,374.0,350.0,366.0,-8.0,5116800.0,1845193600.0,441.0,124800.0,287200.0
CGAS,Citra Nusantara Gemilang Tbk.,151.0,151.0,155.0,150.0,152.0,1.0,4265000.0,647997100.0,501.0,73200.0,562400.0
CHEK,Diastika Biotekindo Tbk.,129.0,129.0,129.0,127.0,129.0,0.0,442500.0,56494900.0,80.0,1700.0,300.0
CHEM,Chemstar Indonesia Tbk.,64.0,64.0,76.0,63.0,72.0,8.0,141758800.0,10066930700.0,9963.0,936400.0,949400.0
CHIP,Pelita Teknologi Global Tbk.,735.0,0.0,740.0,700.0,735.0,0.0,68000.0,49294500.0,83.0,6900.0,8800.0
CINT,Chitose Internasional Tbk.,195.0,200.0,206.0,196.0,198.0,3.0,854400.0,170053800.0,404.0,49600.0,67900.0
CITA,Cita Mineral Investindo Tbk.,3480.0,3480.0,3500.0,3450.0,3490.0,10.0,70400.0,244703000.0,91.0,0.0,0.0
CITY,Natura City Developments Tbk.,177.0,177.0,179.0,174.0,177.0,0.0,361900.0,63479400.0,120.0,1400.0,0.0
CLAY,Citra Putra Realty Tbk.,2740.0,0.0,2850.0,2700.0,2750.0,10.0,16300.0,45357000.0,23.0,0.0,800.0
CLEO,Sariguna Primatirta Tbk.,422.0,422.0,424.0,414.0,414.0,-8.0,7407600.0,3090841200.0,1440.0,211800.0,3025100.0
CLPI,Colorpak Indonesia Tbk.,1610.0,1595.0,1610.0,1590.0,1605.0,-5.0,56800.0,90458000.0,68.0,0.0,0.0
CMNP,Citra Marga Nusaphala Persada Tbk.,1370.0,0.0,1410.0,1360.0,1395.0,25.0,62300.0,85029500.0,47.0,21800.0,5100.0
CMNT,Cemindo Gemilang Tbk.,765.0,765.0,770.0,745.0,750.0,-15.0,27237500.0,20589860500.0,617.0,2933800.0,16274700.0
CMPP,AirAsia Indonesia Tbk.,69.0,0.0,0.0,0.0,69.0,0.0,0.0,0.0,0.0,0.0,0.0
CMRY,Cisarua Mountain Dairy Tbk.,4500.0,4510.0,4530.0,4460.0,4460.0,-40.0,1606900.0,7184588000.0,1642.0,1122300.0,1206500.0
CNKO,Exploitasi Energi Indonesia Tbk.,37.0,0.0,0.0,0.0,37.0,0.0,0.0,0.0,0.0,0.0,0.0
CNMA,Nusantara Sejahtera Raya Tbk.,91.0,91.0,91.0,90.0,91.0,0.0,10203000.0,921065200.0,910.0,19800.0,981800.0
COAL,Black Diamond Resources Tbk.,31.0,0.0,0.0,0.0,31.0,0.0,0.0,0.0,0.0,0.0,0.0
COCO,Wahana Interfood Nusantara Tbk.,133.0,133.0,136.0,129.0,131.0,-2.0,204471600.0,26991385300.0,6707.0,49843300.0,31504800.0
COIN,Indokripto Koin Semesta Tbk.,755.0,785.0,860.0,775.0,850.0,95.0,179665400.0,148760767500.0,21980.0,59523900.0,22006300.0
COWL,Cowell Development Tbk.,50.0,0.0,0.0,0.0,50.0,0.0,0.0,0.0,0.0,0.0,0.0
CPIN,Charoen Pokphand Indonesia Tbk,3150.0,3150.0,3160.0,3100.0,3110.0,-40.0,20794100.0,65128253000.0,4690.0,6137500.0,14380200.0
CPRI,Capri Nusa Satu Properti Tbk.,50.0,0.0,0.0,0.0,50.0,0.0,0.0,0.0,0.0,0.0,0.0
CPRO,Central Proteina Prima Tbk.,50.0,50.0,50.0,50.0,50.0,0.0,709400.0,35470000.0,88.0,0.0,0.0
CRAB,Toba Surimi Industries Tbk.,226.0,226.0,228.0,222.0,226.0,0.0,704700.0,158903400.0,152.0,0.0,0.0
CRSN,Carsurin Tbk.,138.0,140.0,152.0,135.0,142.0,4.0,4683000.0,676893800.0,1494.0,512800.0,477200.0
CSAP,Catur Sentosa Adiprana Tbk.,290.0,292.0,292.0,288.0,292.0,2.0,45400.0,13162800.0,29.0,100.0,0.0
CSIS,Cahayasakti Investindo Sukses Tbk.,204.0,204.0,210.0,202.0,204.0,0.0,522100.0,106461200.0,135.0,3900.0,3900.0
CSMI,Cipta Selera Murni Tbk.,174.0,186.0,234.0,171.0,234.0,60.0,201965300.0,43147626600.0,20406.0,2548900.0,3286800.0
CSRA,Cisadane Sawit Raya Tbk.,745.0,745.0,765.0,740.0,750.0,5.0,172300.0,130416500.0,75.0,114300.0,20100.0
CTBN,Citra Tubindo Tbk.,3070.0,3000.0,3120.0,3000.0,3050.0,-20.0,12600.0,38996000.0,44.0,0.0,2800.0
CTRA,Ciputra Development Tbk.,570.0,575.0,585.0,560.0,560.0,-10.0,15496400.0,8864925000.0,2186.0,2675600.0,4952500.0
CTTH,Citatah Tbk.,128.0,128.0,129.0,125.0,126.0,-2.0,4482500.0,567240000.0,603.0,415000.0,173200.0
CUAN,Petrindo Jaya Kreasi Tbk.,925.0,925.0,955.0,920.0,930.0,5.0,195187100.0,183167698500.0,14240.0,63533300.0,32138300.0
CYBR,ITSEC Asia Tbk.,520.0,520.0,525.0,505.0,510.0,-10.0,30873900.0,15768243500.0,1508.0,3692900.0,3170200.0
DAAZ,Daaz Bara Lestari Tbk.,1635.0,0.0,1660.0,1610.0,1625.0,-10.0,76100.0,124108500.0,87.0,7700.0,0.0
DADA,Diamond Citra Propertindo Tbk.,50.0,50.0,50.0,50.0,50.0,0.0,370900.0,18545000.0,67.0,0.0,0.0
DART,Duta Anggada Realty Tbk.,168.0,169.0,174.0,164.0,171.0,3.0,1661400.0,280945900.0,453.0,44600.0,0.0
DATA,Remala Abadi Tbk.,1685.0,1680.0,1705.0,1665.0,1680.0,-5.0,615700.0,1032920000.0,452.0,144900.0,82700.0
DAYA,Duta Intidaya Tbk.,1075.0,0.0,1085.0,1070.0,1080.0,5.0,1700.0,1835000.0,5.0,0.0,0.0
DCII,DCI Indonesia Tbk.,201950.0,202000.0,202000.0,201775.0,201775.0,-175.0,700.0,141355000.0,5.0,0.0,0.0
DEAL,Dewata Freightinternational Tbk.,6.0,0.0,0.0,0.0,6.0,0.0,0.0,0.0,0.0,0.0,0.0
DEFI,Danasupra Erapacific Tbk.,111.0,111.0,113.0,109.0,109.0,-2.0,23706100.0,2623624700.0,2388.0,969500.0,1032700.0
DEPO,Caturkarda Depo Bangunan Tbk.,244.0,244.0,248.0,240.0,246.0,2.0,95800.0,23332600.0,68.0,200.0,200.0
DEWA,Darma Henwa Tbk,370.0,370.0,374.0,362.0,364.0,-6.0,347703000.0,128019629000.0,19505.0,88858200.0,81034600.0
DEWI,Dewi Shri Farmindo Tbk.,189.0,188.0,196.0,186.0,188.0,-1.0,54001600.0,10298445500.0,4191.0,7278500.0,10678800.0
DFAM,Dafam Property Indonesia Tbk.,92.0,93.0,94.0,91.0,92.0,0.0,8788900.0,807839900.0,693.0,1015100.0,20600.0
DGIK,Nusa Konstruksi Enjiniring Tbk.,135.0,135.0,141.0,134.0,139.0,4.0,17198200.0,2375778000.0,1550.0,643200.0,621700.0
DGNS,Diagnos Laboratorium Utama Tbk.,278.0,278.0,280.0,270.0,276.0,-2.0,979600.0,268834800.0,106.0,4700.0,3900.0
DGWG,Delta Giri Wacana Tbk.,328.0,328.0,328.0,322.0,324.0,-4.0,9892800.0,3220021600.0,1318.0,660700.0,721100.0
DIGI,Arkadia Digital Media Tbk.,29.0,0.0,0.0,0.0,29.0,0.0,0.0,0.0,0.0,0.0,0.0
DILD,Intiland Development Tbk.,116.0,116.0,116.0,113.0,116.0,0.0,9987700.0,1145544200.0,734.0,1074300.0,1747700.0
DIVA,Distribusi Voucher Nusantara Tbk.,142.0,141.0,142.0,136.0,141.0,-1.0,7512600.0,1047824900.0,698.0,2472800.0,0.0
DKFT,Central Omega Resources Tbk.,685.0,685.0,690.0,670.0,680.0,-5.0,3047800.0,2070801000.0,769.0,861900.0,1077800.0
DKHH,Cipta Sarana Medika Tbk.,68.0,67.0,68.0,66.0,68.0,0.0,8845100.0,589827400.0,570.0,464400.0,248100.0
DLTA,Delta Djakarta Tbk.,1790.0,1795.0,1795.0,1785.0,1785.0,-5.0,49100.0,87659000.0,44.0,0.0,200.0
DMAS,Puradelta Lestari Tbk.,192.0,192.0,193.0,188.0,189.0,-3.0,91518500.0,17403506100.0,7638.0,15519000.0,28782200.0
DMMX,Digital Mediatama Maxima Tbk.,186.0,186.0,189.0,185.0,186.0,0.0,475800.0,88585600.0,103.0,0.0,0.0
DMND,Diamond Food Indonesia Tbk.,630.0,635.0,685.0,620.0,650.0,20.0,268700.0,177700500.0,169.0,1100.0,600.0
DNAR,Bank Oke Indonesia Tbk.,131.0,0.0,130.0,127.0,129.0,-2.0,545700.0,69872700.0,105.0,14500.0,72900.0
DNET,Indoritel Makmur Internasional Tbk.,9800.0,0.0,9950.0,9725.0,9725.0,-75.0,6700.0,65180000.0,8.0,0.0,0.0
DOID,BUMA Internasional Grup Tbk.,234.0,234.0,234.0,220.0,224.0,-10.0,3428700.0,776703800.0,663.0,602100.0,1006900.0
DOOH,Era Media Sejahtera Tbk.,408.0,408.0,416.0,376.0,376.0,-32.0,117752900.0,46325422600.0,7766.0,10247400.0,18994900.0
DOSS,Global Sukses Digital Tbk.,171.0,171.0,174.0,169.0,171.0,0.0,1191700.0,203839100.0,136.0,0.0,263800.0
DPNS,Duta Pertiwi Nusantara Tbk.,310.0,0.0,0.0,0.0,310.0,0.0,0.0,0.0,0.0,0.0,0.0
DPUM,Dua Putra Utama Makmur Tbk.,146.0,150.0,159.0,146.0,159.0,13.0,81038600.0,12315972600.0,7307.0,16553200.0,7239300.0
DRMA,Dharma Polimetal Tbk.,965.0,965.0,965.0,930.0,945.0,-20.0,3239700.0,3076267500.0,740.0,108500.0,1460200.0
DSFI,Dharma Samudera Fishing Industries Tbk.,92.0,92.0,102.0,92.0,96.0,4.0,29703000.0,2880866000.0,2052.0,80500.0,83100.0
DSNG,Dharma Satya Nusantara Tbk.,1690.0,1690.0,1710.0,1630.0,1650.0,-40.0,6050300.0,10087002500.0,2745.0,679500.0,1309100.0
DSSA,Dian Swastatika Sentosa Tbk,1060.0,1070.0,1080.0,1015.0,1025.0,-35.0,188363000.0,196707192500.0,24376.0,42755300.0,20735600.0
DUCK,Jaya Bersama Indo Tbk.,176.0,0.0,0.0,0.0,176.0,0.0,0.0,0.0,0.0,0.0,0.0
DUTI,Duta Pertiwi Tbk,4800.0,0.0,4800.0,4800.0,4800.0,0.0,100.0,480000.0,1.0,0.0,0.0
DVLA,Darya-Varia Laboratoria Tbk.,1585.0,1585.0,1585.0,1575.0,1575.0,-10.0,19300.0,30434500.0,20.0,0.0,5500.0
DWGL,Dwi Guna Laksana Tbk.,222.0,224.0,226.0,220.0,222.0,0.0,2382800.0,530786200.0,515.0,352900.0,89000.0
DYAN,Dyandra Media International Tbk.,85.0,86.0,87.0,85.0,86.0,1.0,1404500.0,120649100.0,130.0,2900.0,0.0
EAST,Eastparc Hotel Tbk.,89.0,89.0,90.0,89.0,89.0,0.0,409200.0,36484200.0,199.0,800.0,0.0
ECII,Electronic City Indonesia Tbk.,167.0,170.0,170.0,164.0,166.0,-1.0,1044700.0,174577700.0,189.0,61500.0,0.0
EDGE,Indointernet Tbk.,4790.0,0.0,0.0,0.0,4790.0,0.0,0.0,0.0,0.0,0.0,0.0
EKAD,Ekadharma International Tbk.,398.0,398.0,414.0,390.0,400.0,2.0,6236000.0,2498850200.0,1423.0,1527000.0,808300.0
ELIT,Data Sinergitama Jaya Tbk.,272.0,272.0,282.0,272.0,274.0,2.0,8684500.0,2403441400.0,1330.0,1110500.0,2478400.0
ELPI,Pelayaran Nasional Ekalya Purnamasari Tbk.,620.0,615.0,630.0,595.0,605.0,-15.0,1252800.0,766897500.0,504.0,27100.0,16100.0
ELSA,Elnusa Tbk.,695.0,695.0,705.0,680.0,695.0,0.0,14772000.0,10243882000.0,2196.0,4809100.0,4420400.0
ELTY,Bakrieland Development Tbk.,34.0,0.0,34.0,33.0,33.0,-1.0,38409300.0,1276787900.0,937.0,0.0,550000.0
EMAS,Merdeka Gold Resources Tbk.,7650.0,7750.0,7800.0,7525.0,7600.0,-50.0,9322300.0,71095667500.0,4727.0,3904100.0,2588700.0
EMDE,Megapolitan Developments Tbk.,77.0,77.0,79.0,77.0,78.0,1.0,4861900.0,379880000.0,373.0,87300.0,20000.0
EMMI,Esa Medika Mandiri Tbk.,352.0,354.0,366.0,350.0,362.0,10.0,2643300.0,948860200.0,1126.0,161100.0,161100.0
EMTK,Elang Mahkota Teknologi Tbk.,468.0,474.0,476.0,464.0,464.0,-4.0,29043500.0,13626079800.0,4010.0,865900.0,11618900.0
ENAK,Champ Resto Indonesia Tbk.,212.0,212.0,242.0,199.0,214.0,2.0,2672100.0,599542100.0,827.0,250200.0,214200.0
ENRG,Energi Mega Persada Tbk.,1305.0,1255.0,1285.0,1245.0,1275.0,-30.0,52641900.0,66895992500.0,8115.0,9181900.0,22254700.0
ENVY,Envy Technologies Indonesia Tbk.,50.0,0.0,0.0,0.0,50.0,0.0,0.0,0.0,0.0,0.0,0.0
ENZO,Morenzo Abadi Perkasa Tbk.,76.0,76.0,77.0,74.0,74.0,-2.0,14623000.0,1095400200.0,1041.0,825900.0,215800.0
EPAC,Megalestari Epack Sentosaraya Tbk.,50.0,50.0,50.0,50.0,50.0,0.0,2706000.0,135300000.0,274.0,0.0,0.0
EPMT,Enseval Putera Megatrading Tbk.,2650.0,0.0,2640.0,2630.0,2630.0,-20.0,56200.0,147827000.0,50.0,35000.0,0.0
ERAA,Erajaya Swasembada Tbk.,625.0,630.0,630.0,610.0,625.0,0.0,67333400.0,41743690000.0,4507.0,41242300.0,27880000.0
ERAL,Sinar Eka Selaras Tbk.,324.0,330.0,330.0,316.0,318.0,-6.0,5175300.0,1659214200.0,651.0,534500.0,669300.0
ERTX,Eratex Djaja Tbk.,172.0,0.0,178.0,171.0,176.0,4.0,559400.0,97951900.0,152.0,1400.0,55000.0
ESIP,Sinergi Inti Plastindo Tbk.,115.0,116.0,117.0,114.0,116.0,1.0,9706000.0,1113529000.0,1227.0,2043100.0,242600.0
ESSA,ESSA Industries Indonesia Tbk.,605.0,610.0,615.0,600.0,600.0,-5.0,49672300.0,30127918000.0,4412.0,9716600.0,20262600.0
ESTA,Esta Multi Usaha Tbk.,182.0,183.0,208.0,182.0,188.0,6.0,22165200.0,4318353900.0,3800.0,852400.0,792600.0
ESTI,Ever Shine Tex Tbk.,160.0,160.0,163.0,160.0,160.0,0.0,3271400.0,525899000.0,654.0,501900.0,29700.0
ETWA,Eterindo Wahanatama Tbk,70.0,0.0,0.0,0.0,70.0,0.0,0.0,0.0,0.0,0.0,0.0
EURO,Estee Gold Feet Tbk.,1455.0,0.0,1540.0,1455.0,1495.0,40.0,152000.0,227159500.0,187.0,37700.0,9400.0
EXCL,XLSMART Telecom Sejahtera Tbk.,2500.0,2500.0,2500.0,2410.0,2420.0,-80.0,7498000.0,18275010000.0,3622.0,894700.0,3908900.0
FAPA,FAP Agri Tbk.,7425.0,0.0,0.0,0.0,7425.0,0.0,0.0,0.0,0.0,0.0,0.0
FAST,Fast Food Indonesia Tbk.,426.0,426.0,438.0,420.0,422.0,-4.0,8263000.0,3530490000.0,2199.0,771900.0,1460400.0
FASW,Fajar Surya Wisesa Tbk.,5275.0,0.0,0.0,0.0,5275.0,0.0,0.0,0.0,0.0,0.0,0.0
FILM,MD Entertainment Tbk.,730.0,720.0,765.0,715.0,735.0,5.0,12850600.0,9574788000.0,2276.0,3203700.0,3791400.0
FIMP,Fimperkasa Utama Tbk.,69.0,0.0,0.0,0.0,69.0,0.0,0.0,0.0,0.0,0.0,0.0
FIRE,Alfa Energi Investama Tbk.,124.0,124.0,129.0,121.0,127.0,3.0,14174800.0,1786046700.0,1552.0,2945000.0,1892400.0
FISH,FKS Multi Agro Tbk.,650.0,650.0,665.0,615.0,630.0,-20.0,151600.0,97181000.0,154.0,3900.0,4200.0
FITT,Fortune Resources Investment Tbk.,440.0,440.0,450.0,428.0,438.0,-2.0,772900.0,337325200.0,216.0,117400.0,0.0
FLMC,Falmaco Nonwoven Industri Tbk.,95.0,0.0,104.0,88.0,104.0,9.0,8713700.0,882993100.0,716.0,0.0,0.0
FMII,Fortune Mate Indonesia Tbk,238.0,0.0,242.0,238.0,238.0,0.0,10200.0,2455400.0,20.0,800.0,500.0
FOLK,Multi Garam Utama Tbk.,244.0,244.0,260.0,234.0,256.0,12.0,44782300.0,11278233000.0,5881.0,3660900.0,3932400.0
FOOD,Sentra Food Indonesia Tbk.,176.0,0.0,0.0,0.0,176.0,0.0,0.0,0.0,0.0,0.0,0.0
FORE,Fore Kopi Indonesia Tbk.,795.0,795.0,805.0,785.0,785.0,-10.0,2315100.0,1840694500.0,793.0,509900.0,567800.0
FORU,Fortune Indonesia Tbk,3010.0,2560.0,3330.0,2560.0,2560.0,-450.0,24226800.0,65776178000.0,14053.0,1304300.0,1475300.0
FPNI,Lotte Chemical Titan Tbk.,600.0,630.0,660.0,540.0,540.0,-60.0,50505100.0,30145898000.0,10434.0,1463500.0,1482000.0
FUJI,Fuji Finance Indonesia Tbk.,286.0,294.0,294.0,266.0,266.0,-20.0,2288100.0,628779200.0,449.0,286700.0,249700.0
FUTR,Futura Energi Global Tbk.,254.0,254.0,264.0,244.0,254.0,0.0,27547400.0,7050991600.0,2774.0,6304600.0,6956500.0
FWCT,Wijaya Cahaya Timber Tbk.,90.0,90.0,91.0,87.0,89.0,-1.0,3030000.0,268067400.0,460.0,19700.0,16200.0
GAMA,Aksara Global Development Tbk.,18.0,0.0,0.0,0.0,18.0,0.0,0.0,0.0,0.0,0.0,0.0
GDST,Gunawan Dianjaya Steel Tbk.,120.0,121.0,142.0,121.0,139.0,19.0,205023300.0,27212914200.0,19519.0,16933600.0,15402900.0
GDYR,Goodyear Indonesia Tbk.,1110.0,0.0,1110.0,1110.0,1110.0,0.0,1500.0,1665000.0,6.0,0.0,0.0
GEMA,Gema Grahasarana Tbk.,91.0,90.0,91.0,90.0,90.0,-1.0,1587500.0,143507700.0,109.0,0.0,0.0
GEMS,Golden Energy Mines Tbk.,7275.0,7275.0,7375.0,7275.0,7375.0,100.0,203000.0,1485550000.0,146.0,22800.0,159400.0
GGRM,Gudang Garam Tbk.,17900.0,17925.0,17925.0,17550.0,17650.0,-250.0,512400.0,9056665000.0,1579.0,279300.0,233900.0
GGRP,Gunung Raja Paksi Tbk.,328.0,328.0,338.0,328.0,336.0,8.0,2495900.0,831909200.0,354.0,141400.0,10200.0
GHON,Gihon Telekomunikasi Indonesia Tbk.,1640.0,0.0,1675.0,1635.0,1640.0,0.0,7900.0,13002500.0,42.0,0.0,500.0
GIAA,Garuda Indonesia (Persero) Tbk.,62.0,62.0,65.0,62.0,63.0,1.0,111648200.0,7110482500.0,7487.0,4661700.0,18711200.0
GJTL,Gajah Tunggal Tbk.,1335.0,1335.0,1345.0,1295.0,1305.0,-30.0,4511100.0,5941172500.0,980.0,617700.0,1008000.0
GLOB,Globe Kita Terang Tbk.,155.0,0.0,0.0,0.0,155.0,0.0,0.0,0.0,0.0,0.0,0.0
GLVA,Galva Technologies Tbk.,338.0,338.0,338.0,316.0,326.0,-12.0,56000.0,18131800.0,52.0,0.0,3800.0
GMFI,Garuda Maintenance Facility Aero Asia Tbk.,58.0,57.0,58.0,55.0,56.0,-2.0,201638400.0,11422371600.0,3815.0,16871800.0,59678500.0
GMTD,Gowa Makassar Tourism Development Tbk.,1220.0,1220.0,1250.0,1200.0,1205.0,-15.0,21500.0,26288000.0,89.0,0.0,0.0
GOLD,Visi Telekomunikasi Infrastruktur Tbk.,280.0,280.0,286.0,272.0,280.0,0.0,41200.0,11483800.0,74.0,0.0,0.0
GOLF,Intra Golflink Resorts Tbk.,174.0,174.0,188.0,172.0,179.0,5.0,8876600.0,1596420600.0,1214.0,719800.0,883800.0
GOLL,Golden Plantation Tbk.,50.0,0.0,0.0,0.0,50.0,0.0,0.0,0.0,0.0,0.0,0.0
GOOD,Garudafood Putra Putri Jaya Tbk.,310.0,308.0,312.0,306.0,310.0,0.0,69500.0,21546000.0,65.0,0.0,0.0
GOTO,GoTo Gojek Tokopedia Tbk.,50.0,50.0,50.0,50.0,50.0,0.0,30011000.0,1500550000.0,735.0,127300.0,0.0
GOTOM,MVS GoTo Gojek Tokopedia Tbk.,68.0,0.0,0.0,0.0,68.0,0.0,0.0,0.0,0.0,0.0,0.0
GPRA,Perdana Gapuraprima Tbk.,102.0,102.0,103.0,100.0,103.0,1.0,121864000.0,12418288400.0,1678.0,9131900.0,12439200.0
GPSO,Geoprima Solusi Tbk.,284.0,284.0,296.0,282.0,284.0,0.0,51367400.0,14856022600.0,2493.0,2792900.0,4931700.0
GRIA,Ingria Pratama Capitalindo Tbk.,170.0,170.0,187.0,169.0,183.0,13.0,31008200.0,5566909400.0,3265.0,3369900.0,3798300.0
GRPH,Griptha Putra Persada Tbk.,137.0,0.0,127.0,124.0,124.0,-13.0,8157900.0,1024548600.0,694.0,0.0,560500.0
GRPM,Graha Prima Mentari Tbk.,167.0,0.0,167.0,156.0,161.0,-6.0,9414100.0,1507600300.0,774.0,67400.0,399300.0
GSMF,Equity Development Investment Tbk.,101.0,101.0,101.0,99.0,99.0,-2.0,3441800.0,343703200.0,429.0,19400.0,321200.0
GTBO,Garda Tujuh Buana Tbk,148.0,0.0,138.0,138.0,138.0,-10.0,158400.0,21859200.0,62.0,0.0,0.0
GTRA,Grahaprima Suksesmandiri Tbk.,250.0,248.0,270.0,246.0,252.0,2.0,1922900.0,495263200.0,607.0,84000.0,141000.0
GTSI,GTS Internasional Tbk.,147.0,147.0,170.0,147.0,160.0,13.0,88102100.0,14092063200.0,6053.0,4871400.0,7103500.0
GULA,Aman Agrindo Tbk.,815.0,820.0,820.0,800.0,820.0,5.0,5257400.0,4267977000.0,313.0,1359800.0,1459500.0
GUNA,Gunanusa Eramandiri Tbk.,220.0,0.0,232.0,218.0,220.0,0.0,311600.0,69488000.0,96.0,0.0,26200.0
GWSA,Greenwood Sejahtera Tbk.,158.0,159.0,167.0,152.0,167.0,9.0,3274300.0,530696300.0,340.0,197100.0,58300.0
GZCO,Gozco Plantations Tbk.,188.0,189.0,191.0,187.0,189.0,1.0,6574000.0,1244027800.0,961.0,1441600.0,1337000.0
HADE,Himalaya Energi Perkasa Tbk.,24.0,0.0,26.0,25.0,26.0,2.0,10713100.0,276120800.0,1240.0,0.0,0.0
HAIS,Hasnur Internasional Shipping Tbk.,185.0,186.0,186.0,182.0,184.0,-1.0,429500.0,78623800.0,157.0,500.0,31600.0
HAJJ,Arsy Buana Travelindo Tbk.,112.0,0.0,112.0,107.0,108.0,-4.0,7806100.0,855203800.0,869.0,192600.0,537200.0
HALO,Haloni Jane Tbk.,72.0,72.0,73.0,71.0,72.0,0.0,5627500.0,402925500.0,609.0,8400.0,39900.0
HATM,Habco Trans Maritima Tbk.,555.0,555.0,555.0,515.0,515.0,-40.0,10070700.0,5447373000.0,2069.0,1117700.0,1966100.0
HBAT,Minahasa Membangun Hebat Tbk.,390.0,0.0,400.0,374.0,396.0,6.0,1130300.0,438857800.0,490.0,132100.0,43700.0
HDFA,Radana Bhaskara Finance Tbk.,102.0,112.0,119.0,104.0,106.0,4.0,12347400.0,1367734800.0,1765.0,473500.0,681300.0
HDIT,Hensel Davest Indonesia Tbk.,50.0,50.0,50.0,50.0,50.0,0.0,451900.0,22595000.0,31.0,0.0,0.0
HEAL,Medikaloka Hermina Tbk.,660.0,665.0,670.0,650.0,655.0,-5.0,7023400.0,4602131500.0,1377.0,561200.0,4948300.0
HELI,Jaya Trishindo Tbk.,208.0,210.0,260.0,210.0,230.0,22.0,16204900.0,3882591000.0,3222.0,10600.0,0.0
HERO,DFI Retail Nusantara Tbk.,338.0,328.0,332.0,326.0,332.0,-6.0,54600.0,17924400.0,52.0,300.0,7400.0
HEXA,Hexindo Adiperkasa Tbk.,4100.0,4140.0,4140.0,4010.0,4080.0,-20.0,1333900.0,5418543000.0,1553.0,72800.0,490400.0
HGII,Hero Global Investment Tbk.,140.0,140.0,144.0,139.0,142.0,2.0,3275900.0,463475200.0,825.0,11100.0,41200.0
HILL,Hillcon Tbk.,16.0,0.0,0.0,0.0,16.0,0.0,0.0,0.0,0.0,0.0,0.0
HITS,Humpuss Intermoda Transportasi Tbk.,116.0,0.0,0.0,0.0,116.0,0.0,0.0,0.0,0.0,0.0,0.0
HKMU,HK Metals Utama Tbk.,50.0,0.0,0.0,0.0,50.0,0.0,0.0,0.0,0.0,0.0,0.0
HMSP,H.M. Sampoerna Tbk.,650.0,650.0,650.0,640.0,645.0,-5.0,13621400.0,8788720000.0,1597.0,4235300.0,3579200.0
HOKI,Buyung Poetra Sembada Tbk.,50.0,50.0,61.0,50.0,52.0,2.0,496374600.0,27816948100.0,16030.0,26946900.0,30962400.0
HOME,Hotel Mandarine Regency Tbk.,50.0,0.0,0.0,0.0,50.0,0.0,0.0,0.0,0.0,0.0,0.0
HOMI,Grand House Mulia Tbk.,254.0,254.0,260.0,242.0,252.0,-2.0,2528200.0,629585600.0,426.0,9000.0,108300.0
HOPE,Harapan Duta Pertiwi Tbk.,226.0,226.0,282.0,220.0,282.0,56.0,170094200.0,45612269200.0,10235.0,41188100.0,13610800.0
HOTL,Saraswati Griya Lestari Tbk.,50.0,0.0,0.0,0.0,50.0,0.0,0.0,0.0,0.0,0.0,0.0
HRME,Menteng Heritage Realty Tbk.,44.0,0.0,47.0,45.0,45.0,1.0,1694200.0,77716400.0,96.0,0.0,0.0
HRTA,Hartadinata Abadi Tbk.,2200.0,2200.0,2200.0,2120.0,2130.0,-70.0,3828200.0,8236160000.0,2193.0,146000.0,1714500.0
HRUM,Harum Energy Tbk.,890.0,890.0,915.0,885.0,895.0,5.0,5918100.0,5309088500.0,1409.0,509000.0,2071900.0
HUMI,Humpuss Maritim Internasional Tbk.,127.0,130.0,141.0,128.0,137.0,10.0,107800700.0,14636353900.0,5961.0,12968300.0,20586200.0
HYGN,Ecocare Indo Pasifik Tbk.,183.0,183.0,185.0,179.0,182.0,-1.0,11978700.0,2162782500.0,385.0,10395900.0,610200.0
IATA,Karya Pacific Energy Tbk.,113.0,112.0,116.0,111.0,111.0,-2.0,255848600.0,28863213400.0,7977.0,42911000.0,80291000.0
IBFN,Intan Baru Prana Tbk.,63.0,0.0,0.0,0.0,63.0,0.0,0.0,0.0,0.0,0.0,0.0
IBOS,Indo Boga Sukses Tbk.,90.0,0.0,99.0,89.0,99.0,9.0,25927300.0,2512067200.0,998.0,464100.0,382600.0
IBST,Inti Bangun Sejahtera Tbk.,8475.0,0.0,0.0,0.0,8475.0,0.0,0.0,0.0,0.0,0.0,0.0
ICBP,Indofood CBP Sukses Makmur Tbk.,6900.0,6925.0,6925.0,6775.0,6800.0,-100.0,3673700.0,25068752500.0,2784.0,2023900.0,370800.0
ICON,Island Concepts Indonesia Tbk.,155.0,155.0,157.0,152.0,156.0,1.0,9976900.0,1540580900.0,1121.0,4624100.0,806100.0
IDEA,Idea Indonesia Akademi Tbk.,123.0,0.0,0.0,0.0,123.0,0.0,0.0,0.0,0.0,0.0,0.0
IDPR,Indonesia Pondasi Raya Tbk.,268.0,258.0,274.0,256.0,270.0,2.0,14500.0,3851400.0,48.0,0.0,300.0
IFII,Indonesia Fibreboard Industry Tbk.,210.0,220.0,220.0,210.0,212.0,2.0,573800.0,122192600.0,271.0,22000.0,39100.0
IFSH,Ifishdeco Tbk.,1025.0,0.0,1060.0,1025.0,1060.0,35.0,11300.0,11744000.0,15.0,0.0,400.0
IGAR,Champion Pacific Indonesia Tbk.,472.0,0.0,472.0,470.0,470.0,-2.0,1000.0,471000.0,4.0,0.0,0.0
IIKP,Inti Agri Resources Tbk,50.0,0.0,0.0,0.0,50.0,0.0,0.0,0.0,0.0,0.0,0.0
IKAI,Intikeramik Alamasri Industri Tbk.,20.0,0.0,21.0,20.0,20.0,0.0,5784500.0,116105400.0,166.0,0.0,0.0
IKAN,Era Mandiri Cemerlang Tbk.,88.0,88.0,92.0,86.0,88.0,0.0,11159400.0,991073700.0,941.0,523000.0,753900.0
IKBI,Sumi Indo Kabel Tbk.,535.0,525.0,560.0,515.0,535.0,0.0,656400.0,349359000.0,398.0,150800.0,0.0
IKPM,Ikapharmindo Putramas Tbk.,178.0,179.0,180.0,177.0,177.0,-1.0,72300.0,12868900.0,96.0,0.0,0.0
IMAS,Indomobil Sukses Internasional Tbk.,865.0,900.0,900.0,865.0,890.0,25.0,56500.0,49218500.0,58.0,12800.0,0.0
IMJS,Indomobil Multi Jasa Tbk.,189.0,189.0,191.0,184.0,188.0,-1.0,2036000.0,381000500.0,281.0,59600.0,194400.0
IMPC,Impack Pratama Industri Tbk.,1695.0,1700.0,1700.0,1630.0,1630.0,-65.0,12407900.0,20643014500.0,2861.0,1033600.0,6906400.0
INAF,Indofarma Tbk.,126.0,0.0,0.0,0.0,126.0,0.0,0.0,0.0,0.0,0.0,0.0
INAI,Indal Aluminium Industry Tbk.,182.0,183.0,193.0,178.0,184.0,2.0,7239300.0,1344457100.0,2184.0,0.0,0.0
INCF,Indo Komoditi Korpora Tbk.,50.0,0.0,0.0,0.0,50.0,0.0,0.0,0.0,0.0,0.0,0.0
INCI,Intanwijaya Internasional Tbk,815.0,820.0,820.0,800.0,805.0,-10.0,63100.0,50776000.0,43.0,0.0,0.0
INCO,Vale Indonesia Tbk.,4860.0,4860.0,4870.0,4750.0,4760.0,-100.0,10172800.0,48643580000.0,4771.0,3503800.0,6522000.0
INDF,Indofood Sukses Makmur Tbk.,7025.0,7050.0,7075.0,6925.0,7000.0,-25.0,6604200.0,46233337500.0,1774.0,4150700.0,5830100.0
INDO,Royalindo Investa Wijaya Tbk.,183.0,183.0,184.0,181.0,183.0,0.0,29976800.0,5466131700.0,1026.0,3192600.0,4873800.0
INDR,Indo-Rama Synthetics Tbk.,2880.0,0.0,2980.0,2760.0,2980.0,100.0,45200.0,130268000.0,33.0,100.0,11000.0
INDS,Indospring Tbk.,254.0,252.0,256.0,250.0,252.0,-2.0,803800.0,202538800.0,259.0,0.0,87100.0
INDX,Tanah Laut Tbk,60.0,0.0,0.0,0.0,60.0,0.0,0.0,0.0,0.0,0.0,0.0
INDY,Indika Energy Tbk.,2730.0,2750.0,2780.0,2730.0,2730.0,0.0,7069500.0,19469303000.0,2292.0,1445000.0,1883800.0
INET,Sinergi Inti Andalan Prima Tbk.,332.0,328.0,334.0,322.0,322.0,-10.0,109166300.0,35716130400.0,10234.0,16714700.0,13307400.0
INKP,Indah Kiat Pulp & Paper Tbk.,8625.0,8650.0,8700.0,8525.0,8575.0,-50.0,3212800.0,27646202500.0,2722.0,2064300.0,1711900.0
INOV,Inocycle Technology Group Tbk.,136.0,0.0,138.0,136.0,136.0,0.0,477900.0,65150000.0,93.0,2900.0,23600.0
INPC,Bank Artha Graha Internasional Tbk.,152.0,152.0,155.0,149.0,152.0,0.0,3893500.0,588627300.0,365.0,313000.0,2362600.0
INPP,Indonesian Paradise Property Tbk.,710.0,705.0,715.0,700.0,700.0,-10.0,51600.0,36303500.0,38.0,0.0,0.0
INPS,Indah Prakasa Sentosa Tbk.,1065.0,0.0,0.0,0.0,1065.0,0.0,0.0,0.0,0.0,0.0,0.0
INRU,Toba Pulp Lestari Tbk.,590.0,0.0,0.0,0.0,590.0,0.0,0.0,0.0,0.0,0.0,0.0
INTA,Intraco Penta Tbk.,61.0,0.0,0.0,0.0,61.0,0.0,0.0,0.0,0.0,0.0,0.0
INTD,Inter Delta Tbk,246.0,254.0,306.0,240.0,306.0,60.0,6714100.0,1956923000.0,1756.0,400.0,0.0
INTP,Indocement Tunggal Prakarsa Tbk.,5200.0,5200.0,5325.0,5200.0,5250.0,50.0,675800.0,3558625000.0,618.0,216100.0,535700.0
IOTF,Sumber Sinergi Makmur Tbk.,62.0,62.0,67.0,60.0,65.0,3.0,33465300.0,2130428900.0,1848.0,2862300.0,3307000.0
IPAC,Era Graharealty Tbk.,189.0,0.0,0.0,0.0,189.0,0.0,0.0,0.0,0.0,0.0,0.0
IPCC,Indonesia Kendaraan Terminal Tbk.,1110.0,1110.0,1110.0,1095.0,1105.0,-5.0,539800.0,594579500.0,524.0,3200.0,3400.0
IPCM,Jasa Armada Indonesia Tbk.,290.0,290.0,292.0,288.0,290.0,0.0,527000.0,152409000.0,255.0,20900.0,800.0
IPOL,Indopoly Swakarsa Industry Tbk.,116.0,116.0,117.0,115.0,116.0,0.0,551200.0,63904600.0,90.0,1900.0,600.0
IPPE,Indo Pureco Pratama Tbk.,14.0,0.0,0.0,0.0,14.0,0.0,0.0,0.0,0.0,0.0,0.0
IPTV,MNC Vision Networks Tbk.,30.0,0.0,30.0,29.0,29.0,-1.0,3007900.0,87597700.0,97.0,0.0,0.0
IRRA,Itama Ranoraya Tbk.,366.0,0.0,368.0,362.0,362.0,-4.0,445600.0,162044000.0,109.0,200.0,0.0
IRSX,Folago Global Nusantara Tbk.,416.0,416.0,462.0,412.0,454.0,38.0,164555700.0,73380974800.0,13157.0,47757300.0,19074200.0
ISAP,Isra Presisi Indonesia Tbk.,26.0,0.0,26.0,24.0,25.0,-1.0,41981900.0,1041937100.0,818.0,49500.0,6000000.0
ISAT,Indosat Tbk.,2370.0,2390.0,2390.0,2290.0,2310.0,-60.0,47932000.0,111229865000.0,11763.0,25392100.0,24355500.0
ISEA,Indo American Seafoods Tbk.,89.0,89.0,91.0,85.0,88.0,-1.0,9208900.0,810035300.0,743.0,1235100.0,411200.0
ISSP,Steel Pipe Industry of Indonesia Tbk.,410.0,420.0,420.0,400.0,404.0,-6.0,10060700.0,4095910800.0,761.0,218300.0,107900.0
ITIC,Indonesian Tobacco Tbk.,204.0,208.0,208.0,202.0,206.0,2.0,368600.0,75563800.0,163.0,170400.0,14500.0
ITMA,Sumber Energi Andalan Tbk.,1455.0,0.0,1520.0,1455.0,1455.0,0.0,62100.0,90557500.0,46.0,0.0,3500.0
ITMG,Indo Tambangraya Megah Tbk.,26700.0,26700.0,26700.0,26125.0,26125.0,-575.0,915600.0,24120927500.0,1788.0,39400.0,679500.0
JARR,Jhonlin Agro Raya Tbk.,3600.0,3550.0,3680.0,3180.0,3230.0,-370.0,37998300.0,130114360000.0,15427.0,6611200.0,6280100.0
JAST,Jasnita Telekomindo Tbk.,89.0,89.0,93.0,87.0,89.0,0.0,8328800.0,750540000.0,949.0,76000.0,1276100.0
JATI,Informasi Teknologi Indonesia Tbk.,117.0,118.0,120.0,116.0,117.0,0.0,15151000.0,1778647600.0,751.0,3488300.0,313200.0
JAWA,Jaya Agra Wattie Tbk.,156.0,156.0,196.0,154.0,196.0,40.0,95998100.0,17193587900.0,10795.0,8841400.0,10042600.0
JAYA,Armada Berjaya Trans Tbk.,160.0,161.0,165.0,159.0,160.0,0.0,7788400.0,1262141400.0,1098.0,221700.0,968000.0
JECC,Jembo Cable Company Tbk.,840.0,840.0,840.0,800.0,825.0,-15.0,93200.0,76433500.0,135.0,0.0,3600.0
JECX,Nitrasanata Dharma Tbk.,1400.0,1400.0,1470.0,1365.0,1450.0,50.0,18279800.0,26454078000.0,1471.0,200000.0,653300.0
JELI,Niramas Utama Tbk.,500.0,505.0,515.0,482.0,494.0,-6.0,3358300.0,1664515000.0,1474.0,326600.0,776600.0
JGLE,Graha Andrasentra Propertindo Tbk.,72.0,72.0,72.0,68.0,69.0,-3.0,317829700.0,22287211600.0,7262.0,92387100.0,45314300.0
JIHD,Jakarta International Hotels & Development Tbk.,430.0,432.0,434.0,422.0,432.0,2.0,1013500.0,436629800.0,87.0,600.0,400.0
JKON,Jaya Konstruksi Manggala Pratama Tbk.,82.0,82.0,84.0,82.0,84.0,2.0,4858200.0,403753700.0,341.0,637800.0,42900.0
JMAS,Asuransi Jiwa Syariah Jasa Mitra Abadi Tbk.,228.0,0.0,0.0,0.0,228.0,0.0,0.0,0.0,0.0,0.0,0.0
JPFA,Japfa Comfeed Indonesia Tbk.,2280.0,2280.0,2290.0,2250.0,2270.0,-10.0,5818300.0,13188713000.0,1943.0,2878100.0,3874900.0
JRPT,Jaya Real Property Tbk.,1150.0,1150.0,1150.0,1120.0,1150.0,0.0,762000.0,867836000.0,46.0,79000.0,668500.0
JSKY,Sky Energy Indonesia Tbk.,52.0,0.0,0.0,0.0,52.0,0.0,0.0,0.0,0.0,0.0,0.0
JSMR,Jasa Marga (Persero) Tbk.,2880.0,2900.0,2910.0,2800.0,2800.0,-80.0,3213700.0,9085150000.0,1298.0,649100.0,1068800.0
JSPT,Jakarta Setiabudi Internasional Tbk.,1465.0,1455.0,1455.0,1390.0,1455.0,-10.0,35900.0,51692000.0,43.0,1600.0,0.0
JTPE,Jasuindo Tiga Perkasa Tbk.,585.0,585.0,600.0,585.0,595.0,10.0,1019300.0,604122000.0,207.0,600.0,53700.0
KAEF,Kimia Farma (Persero) Tbk.,442.0,442.0,446.0,436.0,440.0,-2.0,484200.0,212687000.0,247.0,109700.0,51000.0
KAQI,Jantra Grupo Indonesia Tbk.,95.0,95.0,96.0,92.0,93.0,-2.0,18657800.0,1747660200.0,1028.0,4002700.0,2057600.0
KARW,Meratus Jasa Prima Tbk.,212.0,0.0,0.0,0.0,212.0,0.0,0.0,0.0,0.0,0.0,0.0
KAYU,Darmi Bersaudara Tbk.,18.0,0.0,0.0,0.0,18.0,0.0,0.0,0.0,0.0,0.0,0.0
KBAG,Karya Bersama Anugerah Tbk.,41.0,0.0,42.0,41.0,42.0,1.0,1879100.0,77237000.0,115.0,0.0,0.0
KBLI,KMI Wire & Cable Tbk.,366.0,368.0,368.0,356.0,364.0,-2.0,840200.0,304281600.0,317.0,24000.0,123300.0
KBLM,Kabelindo Murni Tbk.,372.0,0.0,380.0,356.0,368.0,-4.0,631900.0,229998800.0,271.0,27200.0,13200.0
KBLV,First Media Tbk.,123.0,123.0,124.0,119.0,121.0,-2.0,6083600.0,737985300.0,601.0,1942700.0,279400.0
KBRI,Kertas Basuki Rachmat Indonesia Tbk.,50.0,0.0,0.0,0.0,50.0,0.0,0.0,0.0,0.0,0.0,0.0
KDSI,Kedawung Setia Industrial Tbk.,446.0,448.0,460.0,448.0,458.0,12.0,12400.0,5633600.0,17.0,0.0,200.0
KDTN,Puri Sentul Permai Tbk.,376.0,382.0,396.0,378.0,380.0,4.0,2182700.0,840600800.0,524.0,456500.0,339000.0
KEEN,Kencana Energi Lestari Tbk.,855.0,855.0,860.0,845.0,855.0,0.0,7429900.0,6338513500.0,1295.0,339400.0,480100.0
KEJU,Mulia Boga Raya Tbk.,595.0,595.0,600.0,585.0,595.0,0.0,160200.0,94562000.0,40.0,0.0,0.0
KETR,Ketrosden Triasmitra Tbk.,995.0,980.0,985.0,925.0,935.0,-60.0,29084200.0,27840838500.0,4509.0,2553700.0,8707000.0
KIAS,Keramika Indonesia Assosiasi Tbk.,21.0,0.0,0.0,0.0,21.0,0.0,0.0,0.0,0.0,0.0,0.0
KICI,Kedaung Indah Can Tbk,352.0,438.0,440.0,300.0,300.0,-52.0,108809000.0,38495628800.0,9985.0,2669000.0,2388400.0
KIJA,Kawasan Industri Jababeka Tbk.,180.0,182.0,183.0,175.0,176.0,-4.0,159756100.0,28481606200.0,6723.0,37896900.0,36726300.0
KING,Hoffmen Cleanindo Tbk.,382.0,0.0,420.0,380.0,400.0,18.0,4492800.0,1851420000.0,941.0,0.0,30700.0
KINO,Kino Indonesia Tbk.,1380.0,0.0,1400.0,1370.0,1380.0,0.0,90700.0,125052500.0,134.0,87000.0,0.0
KIOS,Kioson Komersial Indonesia Tbk.,98.0,98.0,99.0,96.0,98.0,0.0,6341000.0,619264800.0,776.0,330300.0,100400.0
KJEN,Krida Jaringan Nusantara Tbk.,161.0,160.0,165.0,159.0,160.0,-1.0,5907900.0,952297800.0,1139.0,1620300.0,547600.0
KKES,Kusuma Kemindo Sentosa Tbk.,87.0,87.0,98.0,86.0,92.0,5.0,135081600.0,12555472300.0,8175.0,5689400.0,5500300.0
KKGI,Resource Alam Indonesia Tbk.,324.0,326.0,332.0,326.0,330.0,6.0,12190800.0,4000673400.0,1826.0,446100.0,56500.0
KLAS,Pelayaran Kurnia Lautan Semesta Tbk.,84.0,83.0,85.0,82.0,83.0,-1.0,2237800.0,186361800.0,369.0,12600.0,22800.0
KLBF,Kalbe Farma Tbk.,760.0,760.0,765.0,745.0,750.0,-10.0,26266800.0,19713277000.0,5704.0,12087100.0,12048300.0
KLIN,Klinko Karya Imaji Tbk.,118.0,0.0,125.0,115.0,120.0,2.0,81600.0,9947500.0,70.0,0.0,0.0
KMDS,Kurniamitra Duta Sentosa Tbk.,525.0,525.0,530.0,520.0,525.0,0.0,202600.0,106503000.0,60.0,0.0,0.0
KMTR,Kirana Megatara Tbk.,252.0,252.0,256.0,250.0,252.0,0.0,37500.0,9440400.0,43.0,0.0,0.0
KOBX,Kobexindo Tractors Tbk.,177.0,178.0,186.0,174.0,179.0,2.0,6384300.0,1145787800.0,1009.0,147500.0,890600.0
KOCI,Kokoh Exa Nusantara Tbk.,119.0,119.0,123.0,115.0,117.0,-2.0,18352900.0,2176049700.0,1530.0,3356400.0,2548600.0
KOIN,Kokoh Inti Arebama Tbk,78.0,0.0,0.0,0.0,78.0,0.0,0.0,0.0,0.0,0.0,0.0
KOKA,Koka Indonesia Tbk.,187.0,185.0,186.0,180.0,184.0,-3.0,7706900.0,1408596600.0,1228.0,1031100.0,752800.0
KONI,Perdana Bangun Pusaka Tbk,2090.0,0.0,2130.0,2060.0,2070.0,-20.0,4600.0,9541000.0,18.0,0.0,0.0
KOPI,Mitra Energi Persada Tbk.,210.0,210.0,212.0,204.0,206.0,-4.0,1939200.0,402153800.0,366.0,0.0,0.0
KOTA,DMS Propertindo Tbk.,187.0,187.0,193.0,180.0,180.0,-7.0,140202000.0,25987539500.0,9473.0,36921400.0,28244200.0
KPIG,MNC Tourism Indonesia Tbk.,68.0,68.0,70.0,64.0,65.0,-3.0,614031500.0,41287610600.0,23309.0,133131100.0,156723800.0
KRAS,Krakatau Steel (Persero) Tbk.,226.0,222.0,234.0,222.0,232.0,6.0,2927800.0,672211200.0,451.0,143900.0,645800.0
KREN,Quantum Clovera Investama Tbk.,15.0,0.0,15.0,15.0,15.0,0.0,33219200.0,498288000.0,352.0,0.0,0.0
KRYA,Bangun Karya Perkasa Jaya Tbk.,65.0,65.0,65.0,63.0,64.0,-1.0,14738400.0,943071100.0,935.0,21400.0,2167700.0
KSIX,Kentanix Supra International Tbk.,416.0,418.0,420.0,410.0,410.0,-6.0,296100.0,123299400.0,95.0,25700.0,0.0
KUAS,Ace Oldfields Tbk.,100.0,101.0,102.0,98.0,100.0,0.0,6986400.0,697979400.0,746.0,1019700.0,567100.0
LABA,Green Power Group Tbk.,124.0,123.0,125.0,122.0,124.0,0.0,8222300.0,1014260900.0,778.0,1740600.0,128100.0
LABS,UBC Medical Indonesia Tbk.,173.0,173.0,173.0,167.0,169.0,-4.0,1623100.0,274749800.0,201.0,190800.0,6800.0
LAJU,Jasa Berdikari Logistics Tbk.,68.0,68.0,72.0,66.0,68.0,0.0,26722400.0,1853426600.0,1984.0,2246700.0,1335400.0
LAND,Trimitra Propertindo Tbk.,70.0,70.0,72.0,66.0,67.0,-3.0,26484000.0,1817678900.0,1856.0,1652600.0,3818800.0
LAPD,Leyand International Tbk.,82.0,82.0,85.0,78.0,81.0,-1.0,67178900.0,5481979600.0,3636.0,11228800.0,8313200.0
LCGP,Eureka Prima Jakarta Tbk.,114.0,0.0,0.0,0.0,114.0,0.0,0.0,0.0,0.0,0.0,0.0
LCKM,LCK Global Kedaton Tbk.,109.0,0.0,0.0,0.0,109.0,0.0,0.0,0.0,0.0,0.0,0.0
LEAD,Logindo Samudramakmur Tbk.,106.0,106.0,113.0,100.0,103.0,-3.0,63046000.0,6783934900.0,2790.0,11013500.0,7672600.0
LFLO,Imago Mulia Persada Tbk.,625.0,0.0,645.0,575.0,600.0,-25.0,99200.0,59621500.0,143.0,9000.0,5500.0
LIFE,MSIG Life Insurance Indonesia Tbk.,12725.0,0.0,13975.0,11475.0,11475.0,-1250.0,65000.0,893875000.0,233.0,0.0,0.0
LINK,Link Net Tbk.,1745.0,0.0,1690.0,1610.0,1675.0,-70.0,25400.0,41859500.0,96.0,2600.0,1000.0
LION,Lion Metal Works Tbk.,370.0,370.0,380.0,364.0,378.0,8.0,91300.0,34283000.0,40.0,17600.0,4900.0
LIVE,Homeco Victoria Makmur Tbk.,181.0,175.0,178.0,167.0,173.0,-8.0,4016500.0,692364200.0,651.0,413200.0,391000.0
LMAS,Limas Indonesia Makmur Tbk,50.0,0.0,0.0,0.0,50.0,0.0,0.0,0.0,0.0,0.0,0.0
LMAX,Lupromax Pelumas Indonesia Tbk.,107.0,0.0,114.0,103.0,109.0,2.0,1151900.0,125306200.0,190.0,0.0,0.0
LMPI,Langgeng Makmur Industri Tbk.,161.0,0.0,167.0,159.0,165.0,4.0,296600.0,48625900.0,113.0,0.0,0.0
LMSH,Lionmesh Prima Tbk.,256.0,0.0,0.0,0.0,256.0,0.0,0.0,0.0,0.0,0.0,0.0
LOPI,Logisticsplus International Tbk.,64.0,0.0,65.0,62.0,65.0,1.0,8197700.0,517755700.0,384.0,30300.0,28200.0
LPCK,Lippo Cikarang Tbk,595.0,595.0,605.0,585.0,590.0,-5.0,145600.0,85817000.0,73.0,500.0,900.0
LPGI,Lippo General Insurance Tbk.,640.0,645.0,660.0,635.0,645.0,5.0,2600.0,1678500.0,10.0,0.0,0.0
LPIN,Multi Prima Sejahtera Tbk,434.0,436.0,436.0,428.0,432.0,-2.0,203900.0,88038000.0,67.0,0.0,0.0
LPKR,Lippo Karawaci Tbk.,53.0,53.0,56.0,51.0,52.0,-1.0,366145700.0,19507505500.0,6346.0,41700900.0,93077500.0
LPLI,Star Pacific Tbk,230.0,0.0,232.0,228.0,232.0,2.0,7200.0,1656600.0,25.0,1100.0,0.0
LPPF,MDS Retailing Tbk.,1525.0,1540.0,1585.0,1540.0,1580.0,55.0,4689100.0,7361019500.0,1670.0,1917600.0,1034400.0
LPPS,Lenox Pasifik Investama Tbk.,82.0,82.0,82.0,79.0,80.0,-2.0,825100.0,66058800.0,167.0,0.0,0.0
LRNA,Eka Sari Lorena Transport Tbk.,216.0,216.0,246.0,216.0,222.0,6.0,4540800.0,1043469400.0,1170.0,0.0,0.0
LSIP,PP London Sumatra Indonesia Tbk.,1695.0,1695.0,1715.0,1620.0,1635.0,-60.0,19266900.0,32191701500.0,3808.0,12666000.0,3015400.0
LTLS,Lautan Luas Tbk.,1010.0,1010.0,1010.0,990.0,1000.0,-10.0,161400.0,161173000.0,82.0,0.0,100000.0
LUCK,Sentral Mitra Informatika Tbk.,115.0,115.0,119.0,113.0,118.0,3.0,9939000.0,1165791000.0,673.0,0.0,0.0
LUCY,Lima Dua Lima Tiga Tbk.,362.0,0.0,382.0,356.0,362.0,0.0,52259300.0,19366535200.0,3969.0,7131000.0,7195900.0
MABA,Marga Abhinaya Abadi Tbk.,50.0,0.0,0.0,0.0,50.0,0.0,0.0,0.0,0.0,0.0,0.0
MAGP,Multi Agro Gemilang Plantation Tbk.,50.0,0.0,0.0,0.0,50.0,0.0,0.0,0.0,0.0,0.0,0.0
MAHA,Mandiri Herindo Adiperkasa Tbk.,148.0,149.0,154.0,145.0,150.0,2.0,29078100.0,4373382800.0,2988.0,3121500.0,4634500.0
MAIN,Malindo Feedmill Tbk.,665.0,670.0,675.0,660.0,665.0,0.0,1063700.0,709640500.0,217.0,1400.0,173900.0
MANG,Manggung Polahraya Tbk.,38.0,0.0,39.0,38.0,38.0,0.0,8362800.0,317944000.0,238.0,2100.0,0.0
MAPA,Map Aktif Adiperkasa Tbk.,690.0,690.0,700.0,665.0,700.0,10.0,10014800.0,6922919500.0,1934.0,2331000.0,6810900.0
MAPB,MAP Boga Adiperkasa Tbk.,1250.0,0.0,0.0,0.0,1250.0,0.0,0.0,0.0,0.0,0.0,0.0
MAPI,Mitra Adiperkasa Tbk.,1500.0,1510.0,1515.0,1495.0,1495.0,-5.0,4755400.0,7138454000.0,2073.0,2034600.0,1198400.0
MARI,Mahaka Radio Integra Tbk.,23.0,0.0,0.0,0.0,23.0,0.0,0.0,0.0,0.0,0.0,0.0
MARK,Mark Dynamics Indonesia Tbk.,1180.0,1195.0,1210.0,1115.0,1130.0,-50.0,14185400.0,16271481000.0,1215.0,5705200.0,5530000.0
MASB,Bank Multiarta Sentosa Tbk.,3240.0,0.0,3250.0,3150.0,3250.0,10.0,4100.0,13075000.0,10.0,100.0,0.0
MAXI,Maxindo Karya Anugerah Tbk.,50.0,0.0,50.0,50.0,50.0,0.0,16700.0,835000.0,17.0,0.0,0.0
MAYA,Bank Mayapada Internasional Tbk.,193.0,195.0,222.0,192.0,210.0,17.0,13776900.0,2849611300.0,1839.0,834300.0,848100.0
MBAP,Mitrabara Adiperdana Tbk.,1695.0,1695.0,1705.0,1665.0,1665.0,-30.0,33600.0,56431500.0,75.0,100.0,1700.0
MBMA,Merdeka Battery Materials Tbk.,545.0,545.0,545.0,520.0,525.0,-20.0,97951300.0,52042552500.0,8307.0,5238600.0,29482000.0
MBSS,Mitrabahtera Segara Sejati Tbk.,2900.0,2900.0,2910.0,2890.0,2900.0,0.0,1851300.0,5374078000.0,188.0,64000.0,103900.0
MBTO,Martina Berto Tbk.,154.0,154.0,157.0,153.0,156.0,2.0,3613500.0,561296500.0,363.0,28600.0,14100.0
MCAS,M Cash Integrasi Tbk.,266.0,276.0,276.0,266.0,266.0,0.0,1129000.0,303302000.0,293.0,252200.0,23400.0
MCOL,Prima Andalan Mandiri Tbk.,3600.0,0.0,3690.0,3600.0,3680.0,80.0,2200.0,8075000.0,15.0,0.0,0.0
MCOR,Bank China Construction Bank Indonesia Tbk.,68.0,68.0,68.0,66.0,68.0,0.0,6397200.0,430318600.0,200.0,1700.0,237800.0
MDIA,Intermedia Capital Tbk.,191.0,190.0,196.0,179.0,182.0,-9.0,164762100.0,30711063300.0,8166.0,32171100.0,25809100.0
MDIY,Daya Intiguna Yasa Tbk.,940.0,945.0,965.0,930.0,965.0,25.0,234200.0,224053000.0,154.0,212800.0,155500.0
MDKA,Merdeka Copper Gold Tbk.,2900.0,2910.0,2930.0,2850.0,2870.0,-30.0,27317100.0,78521598000.0,5137.0,8906500.0,20170400.0
MDKI,Emdeki Utama Tbk.,191.0,195.0,195.0,191.0,193.0,2.0,589300.0,114186900.0,75.0,0.0,500000.0
MDLA,Medela Potentia Tbk.,206.0,206.0,212.0,204.0,208.0,2.0,1401400.0,290912200.0,216.0,511500.0,6600.0
MDLN,Modernland Realty Tbk.,50.0,0.0,50.0,50.0,50.0,0.0,10700.0,535000.0,13.0,0.0,0.0
MDRN,Modern Internasional Tbk.,26.0,0.0,0.0,0.0,26.0,0.0,0.0,0.0,0.0,0.0,0.0
MEDC,Medco Energi Internasional Tbk.,1460.0,1465.0,1535.0,1440.0,1475.0,15.0,61968800.0,91459713500.0,11831.0,18861000.0,15536700.0
MEDS,Hetzer Medical Indonesia Tbk.,82.0,82.0,83.0,79.0,79.0,-3.0,31502600.0,2509192700.0,3072.0,1880500.0,601400.0
MEGA,Bank Mega Tbk.,1960.0,1955.0,1960.0,1900.0,1960.0,0.0,26800.0,51968000.0,77.0,0.0,400.0
MEJA,Harta Djaya Karya Tbk.,112.0,0.0,115.0,111.0,112.0,0.0,8987800.0,1013337100.0,605.0,856200.0,3267000.0
MENN,Menn Teknologi Indonesia Tbk.,53.0,0.0,0.0,0.0,53.0,0.0,0.0,0.0,0.0,0.0,0.0
MERI,Merry Riana Edukasi Tbk.,118.0,121.0,121.0,117.0,118.0,0.0,1532300.0,181589700.0,207.0,27600.0,37900.0
MERK,Merck Tbk.,3900.0,0.0,3910.0,3900.0,3900.0,0.0,16600.0,64741000.0,22.0,0.0,100.0
META,Nusantara Infrastructure Tbk.,238.0,0.0,0.0,0.0,238.0,0.0,0.0,0.0,0.0,0.0,0.0
MFMI,Multifiling Mitra Indonesia Tbk.,1300.0,0.0,0.0,0.0,1300.0,0.0,0.0,0.0,0.0,0.0,0.0
MGLV,NexAI Digital Infrastruktur Tbk.,14400.0,0.0,15825.0,14450.0,15025.0,625.0,1641400.0,25094230000.0,1669.0,333300.0,237500.0
MGNA,Magna Investama Mandiri Tbk.,216.0,226.0,244.0,210.0,216.0,0.0,35321900.0,7994127600.0,5195.0,2457200.0,6529200.0
MGRO,Mahkota Group Tbk.,685.0,0.0,690.0,670.0,685.0,0.0,4912900.0,3350545500.0,148.0,268700.0,103000.0
MHKI,Multi Hanna Kreasindo Tbk.,129.0,128.0,137.0,128.0,130.0,1.0,4550500.0,599609000.0,654.0,76300.0,162000.0
MICE,Multi Indocitra Tbk.,550.0,0.0,550.0,530.0,540.0,-10.0,25400.0,13713000.0,10.0,7100.0,0.0
MIDI,Midi Utama Indonesia Tbk.,268.0,268.0,268.0,262.0,266.0,-2.0,2774800.0,737154200.0,591.0,194100.0,694900.0
MIKA,Mitra Keluarga Karyasehat Tbk.,1725.0,1735.0,1750.0,1695.0,1740.0,15.0,1050700.0,1821957500.0,543.0,72300.0,660400.0
MINA,Sanurhasta Mitra Tbk.,238.0,238.0,250.0,238.0,242.0,4.0,38071500.0,9338133400.0,3632.0,10260700.0,5358000.0
MINE,Sinar Terang Mandiri Tbk.,306.0,310.0,310.0,302.0,302.0,-4.0,1482500.0,452897800.0,269.0,55600.0,163200.0
MIRA,Mitra International Resources Tbk.,23.0,0.0,23.0,23.0,23.0,0.0,3635400.0,83614200.0,338.0,0.0,0.0
MITI,Mitra Investindo Tbk.,292.0,294.0,310.0,290.0,292.0,0.0,8172400.0,2447672800.0,1649.0,261300.0,488400.0
MKAP,Multikarya Asia Pasifik Raya Tbk.,1110.0,1110.0,1120.0,1100.0,1115.0,5.0,1783900.0,1984185000.0,284.0,8900.0,3000.0
MKNT,Mitra Komunikasi Nusantara Tbk.,1.0,0.0,0.0,0.0,1.0,0.0,0.0,0.0,0.0,0.0,0.0
MKPI,Metropolitan Kentjana Tbk.,21675.0,0.0,21650.0,21550.0,21550.0,-125.0,40900.0,884402500.0,113.0,40600.0,0.0
MKTR,Menthobi Karyatama Raya Tbk.,126.0,124.0,126.0,123.0,126.0,0.0,302500.0,37582400.0,93.0,10700.0,0.0
MLBI,Multi Bintang Indonesia Tbk.,6875.0,6900.0,6900.0,6825.0,6825.0,-50.0,74500.0,508587500.0,23.0,72000.0,12600.0
MLIA,Mulia Industrindo Tbk,214.0,0.0,216.0,214.0,216.0,2.0,41500.0,8949000.0,39.0,8400.0,2000.0
MLPL,Multipolar Tbk.,87.0,87.0,88.0,85.0,85.0,-2.0,12714500.0,1092614900.0,719.0,350200.0,77800.0
MLPT,Multipolar Technology Tbk.,1220.0,1220.0,1220.0,1150.0,1175.0,-45.0,1580800.0,1866602000.0,894.0,411500.0,261200.0
MMIX,Multi Medika Internasional Tbk.,860.0,860.0,875.0,855.0,870.0,10.0,28103600.0,24210320500.0,1019.0,2993000.0,1340500.0
MMLP,Mega Manunggal Property Tbk.,338.0,354.0,354.0,314.0,320.0,-18.0,4229200.0,1385377600.0,807.0,362500.0,52400.0
MNCN,Media Nusantara Citra Tbk.,188.0,188.0,189.0,176.0,176.0,-12.0,96476600.0,17476118800.0,4465.0,9968700.0,31194700.0
MOLI,Madusari Murni Indah Tbk.,380.0,370.0,378.0,356.0,374.0,-6.0,10894200.0,3982954600.0,1462.0,2023600.0,939600.0
MORA,Ekamas Mora Republik Tbk.,4850.0,4890.0,4980.0,4850.0,4900.0,50.0,142700.0,700270000.0,283.0,13200.0,67000.0
MPIX,Mitra Pedagang Indonesia Tbk.,200.0,202.0,222.0,194.0,198.0,-2.0,43555700.0,8941806800.0,5734.0,3326400.0,7566500.0
MPMX,Mitra Pinasthika Mustika Tbk.,1030.0,1030.0,1035.0,1020.0,1020.0,-10.0,2074800.0,2127315000.0,869.0,93300.0,670200.0
MPOW,Megapower Makmur Tbk.,114.0,114.0,116.0,113.0,113.0,-1.0,2378600.0,270986600.0,470.0,36100.0,84000.0
MPPA,Matahari Putra Prima Tbk.,41.0,0.0,40.0,39.0,40.0,-1.0,10005100.0,398083700.0,239.0,0.0,1800000.0
MPRO,Maha Properti Indonesia Tbk.,11675.0,0.0,12100.0,11675.0,12100.0,425.0,2500.0,30010000.0,15.0,0.0,200.0
MPXL,MPX Logistics International Tbk.,166.0,166.0,168.0,164.0,164.0,-2.0,1169400.0,194732800.0,249.0,15500.0,1600.0
MRAT,Mustika Ratu Tbk.,356.0,362.0,364.0,348.0,358.0,2.0,781600.0,277635600.0,266.0,167000.0,475400.0
MREI,Maskapai Reasuransi Indonesia Tbk.,920.0,0.0,0.0,0.0,920.0,0.0,0.0,0.0,0.0,0.0,0.0
MSIE,Multisarana Intan Eduka Tbk.,173.0,0.0,190.0,170.0,185.0,12.0,10139200.0,1839195500.0,1181.0,2381700.0,403500.0
MSIN,MNC Digital Entertainment Tbk.,290.0,292.0,292.0,268.0,268.0,-22.0,74667900.0,20668961200.0,15675.0,28444700.0,36092000.0
MSJA,Multi Spunindo Jaya Tbk.,815.0,810.0,880.0,810.0,820.0,5.0,18141700.0,15133592000.0,1826.0,2989400.0,8018100.0
MSKY,MNC Sky Vision Tbk.,68.0,68.0,70.0,66.0,67.0,-1.0,16349900.0,1105812600.0,3066.0,177500.0,12300.0
MSTI,Mastersystem Infotama Tbk.,1360.0,1360.0,1360.0,1345.0,1350.0,-10.0,475500.0,644802500.0,235.0,11700.0,41400.0
MTDL,Metrodata Electronics Tbk.,496.0,496.0,510.0,496.0,500.0,4.0,1257400.0,632579900.0,386.0,2000.0,521600.0
MTEL,Dayamitra Telekomunikasi Tbk.,500.0,500.0,500.0,492.0,492.0,-8.0,10356600.0,5125521000.0,2045.0,3857100.0,2579900.0
MTFN,Capitalinc Investment Tbk.,13.0,0.0,0.0,0.0,13.0,0.0,0.0,0.0,0.0,0.0,0.0
MTLA,Metropolitan Land Tbk.,515.0,0.0,520.0,515.0,520.0,5.0,2400.0,1236500.0,6.0,0.0,0.0
MTMH,Murni Sadar Tbk.,925.0,0.0,980.0,930.0,970.0,45.0,700.0,677000.0,5.0,0.0,0.0
MTPS,Meta Epsi Tbk.,81.0,0.0,0.0,0.0,81.0,0.0,0.0,0.0,0.0,0.0,0.0
MTRA,Mitra Pemuda Tbk.,244.0,0.0,0.0,0.0,244.0,0.0,0.0,0.0,0.0,0.0,0.0
MTSM,Metro Realty Tbk.,500.0,0.0,0.0,0.0,500.0,0.0,0.0,0.0,0.0,0.0,0.0
MTWI,Malacca Trust Wuwungan Insurance Tbk.,272.0,272.0,284.0,258.0,278.0,6.0,135700.0,37063600.0,59.0,2400.0,0.0
MUTU,Mutuagung Lestari Tbk.,136.0,137.0,139.0,134.0,135.0,-1.0,32857900.0,4452263100.0,2226.0,2297900.0,5145700.0
MYOH,Samindo Resources Tbk.,1045.0,1050.0,1075.0,1030.0,1035.0,-10.0,244700.0,256138000.0,256.0,23400.0,88900.0
MYOR,Mayora Indah Tbk.,1505.0,1510.0,1520.0,1490.0,1510.0,5.0,7968600.0,11997574000.0,3153.0,1742400.0,5448800.0
MYTX,Asia Pacific Investama Tbk.,41.0,0.0,0.0,0.0,41.0,0.0,0.0,0.0,0.0,0.0,0.0
NAIK,Adiwarna Anugerah Abadi Tbk.,92.0,92.0,92.0,91.0,91.0,-1.0,2424500.0,221241700.0,297.0,200.0,133600.0
NANO,Nanotech Indonesia Global Tbk.,34.0,0.0,34.0,32.0,32.0,-2.0,22107900.0,723627700.0,790.0,0.0,357400.0
NASA,Andalan Perkasa Abadi Tbk.,37.0,0.0,37.0,35.0,36.0,-1.0,334000.0,12056300.0,47.0,0.0,0.0
NASI,Wahana Inti Makmur Tbk.,234.0,262.0,292.0,244.0,292.0,58.0,24377400.0,6747315600.0,1983.0,2422700.0,168100.0
NATO,Olympus Strategic Indonesia Tbk.,1085.0,1090.0,1180.0,1030.0,1155.0,70.0,504400.0,575532500.0,300.0,70200.0,31500.0
NAYZ,Hassana Boga Sejahtera Tbk.,75.0,0.0,76.0,73.0,76.0,1.0,16356400.0,1211009300.0,494.0,410600.0,691000.0
NCKL,Trimegah Bangun Persada Tbk.,920.0,925.0,940.0,920.0,930.0,10.0,24796000.0,23081159500.0,4408.0,12722700.0,10459700.0
NELY,Pelayaran Nelly Dwi Putri Tbk.,204.0,204.0,212.0,200.0,200.0,-4.0,3436700.0,694055200.0,393.0,160500.0,18000.0
NEST,Esta Indonesia Tbk.,740.0,740.0,785.0,735.0,785.0,45.0,27563700.0,21156515000.0,8042.0,4723400.0,2246200.0
NETV,MDTV Media Technologies Tbk.,50.0,50.0,50.0,50.0,50.0,0.0,103400.0,5170000.0,43.0,0.0,0.0
NFCX,NFC Indonesia Tbk.,1700.0,0.0,1700.0,1665.0,1700.0,0.0,900.0,1516000.0,2.0,0.0,0.0
NICE,Adhi Kartiko Pratama Tbk.,362.0,360.0,374.0,358.0,368.0,6.0,1492700.0,547135600.0,378.0,338900.0,119800.0
NICK,Charnic Capital Tbk.,2820.0,0.0,0.0,0.0,2820.0,0.0,0.0,0.0,0.0,0.0,0.0
NICL,PAM Mineral Tbk.,452.0,452.0,458.0,440.0,448.0,-4.0,26576300.0,12004745200.0,1878.0,2502000.0,2368800.0
NIKL,Pelat Timah Nusantara Tbk.,216.0,216.0,222.0,208.0,214.0,-2.0,4293900.0,926559000.0,706.0,1448000.0,303400.0
NINE,Techno9 Indonesia Tbk.,85.0,0.0,87.0,83.0,85.0,0.0,5715000.0,485618700.0,435.0,647600.0,375500.0
NIRO,City Retail Developments Tbk.,178.0,178.0,180.0,173.0,175.0,-3.0,262900.0,46234700.0,101.0,0.0,24600.0
NISP,Bank OCBC NISP Tbk.,1275.0,1260.0,1270.0,1260.0,1260.0,-15.0,3374400.0,4267384500.0,210.0,13600.0,3022300.0
NOBU,Bank Nationalnobu Tbk.,530.0,530.0,540.0,530.0,535.0,5.0,2704700.0,1444980500.0,360.0,543200.0,21800.0
NPGF,Nusa Palapa Gemilang Tbk.,53.0,53.0,56.0,53.0,55.0,2.0,6852000.0,371239500.0,1455.0,0.0,273200.0
NRCA,Nusa Raya Cipta Tbk.,585.0,585.0,585.0,560.0,560.0,-25.0,5824100.0,3302031500.0,1326.0,475400.0,1790600.0
NSSS,Nusantara Sawit Sejahtera Tbk.,790.0,795.0,800.0,760.0,760.0,-30.0,2791300.0,2156328500.0,952.0,526800.0,475700.0
NTBK,Nusatama Berkah Tbk.,77.0,77.0,82.0,77.0,80.0,3.0,14231200.0,1137706700.0,1096.0,2821100.0,1629000.0
NUSA,Sinergi Megah Internusa Tbk.,50.0,0.0,0.0,0.0,50.0,0.0,0.0,0.0,0.0,0.0,0.0
NZIA,Nusantara Almazia Tbk.,173.0,173.0,178.0,170.0,174.0,1.0,5591600.0,977621900.0,1129.0,1914800.0,472400.0
OASA,Maharaksa Biru Energi Tbk.,278.0,278.0,290.0,272.0,286.0,8.0,11864900.0,3355224200.0,1124.0,2440900.0,1727600.0
OBAT,Brigit Biofarmaka Teknologi Tbk.,246.0,252.0,254.0,240.0,244.0,-2.0,152100.0,37162000.0,138.0,1500.0,2100.0
OBMD,OBM Drilchem Tbk.,200.0,198.0,208.0,187.0,191.0,-9.0,1759400.0,339664200.0,528.0,13600.0,12800.0
OCAP,Onix Capital Tbk.,159.0,0.0,0.0,0.0,159.0,0.0,0.0,0.0,0.0,0.0,0.0
OILS,Indo Oil Perkasa Tbk.,306.0,292.0,314.0,290.0,306.0,0.0,6803400.0,2070355000.0,1177.0,1924700.0,793700.0
OKAS,Ancora Indonesia Resources Tbk.,116.0,115.0,116.0,113.0,115.0,-1.0,2679700.0,306912800.0,220.0,195700.0,5000.0
OLIV,Atlas Nexus Group Tbk.,56.0,0.0,61.0,54.0,56.0,0.0,15600600.0,869098700.0,947.0,1098400.0,4762800.0
OMED,Jayamas Medica Industri Tbk.,216.0,218.0,218.0,210.0,212.0,-4.0,3608400.0,768530200.0,551.0,870600.0,1465900.0
OMRE,Indonesia Prima Property Tbk,920.0,0.0,1080.0,920.0,950.0,30.0,60800.0,58580500.0,126.0,1600.0,0.0
OPMS,Optima Prima Metal Sinergi Tbk.,113.0,113.0,118.0,108.0,113.0,0.0,11428100.0,1288662900.0,2311.0,102200.0,1602100.0
PACK,Abadi Nusantara Hijau Investama Tbk.,565.0,0.0,555.0,510.0,510.0,-55.0,195503800.0,102553471500.0,3611.0,981200.0,10497600.0
PADA,Personel Alih Daya Tbk.,194.0,192.0,197.0,191.0,191.0,-3.0,8643900.0,1673078100.0,993.0,1555500.0,600000.0
PADI,Minna Padi Investama Sekuritas Tbk.,62.0,62.0,64.0,60.0,62.0,0.0,226414700.0,14048388300.0,6994.0,57568100.0,31292700.0
PALM,Provident Investasi Bersama Tbk.,290.0,290.0,294.0,286.0,294.0,4.0,394400.0,114372600.0,109.0,400.0,42500.0
PAMG,Bima Sakti Pertiwi Tbk.,53.0,53.0,56.0,51.0,53.0,0.0,13748300.0,732304200.0,831.0,161700.0,335400.0
PANI,Pantai Indah Kapuk Dua Tbk.,5275.0,5275.0,5325.0,5175.0,5175.0,-100.0,5309600.0,27804160000.0,2457.0,1381400.0,1096000.0
PANR,Panorama Sentrawisata Tbk.,414.0,0.0,414.0,406.0,408.0,-6.0,28400.0,11633600.0,43.0,0.0,0.0
PANS,Panin Sekuritas Tbk.,1655.0,1655.0,1660.0,1645.0,1650.0,-5.0,161800.0,267342000.0,131.0,0.0,6200.0
PART,Cipta Perdana Lancar Tbk.,110.0,110.0,110.0,104.0,106.0,-4.0,13025800.0,1391949600.0,1282.0,1535300.0,959800.0
PBID,Panca Budi Idaman Tbk.,525.0,525.0,525.0,520.0,525.0,0.0,524500.0,273768500.0,197.0,400.0,0.0
PBRX,Pan Brothers Tbk.,26.0,0.0,26.0,26.0,26.0,0.0,3103100.0,80680600.0,170.0,0.0,0.0
PBSA,Paramita Bangun Sarana Tbk.,725.0,725.0,740.0,715.0,725.0,0.0,771900.0,560883500.0,214.0,4100.0,73700.0
PCAR,Prima Cakrawala Abadi Tbk.,44.0,0.0,44.0,44.0,44.0,0.0,2169600.0,95462400.0,73.0,0.0,0.0
PDES,Destinasi Tirta Nusantara Tbk,390.0,390.0,390.0,374.0,374.0,-16.0,6500.0,2490600.0,11.0,0.0,0.0
PDPP,Primadaya Plastisindo Tbk.,340.0,350.0,350.0,322.0,338.0,-2.0,53200.0,18254600.0,78.0,400.0,5500.0
PEGE,Panca Global Kapital Tbk.,132.0,133.0,139.0,132.0,135.0,3.0,7993400.0,1082781900.0,735.0,3029000.0,221300.0
PEHA,Phapros Tbk.,290.0,292.0,312.0,288.0,294.0,4.0,438500.0,130880600.0,162.0,9700.0,12600.0
PEVE,Penta Valent Tbk.,306.0,0.0,308.0,304.0,308.0,2.0,1179100.0,361855800.0,117.0,0.0,0.0
PGAS,Perusahaan Gas Negara (Persero) Tbk.,1475.0,1475.0,1500.0,1470.0,1500.0,25.0,24451200.0,36411161000.0,6240.0,15441800.0,10257300.0
PGEO,Pertamina Geothermal Energy Tbk.,1060.0,1060.0,1075.0,1050.0,1055.0,-5.0,16392100.0,17445430000.0,3601.0,6418500.0,2864300.0
PGJO,Bahtera Bumi Raya Tbk.,880.0,0.0,880.0,825.0,840.0,-40.0,1177900.0,997292000.0,388.0,68400.0,88800.0
PGLI,Pembangunan Graha Lestari Indah Tbk.,200.0,200.0,214.0,197.0,197.0,-3.0,503200.0,102395900.0,129.0,0.0,253400.0
PGUN,Pradiksi Gunatama Tbk.,9525.0,9525.0,9800.0,9350.0,9350.0,-175.0,58600.0,556677500.0,177.0,5200.0,7800.0
PICO,Pelangi Indah Canindo Tbk,177.0,180.0,181.0,174.0,176.0,-1.0,573000.0,100553200.0,231.0,63300.0,1900.0
PIPA,Oxala Energy International Tbk.,178.0,174.0,183.0,173.0,173.0,-5.0,35056200.0,6214567400.0,3515.0,6120600.0,4346600.0
PJAA,Pembangunan Jaya Ancol Tbk.,468.0,468.0,484.0,462.0,476.0,8.0,231000.0,109440400.0,113.0,500.0,7000.0
PJHB,Pelayaran Jaya Hidup Baru Tbk.,176.0,176.0,187.0,174.0,176.0,0.0,2991300.0,540304000.0,821.0,85200.0,254500.0
PKPK,Paragon Karya Perkasa Tbk.,4300.0,4300.0,4720.0,4280.0,4670.0,370.0,2429200.0,11064024000.0,1376.0,504200.0,233300.0
PLAN,Planet Properindo Jaya Tbk.,65.0,0.0,68.0,63.0,64.0,-1.0,4286300.0,277269800.0,353.0,8400.0,4400.0
PLAS,Polaris Investama Tbk,50.0,0.0,0.0,0.0,50.0,0.0,0.0,0.0,0.0,0.0,0.0
PLIN,Plaza Indonesia Realty Tbk.,2510.0,0.0,0.0,0.0,2510.0,0.0,0.0,0.0,0.0,0.0,0.0
PMJS,Putra Mandiri Jembar Tbk.,144.0,143.0,145.0,143.0,145.0,1.0,283900.0,40730500.0,43.0,200.0,700.0
PMMP,Panca Mitra Multiperdana Tbk.,50.0,0.0,0.0,0.0,50.0,0.0,0.0,0.0,0.0,0.0,0.0
PMUI,Prima Multi Usaha Indonesia Tbk.,104.0,104.0,105.0,102.0,105.0,1.0,768000.0,79786500.0,119.0,0.0,80300.0
PNBN,Bank Pan Indonesia Tbk,850.0,860.0,870.0,850.0,860.0,10.0,3622100.0,3128185500.0,951.0,213700.0,1277800.0
PNBS,Bank Panin Dubai Syariah Tbk.,50.0,50.0,50.0,50.0,50.0,0.0,71700.0,3585000.0,30.0,0.0,0.0
PNGO,AEP Pinago Plantations Tbk.,3600.0,0.0,3520.0,3520.0,3520.0,-80.0,3200.0,11264000.0,7.0,0.0,0.0
PNIN,Paninvest Tbk.,710.0,710.0,710.0,700.0,710.0,0.0,210200.0,148246000.0,47.0,0.0,187000.0
PNLF,Panin Financial Tbk.,210.0,212.0,214.0,208.0,208.0,-2.0,58203400.0,12229589200.0,1269.0,3662500.0,10242400.0
PNSE,Pudjiadi & Sons Tbk.,488.0,0.0,488.0,470.0,482.0,-6.0,5500.0,2643000.0,25.0,0.0,2000.0
POLA,Pool Advista Finance Tbk.,80.0,81.0,85.0,77.0,80.0,0.0,47137900.0,3797562500.0,3186.0,7117200.0,3801200.0
POLI,Pollux Hotels Group Tbk.,925.0,880.0,950.0,880.0,945.0,20.0,22800.0,20768500.0,56.0,5700.0,0.0
POLL,Pollux Properties Indonesia Tbk.,112.0,0.0,0.0,0.0,112.0,0.0,0.0,0.0,0.0,0.0,0.0
POLU,Golden Flower Tbk.,17000.0,0.0,17000.0,16025.0,16875.0,-125.0,3700.0,61947500.0,34.0,100.0,100.0
POLY,Asia Pacific Fibers Tbk,32.0,0.0,0.0,0.0,32.0,0.0,0.0,0.0,0.0,0.0,0.0
POOL,Pool Advista Indonesia Tbk.,50.0,0.0,0.0,0.0,50.0,0.0,0.0,0.0,0.0,0.0,0.0
PORT,Nusantara Pelabuhan Handal Tbk.,960.0,0.0,960.0,920.0,950.0,-10.0,7000.0,6542000.0,27.0,0.0,0.0
POSA,Bliss Properti Indonesia Tbk.,50.0,0.0,0.0,0.0,50.0,0.0,0.0,0.0,0.0,0.0,0.0
POWR,Cikarang Listrindo Tbk.,1025.0,1020.0,1020.0,965.0,975.0,-50.0,9338600.0,9159020500.0,2557.0,555800.0,4995700.0
PPGL,Prima Globalindo Logistik Tbk.,468.0,0.0,0.0,0.0,468.0,0.0,0.0,0.0,0.0,0.0,0.0
PPRE,PP Presisi Tbk.,104.0,108.0,109.0,104.0,104.0,0.0,16738900.0,1767680000.0,1727.0,435700.0,2710500.0
PPRI,Paperocks Indonesia Tbk.,165.0,167.0,171.0,161.0,161.0,-4.0,3745200.0,616094000.0,423.0,553600.0,285100.0
PPRO,PP Properti Tbk.,16.0,0.0,16.0,15.0,16.0,0.0,18247000.0,282759500.0,310.0,0.0,0.0
PRAY,Famon Awal Bros Sedaya Tbk.,720.0,755.0,895.0,755.0,800.0,80.0,678900.0,569848000.0,766.0,27700.0,27000.0
PRDA,Prodia Widyahusada Tbk.,2810.0,2810.0,2850.0,2800.0,2820.0,10.0,603100.0,1702829000.0,482.0,147200.0,305400.0
PRDL,Prodia Diagnostic Line Tbk.,208.0,208.0,208.0,200.0,204.0,-4.0,6368100.0,1302150800.0,2109.0,3400000.0,251100.0
PRIM,Royal Prima Tbk.,120.0,120.0,123.0,120.0,123.0,3.0,2551900.0,311140000.0,263.0,104300.0,87200.0
PSAB,J Resources Asia Pasifik Tbk.,560.0,560.0,565.0,540.0,540.0,-20.0,57448800.0,31565355500.0,4685.0,3049000.0,9704200.0
PSAT,Pancaran Samudera Transport Tbk.,860.0,0.0,865.0,840.0,855.0,-5.0,125300.0,107038500.0,60.0,0.0,200.0
PSDN,Prasidha Aneka Niaga Tbk,135.0,136.0,157.0,135.0,144.0,9.0,41861200.0,6149708900.0,4899.0,4625900.0,2331900.0
PSGO,Palma Serasih Tbk.,195.0,194.0,195.0,190.0,192.0,-3.0,97000.0,18763500.0,102.0,100.0,0.0
PSKT,Red Planet Indonesia Tbk.,230.0,230.0,242.0,224.0,232.0,2.0,7898300.0,1826371800.0,617.0,1440000.0,676700.0
PSSI,IMC Pelita Logistik Tbk.,358.0,358.0,362.0,358.0,360.0,2.0,120700.0,43424600.0,43.0,0.0,0.0
PTBA,Bukit Asam (Persero) Tbk.,3090.0,3090.0,3100.0,3030.0,3080.0,-10.0,15402900.0,47234092000.0,5108.0,7052200.0,5657400.0
PTDU,Djasa Ubersakti Tbk.,70.0,0.0,0.0,0.0,70.0,0.0,0.0,0.0,0.0,0.0,0.0
PTIS,Indo Straits Tbk.,256.0,0.0,262.0,256.0,256.0,0.0,99000.0,25451000.0,77.0,0.0,0.0
PTMP,Mitra Pack Tbk.,62.0,62.0,64.0,61.0,62.0,0.0,10576400.0,660340300.0,647.0,2189100.0,687500.0
PTMR,Master Print Tbk.,374.0,0.0,0.0,0.0,374.0,0.0,0.0,0.0,0.0,0.0,0.0
PTPP,PP (Persero) Tbk.,196.0,198.0,202.0,196.0,198.0,2.0,4071800.0,807285600.0,466.0,603500.0,803300.0
PTPS,Pulau Subur Tbk.,161.0,161.0,162.0,157.0,160.0,-1.0,1387800.0,221525000.0,303.0,5500.0,197600.0
PTPW,Pratama Widya Tbk.,1160.0,1155.0,1155.0,1140.0,1145.0,-15.0,25800.0,29667500.0,40.0,0.0,13500.0
PTRO,Petrosea Tbk.,5325.0,5300.0,5500.0,5300.0,5400.0,75.0,32642400.0,176943265000.0,10245.0,10585300.0,3619200.0
PTSN,Sat Nusapersada Tbk,392.0,396.0,406.0,372.0,386.0,-6.0,3515300.0,1375669200.0,890.0,508800.0,365500.0
PTSP,Pioneerindo Gourmet International Tbk.,1245.0,0.0,1240.0,1180.0,1200.0,-45.0,14400.0,17626500.0,46.0,0.0,0.0
PUDP,Pudjiadi Prestige Tbk.,272.0,272.0,272.0,260.0,270.0,-2.0,34700.0,9192800.0,33.0,0.0,0.0
PURA,Putra Rajawali Kencana Tbk.,32.0,0.0,32.0,32.0,32.0,0.0,3898400.0,124748800.0,149.0,0.0,0.0
PURE,Trinitan Metals and Minerals Tbk.,51.0,0.0,0.0,0.0,51.0,0.0,0.0,0.0,0.0,0.0,0.0
PURI,Puri Global Sukses Tbk.,159.0,159.0,165.0,155.0,160.0,1.0,10701400.0,1728411100.0,882.0,157200.0,143500.0
PWON,Pakuwon Jati Tbk.,268.0,268.0,270.0,266.0,266.0,-2.0,12700700.0,3388718800.0,1555.0,5527500.0,5111900.0
PYFA,Pyridam Farma Tbk,246.0,250.0,250.0,238.0,240.0,-6.0,12512300.0,3031478000.0,960.0,2234400.0,719300.0
PZZA,Sarimelati Kencana Tbk.,188.0,190.0,193.0,186.0,186.0,-2.0,1297300.0,244960200.0,208.0,36200.0,36600.0
RAAM,Tripar Multivision Plus Tbk.,174.0,0.0,175.0,169.0,173.0,-1.0,873700.0,149287500.0,225.0,31000.0,1900.0
RAFI,Sari Kreasi Boga Tbk.,36.0,0.0,0.0,0.0,36.0,0.0,0.0,0.0,0.0,0.0,0.0
RAJA,Rukun Raharja Tbk.,725.0,730.0,750.0,725.0,730.0,5.0,39862500.0,29243891500.0,4656.0,11194900.0,9630700.0
RALS,Ramayana Lestari Sentosa Tbk.,386.0,388.0,388.0,382.0,386.0,0.0,1169500.0,449162800.0,458.0,3100.0,619300.0
RANC,Supra Boga Lestari Tbk.,560.0,560.0,585.0,540.0,565.0,5.0,110000.0,61926500.0,93.0,4100.0,5700.0
RANS,Rans Entertainmen Indonesia Tbk.,197.0,197.0,200.0,191.0,197.0,0.0,74013400.0,14498595600.0,4916.0,16986900.0,8688500.0
RATU,Raharja Energi Cepu Tbk.,4210.0,4230.0,4280.0,4180.0,4210.0,0.0,2848800.0,12043041000.0,2165.0,254900.0,622400.0
RBMS,Ristia Bintang Mahkotasejati Tbk.,61.0,61.0,62.0,58.0,59.0,-2.0,17542400.0,1039307400.0,1202.0,59300.0,50700.0
RCCC,Utama Radar Cahaya Tbk.,115.0,0.0,117.0,113.0,114.0,-1.0,1023400.0,117170400.0,333.0,0.0,0.0
RDTX,Roda Vivatex Tbk,13100.0,0.0,13575.0,13475.0,13475.0,375.0,600.0,8105000.0,6.0,0.0,0.0
REAL,Repower Asia Indonesia Tbk.,50.0,50.0,50.0,50.0,50.0,0.0,223500.0,11175000.0,70.0,0.0,0.0
RELF,Graha Mitra Asia Tbk.,41.0,0.0,42.0,38.0,40.0,-1.0,5009400.0,197799500.0,387.0,480700.0,0.0
RELI,Reliance Sekuritas Indonesia Tbk.,560.0,565.0,600.0,565.0,595.0,35.0,88100.0,51035000.0,84.0,400.0,0.0
RGAS,Kian Santang Muliatama Tbk.,107.0,107.0,109.0,105.0,107.0,0.0,15636900.0,1676459300.0,1837.0,1750500.0,868100.0
RICY,Ricky Putra Globalindo Tbk,79.0,79.0,79.0,76.0,78.0,-1.0,489400.0,37916600.0,130.0,0.0,0.0
RIGS,Rig Tenders Indonesia Tbk.,605.0,615.0,615.0,590.0,605.0,0.0,207000.0,124687000.0,73.0,38600.0,0.0
RIMO,Rimo International Lestari Tbk,50.0,0.0,0.0,0.0,50.0,0.0,0.0,0.0,0.0,0.0,0.0
RISE,Jaya Sukses Makmur Sentosa Tbk.,800.0,820.0,950.0,775.0,850.0,50.0,4456500.0,3824178000.0,1811.0,57600.0,383100.0
RLCO,Abadi Lestari Indonesia Tbk.,4280.0,4270.0,4280.0,4210.0,4210.0,-70.0,236200.0,1000482000.0,758.0,500.0,36700.0
RMKE,RMK Energy Tbk.,394.0,394.0,400.0,388.0,400.0,6.0,63188400.0,25036224600.0,2163.0,10490400.0,6940700.0
RMKO,Royaltama Mulia Kontraktorindo Tbk.,322.0,322.0,322.0,308.0,316.0,-6.0,5228100.0,1651413400.0,941.0,734800.0,657500.0
ROCK,Rockfields Properti Indonesia Tbk.,1990.0,1990.0,1995.0,1985.0,1990.0,0.0,14800.0,29412500.0,37.0,0.0,0.0
RODA,Pikko Land Development Tbk.,64.0,64.0,65.0,61.0,63.0,-1.0,20326300.0,1276854700.0,1118.0,4503200.0,101000.0
RONY,Aracord Nusantara Group Tbk.,1470.0,0.0,1470.0,1445.0,1445.0,-25.0,12500.0,18096500.0,28.0,2100.0,0.0
ROTI,Nippon Indosari Corpindo Tbk.,580.0,585.0,590.0,580.0,585.0,5.0,242500.0,141338500.0,147.0,104600.0,72200.0
RSCH,Charlie Hospital Semarang Tbk.,440.0,442.0,444.0,434.0,438.0,-2.0,18202800.0,7991656200.0,1503.0,2896000.0,1591600.0
RSGK,Kedoya Adyaraya Tbk.,1075.0,0.0,1140.0,1015.0,1030.0,-45.0,7000.0,7428000.0,28.0,0.0,300.0
RUIS,Radiant Utama Interinsco Tbk.,202.0,202.0,204.0,200.0,202.0,0.0,866100.0,174660600.0,111.0,1200.0,800.0
RUNS,Global Sukses Solusi Tbk.,68.0,0.0,71.0,66.0,70.0,2.0,1458500.0,99433500.0,201.0,0.0,0.0
SAFE,Steady Safe Tbk,1045.0,0.0,1145.0,1045.0,1045.0,0.0,1001400.0,1095119500.0,321.0,0.0,0.0
SAGE,Saptausaha Gemilangindah Tbk.,30.0,0.0,30.0,29.0,30.0,0.0,2283500.0,68092200.0,167.0,0.0,0.0
SAME,Sarana Meditama Metropolitan Tbk.,294.0,302.0,302.0,290.0,292.0,-2.0,392700.0,115091200.0,133.0,97300.0,67400.0
SAMF,Saraswanti Anugerah Makmur Tbk.,312.0,312.0,314.0,302.0,310.0,-2.0,106700.0,32912600.0,72.0,6300.0,5000.0
SAPX,Satria Antaran Prima Tbk.,306.0,304.0,318.0,288.0,302.0,-4.0,2621700.0,795852800.0,1136.0,426700.0,323300.0
SATU,Kota Satu Properti Tbk.,238.0,0.0,240.0,236.0,240.0,2.0,4520500.0,1075968000.0,90.0,0.0,126800.0
SBAT,Sejahtera Bintang Abadi Textile Tbk.,1.0,0.0,0.0,0.0,1.0,0.0,0.0,0.0,0.0,0.0,0.0
SBMA,Surya Biru Murni Acetylene Tbk.,117.0,118.0,124.0,112.0,114.0,-3.0,3440800.0,404149700.0,691.0,0.0,0.0
SCCO,Supreme Cable Manufacturing & Commerce Tbk.,2620.0,2680.0,2760.0,2620.0,2620.0,0.0,97800.0,263211000.0,144.0,19200.0,8000.0
SCMA,Surya Citra Media Tbk.,184.0,185.0,188.0,181.0,182.0,-2.0,140536000.0,25835736400.0,4995.0,18287100.0,27321700.0
SCNP,Selaras Citra Nusantara Perkasa Tbk.,159.0,159.0,204.0,158.0,168.0,9.0,14656100.0,2646202000.0,3714.0,793300.0,1810300.0
SCPI,Organon Pharma Indonesia Tbk.,29000.0,0.0,0.0,0.0,29000.0,0.0,0.0,0.0,0.0,0.0,0.0
SDMU,Sidomulyo Selaras Tbk.,92.0,92.0,92.0,89.0,89.0,-3.0,5318300.0,476478600.0,555.0,91700.0,589300.0
SDPC,Millennium Pharmacon International Tbk.,193.0,196.0,198.0,193.0,193.0,0.0,27000.0,5285700.0,31.0,0.0,0.0
SDRA,Bank Woori Saudara Indonesia 1906 Tbk.,208.0,0.0,210.0,206.0,210.0,2.0,1226700.0,253424200.0,187.0,81700.0,30000.0
SEMA,Semacom Integrated Tbk.,264.0,0.0,0.0,0.0,264.0,0.0,0.0,0.0,0.0,0.0,0.0
SFAN,Surya Fajar Capital Tbk.,2010.0,0.0,2020.0,2010.0,2020.0,10.0,51100.0,103075000.0,42.0,1500.0,0.0
SGER,Sumber Global Energy Tbk.,700.0,695.0,730.0,695.0,720.0,20.0,53586500.0,38600097500.0,4291.0,6638300.0,7000200.0
SGRO,Prime Agri Resources Tbk.,4540.0,0.0,4620.0,4510.0,4580.0,40.0,9700.0,44008000.0,19.0,0.0,1900.0
SHID,Hotel Sahid Jaya International Tbk.,735.0,0.0,745.0,710.0,740.0,5.0,43300.0,31063500.0,57.0,100.0,0.0
SHIP,Sillo Maritime Perdana Tbk.,2720.0,0.0,2760.0,2630.0,2720.0,0.0,261100.0,688230000.0,73.0,0.0,1500.0
SICO,Sigma Energy Compressindo Tbk.,114.0,114.0,115.0,113.0,115.0,1.0,1501200.0,171702500.0,206.0,6100.0,4300.0
SIDO,Industri Jamu dan Farmasi Sido Muncul Tbk.,354.0,354.0,360.0,352.0,356.0,2.0,54033200.0,19291471800.0,4532.0,12440500.0,14315300.0
SILO,Siloam International Hospitals Tbk.,1960.0,1960.0,2060.0,1955.0,2060.0,100.0,4045400.0,8092322000.0,1639.0,2373400.0,1480600.0
SIMA,Siwani Makmur Tbk,50.0,0.0,0.0,0.0,50.0,0.0,0.0,0.0,0.0,0.0,0.0
SIMP,Salim Ivomas Pratama Tbk.,625.0,625.0,630.0,615.0,615.0,-10.0,8449800.0,5250565500.0,1355.0,2979000.0,2524300.0
SINI,Singaraja Putra Tbk.,16900.0,16900.0,17300.0,16050.0,16450.0,-450.0,6320700.0,105884045000.0,5616.0,1131700.0,1101500.0
SIPD,Sreeya Sewu Indonesia Tbk.,870.0,850.0,900.0,850.0,895.0,25.0,25900.0,22192000.0,32.0,2800.0,0.0
SKBM,Sekar Bumi Tbk.,525.0,525.0,540.0,515.0,530.0,5.0,71200.0,37354000.0,54.0,0.0,15200.0
SKLT,Sekar Laut Tbk.,204.0,0.0,212.0,206.0,206.0,2.0,43200.0,9018400.0,36.0,0.0,0.0
SKRN,Superkrane Mitra Utama Tbk.,408.0,408.0,422.0,398.0,414.0,6.0,248500.0,101403000.0,160.0,19300.0,0.0
SKYB,Northcliff Citranusa Indonesia Tbk.,51.0,0.0,0.0,0.0,51.0,0.0,0.0,0.0,0.0,0.0,0.0
SLIS,Gaya Abadi Sempurna Tbk.,88.0,87.0,88.0,85.0,86.0,-2.0,24169300.0,2086755900.0,1626.0,5918600.0,1192300.0
SMAR,Sinar Mas Agro Resources and Technology Tbk.,6225.0,6275.0,6300.0,6150.0,6200.0,-25.0,43600.0,270510000.0,62.0,2100.0,1000.0
SMBR,Semen Baturaja (Persero) Tbk.,172.0,173.0,175.0,170.0,170.0,-2.0,5757700.0,987541200.0,851.0,934500.0,553700.0
SMCB,Solusi Bangun Indonesia Tbk.,775.0,0.0,0.0,0.0,775.0,0.0,0.0,0.0,0.0,0.0,0.0
SMDM,Suryamas Dutamakmur Tbk.,540.0,530.0,560.0,530.0,530.0,-10.0,36600.0,19657500.0,35.0,0.0,9700.0
SMDR,Samudera Indonesia  Tbk.,394.0,394.0,414.0,392.0,404.0,10.0,75515300.0,30556774800.0,4796.0,24332200.0,14451400.0
SMGA,Sumber Mineral Global Abadi Tbk.,86.0,86.0,86.0,84.0,86.0,0.0,5010900.0,425231400.0,477.0,169600.0,30200.0
SMGR,Semen Indonesia (Persero) Tbk.,1550.0,1570.0,1580.0,1555.0,1560.0,10.0,8790200.0,13756118000.0,2056.0,2444400.0,3429600.0
SMIL,Sarana Mitra Luas Tbk.,426.0,428.0,432.0,420.0,422.0,-4.0,41779300.0,17757593200.0,2356.0,1809500.0,3233900.0
SMKL,Satyamitra Kemas Lestari Tbk.,160.0,161.0,163.0,153.0,159.0,-1.0,956200.0,151343400.0,219.0,61100.0,60900.0
SMKM,Sumber Mas Konstruksi Tbk.,95.0,0.0,97.0,88.0,93.0,-2.0,8389600.0,768389300.0,496.0,0.0,0.0
SMLE,Sinergi Multi Lestarindo Tbk.,210.0,210.0,228.0,208.0,222.0,12.0,35520600.0,7866695800.0,11667.0,4325200.0,3743800.0
SMMA,Sinarmas Multiartha Tbk.,20025.0,0.0,20025.0,20025.0,20025.0,0.0,1200.0,24030000.0,3.0,100.0,1000.0
SMMT,Golden Eagle Energy Tbk.,2910.0,2910.0,3040.0,2860.0,2960.0,50.0,846700.0,2535905000.0,347.0,50600.0,545700.0
SMRA,Summarecon Agung Tbk.,278.0,276.0,284.0,266.0,268.0,-10.0,94896400.0,25992172000.0,4243.0,24004800.0,19434000.0
SMRU,SMR Utama Tbk.,50.0,0.0,0.0,0.0,50.0,0.0,0.0,0.0,0.0,0.0,0.0
SMSM,Selamat Sempurna Tbk.,1720.0,1720.0,1720.0,1690.0,1700.0,-20.0,3862400.0,6575431500.0,2856.0,382500.0,3093800.0
SNLK,Sunter Lakeside Hotel Tbk.,250.0,252.0,256.0,246.0,250.0,0.0,12677000.0,3197787800.0,591.0,822000.0,210100.0
SOCI,Soechi Lines Tbk.,645.0,650.0,705.0,640.0,655.0,10.0,41043700.0,27587268000.0,4396.0,7673700.0,8669900.0
SOFA,Solusi Environment Asia Tbk.,350.0,0.0,380.0,344.0,354.0,4.0,7299200.0,2607657200.0,1356.0,545900.0,1035800.0
SOHO,Soho Global Health Tbk.,1620.0,1585.0,1590.0,1555.0,1570.0,-50.0,46600.0,73452000.0,77.0,12900.0,1000.0
SOLA,Xolare RCR Energy Tbk.,89.0,88.0,89.0,85.0,89.0,0.0,3479700.0,304608100.0,473.0,698400.0,302200.0
SONA,Sona Topas Tourism Industry Tbk.,2300.0,0.0,2520.0,2400.0,2510.0,210.0,30000.0,74651000.0,23.0,0.0,0.0
SOSS,ALSOK Indonesia Services Tbk.,935.0,0.0,0.0,0.0,935.0,0.0,0.0,0.0,0.0,0.0,0.0
SOTS,Satria Mega Kencana Tbk.,600.0,605.0,605.0,585.0,590.0,-10.0,126500.0,75062000.0,60.0,0.0,23800.0
SOUL,Mitra Tirta Buwana Tbk.,37.0,0.0,0.0,0.0,37.0,0.0,0.0,0.0,0.0,0.0,0.0
SPMA,Suparma Tbk.,170.0,171.0,171.0,169.0,169.0,-1.0,165600.0,28026900.0,82.0,46000.0,0.0
SPRE,Soraya Berjaya Indonesia Tbk.,98.0,0.0,98.0,94.0,97.0,-1.0,3931100.0,379024100.0,340.0,0.0,0.0
SPTO,Surya Pertiwi Tbk.,600.0,600.0,610.0,600.0,605.0,5.0,497800.0,301633500.0,177.0,4100.0,200.0
SQMI,Wilton Makmur Indonesia Tbk.,99.0,101.0,123.0,98.0,109.0,10.0,1800324500.0,200162310500.0,51241.0,315401200.0,276817900.0
SRAJ,Sejahteraraya Anugrahjaya Tbk.,12900.0,0.0,13150.0,12900.0,13000.0,100.0,1700.0,22045000.0,10.0,0.0,800.0
SRIL,Sri Rejeki Isman Tbk.,146.0,0.0,0.0,0.0,146.0,0.0,0.0,0.0,0.0,0.0,0.0
SRSN,Indo Acidatama Tbk,129.0,131.0,132.0,121.0,124.0,-5.0,376010800.0,47209016500.0,16340.0,77856200.0,105362900.0
SRTG,Saratoga Investama Sedaya Tbk.,1845.0,1845.0,1845.0,1790.0,1800.0,-45.0,2389800.0,4313384000.0,1084.0,78600.0,1249800.0
SSIA,Surya Semesta Internusa Tbk.,1730.0,1730.0,1730.0,1660.0,1680.0,-50.0,15135200.0,25540304500.0,4432.0,351300.0,1666300.0
SSMS,Sawit Sumbermas Sarana Tbk.,1180.0,1180.0,1190.0,1110.0,1110.0,-70.0,8920300.0,10213101000.0,1326.0,856100.0,1596200.0
SSTM,Sunson Textile Manufacture Tbk,460.0,460.0,490.0,456.0,470.0,10.0,110700.0,52297800.0,136.0,28400.0,0.0
STAA,Sumber Tani Agung Resources Tbk.,1200.0,1200.0,1220.0,1195.0,1195.0,-5.0,3436400.0,4149180000.0,458.0,908800.0,675100.0
STAR,Calculus Global Ventures Tbk.,380.0,0.0,380.0,368.0,380.0,0.0,115400.0,43266000.0,34.0,15100.0,8100.0
STRK,Lovina Beach Brewery Tbk.,62.0,62.0,64.0,61.0,62.0,0.0,5114100.0,320382300.0,301.0,2838500.0,277900.0
STTP,Siantar Top Tbk.,9375.0,9375.0,9425.0,9375.0,9375.0,0.0,300.0,2817500.0,3.0,0.0,0.0
SUGI,Sugih Energy Tbk.,50.0,0.0,0.0,0.0,50.0,0.0,0.0,0.0,0.0,0.0,0.0
SULI,SLJ Global Tbk.,85.0,85.0,87.0,85.0,86.0,1.0,2026900.0,174529100.0,251.0,233800.0,53800.0
SUNI,Sunindo Pratama Tbk.,680.0,685.0,690.0,665.0,680.0,0.0,285600.0,193759000.0,126.0,1200.0,14300.0
SUPA,Super Bank Indonesia Tbk.,500.0,496.0,498.0,490.0,490.0,-10.0,11371900.0,5595207200.0,2075.0,403300.0,1282300.0
SUPR,Solusi Tunas Pratama Tbk.,43850.0,0.0,0.0,0.0,43850.0,0.0,0.0,0.0,0.0,0.0,0.0
SURE,Super Energy Tbk.,3000.0,0.0,2910.0,2900.0,2910.0,-90.0,500.0,1453000.0,3.0,0.0,0.0
SURI,Maja Agung Latexindo Tbk.,84.0,84.0,85.0,83.0,85.0,1.0,2332900.0,195919800.0,353.0,7300.0,4800.0
SWAT,Sriwahana Adityakarta Tbk.,16.0,0.0,0.0,0.0,16.0,0.0,0.0,0.0,0.0,0.0,0.0
SWID,Saraswanti Indoland Development Tbk.,124.0,124.0,129.0,122.0,127.0,3.0,6174700.0,775959100.0,592.0,2165700.0,704400.0
TALF,Tunas Alfin Tbk.,680.0,680.0,690.0,675.0,685.0,5.0,50300.0,34260500.0,68.0,0.0,0.0
TAMA,Lancartama Sejati Tbk.,202.0,0.0,202.0,200.0,200.0,-2.0,863500.0,173591000.0,104.0,0.0,0.0
TAMU,Pelayaran Tamarin Samudra Tbk.,26.0,0.0,27.0,26.0,26.0,0.0,5013800.0,131262400.0,193.0,0.0,0.0
TAPG,Triputra Agro Persada Tbk.,2210.0,2210.0,2230.0,2150.0,2170.0,-40.0,15768200.0,34423390000.0,3930.0,11045500.0,1427800.0
TARA,Agung Semesta Sejahtera Tbk.,31.0,0.0,31.0,30.0,30.0,-1.0,1412300.0,43510700.0,62.0,0.0,0.0
TAXI,Express Transindo Utama Tbk.,14.0,0.0,14.0,14.0,14.0,0.0,25475500.0,356657000.0,295.0,0.0,0.0
TAYS,Jaya Swarasa Agung Tbk.,50.0,0.0,0.0,0.0,50.0,0.0,0.0,0.0,0.0,0.0,0.0
TBIG,Tower Bersama Infrastructure Tbk.,1470.0,1470.0,1480.0,1435.0,1465.0,-5.0,569000.0,831461500.0,117.0,389600.0,499600.0
TBLA,Tunas Baru Lampung Tbk.,630.0,630.0,630.0,615.0,625.0,-5.0,1122400.0,698364500.0,284.0,232900.0,338200.0
TBMS,Tembaga Mulia Semanan Tbk.,1245.0,1245.0,1250.0,1230.0,1240.0,-5.0,37400.0,46491000.0,29.0,0.0,500.0
TCID,Mandom Indonesia Tbk.,2540.0,0.0,2580.0,2530.0,2570.0,30.0,600.0,1529000.0,6.0,0.0,0.0
TCPI,Transcoal Pacific Tbk.,1450.0,1450.0,1650.0,1435.0,1555.0,105.0,6737200.0,10342745000.0,4011.0,4034600.0,3263300.0
TDPM,Tianrong Chemicals Industry Tbk.,119.0,0.0,0.0,0.0,119.0,0.0,0.0,0.0,0.0,0.0,0.0
TEBE,Dana Brata Luhur Tbk.,2080.0,0.0,0.0,0.0,2080.0,0.0,0.0,0.0,0.0,0.0,0.0
TECH,Indosterling Technomedia Tbk.,50.0,0.0,0.0,0.0,50.0,0.0,0.0,0.0,0.0,0.0,0.0
TELE,Omni Inovasi Indonesia Tbk.,9.0,0.0,0.0,0.0,9.0,0.0,0.0,0.0,0.0,0.0,0.0
TFAS,Telefast Indonesia Tbk.,187.0,187.0,226.0,186.0,190.0,3.0,15146000.0,3160977800.0,3207.0,489300.0,494900.0
TFCO,Tifico Fiber Indonesia Tbk.,800.0,0.0,850.0,800.0,850.0,50.0,3300.0,2645000.0,5.0,0.0,0.0
TGKA,Tigaraksa Satria Tbk.,5000.0,0.0,5075.0,4800.0,5075.0,75.0,700.0,3448500.0,7.0,0.0,0.0
TGRA,Terregra Asia Energy Tbk.,27.0,0.0,0.0,0.0,27.0,0.0,0.0,0.0,0.0,0.0,0.0
TGUK,Platinum Wahab Nusantara Tbk.,101.0,0.0,111.0,100.0,111.0,10.0,4712700.0,502852100.0,216.0,0.0,0.0
TIFA,KDB Tifa Finance Tbk.,310.0,312.0,334.0,308.0,312.0,2.0,218900.0,69484800.0,207.0,37200.0,5800.0
TINS,TIMAH (Persero) Tbk.,4750.0,4800.0,5000.0,4720.0,4900.0,150.0,63138200.0,308341865000.0,15561.0,26469200.0,16306000.0
TIRA,Tira Austenite Tbk,390.0,0.0,400.0,380.0,388.0,-2.0,134600.0,52039000.0,98.0,0.0,0.0
TIRT,Tirta Mahakam Resources Tbk,590.0,0.0,0.0,0.0,590.0,0.0,0.0,0.0,0.0,0.0,0.0
TKIM,Pabrik Kertas Tjiwi Kimia Tbk.,7525.0,7550.0,7700.0,7175.0,7500.0,-25.0,2791200.0,20727122500.0,1660.0,1042500.0,715300.0
TLDN,Teladan Prima Agro Tbk.,620.0,620.0,620.0,605.0,610.0,-10.0,742200.0,452390000.0,373.0,63300.0,165500.0
TLKM,Telkom Indonesia (Persero) Tbk.,2560.0,2540.0,2550.0,2500.0,2500.0,-60.0,73848400.0,185557029000.0,22343.0,15643600.0,61261400.0
TMAS,Temas Tbk.,144.0,144.0,150.0,144.0,147.0,3.0,12002700.0,1766552700.0,660.0,2857800.0,5977900.0
TMPO,Tempo Intimedia Tbk.,151.0,151.0,153.0,150.0,150.0,-1.0,3541900.0,534429700.0,541.0,986000.0,577700.0
TNCA,Trimuda Nuansa Citra Tbk.,180.0,184.0,193.0,181.0,187.0,7.0,2545300.0,476906200.0,824.0,0.0,0.0
TOBA,TBS Energi Utama Tbk.,510.0,510.0,525.0,505.0,505.0,-5.0,5052800.0,2583793000.0,1266.0,1031900.0,601000.0
TOOL,Rohartindo Nusantara Luas Tbk.,71.0,72.0,73.0,70.0,71.0,0.0,12827600.0,918041000.0,908.0,275600.0,525300.0
TOPS,Totalindo Eka Persada Tbk.,1.0,0.0,0.0,0.0,1.0,0.0,0.0,0.0,0.0,0.0,0.0
TOSK,Topindo Solusi Komunika Tbk.,82.0,83.0,87.0,82.0,83.0,1.0,54427100.0,4579900100.0,3505.0,1155400.0,8320800.0
TOTL,Total Bangun Persada Tbk.,1545.0,1545.0,1620.0,1545.0,1600.0,55.0,5258300.0,8380669000.0,1575.0,2306200.0,644500.0
TOTO,Surya Toto Indonesia Tbk.,242.0,242.0,244.0,238.0,242.0,0.0,160400.0,38648000.0,211.0,6000.0,2800.0
TOWR,Sarana Menara Nusantara Tbk.,414.0,414.0,420.0,410.0,414.0,0.0,58756100.0,24315254600.0,3414.0,15443800.0,24117600.0
TOYS,Sunindo Adipersada Tbk.,8.0,0.0,0.0,0.0,8.0,0.0,0.0,0.0,0.0,0.0,0.0
TPIA,Chandra Asri Pacific Tbk.,1835.0,1845.0,1910.0,1845.0,1880.0,45.0,181223400.0,341688584000.0,25910.0,68335400.0,56949400.0
TPMA,Trans Power Marine Tbk.,476.0,478.0,478.0,464.0,468.0,-8.0,1273700.0,598641600.0,425.0,166100.0,28100.0
TRAM,Trada Alam Minera Tbk.,50.0,0.0,0.0,0.0,50.0,0.0,0.0,0.0,0.0,0.0,0.0
TRGU,Cerestar Indonesia Tbk.,170.0,0.0,173.0,170.0,171.0,1.0,25600.0,4380600.0,20.0,0.0,0.0
TRIL,Triwira Insanlestari Tbk.,50.0,0.0,0.0,0.0,50.0,0.0,0.0,0.0,0.0,0.0,0.0
TRIM,Trimegah Sekuritas Indonesia Tbk.,840.0,875.0,875.0,820.0,845.0,5.0,1765600.0,1483171500.0,305.0,183300.0,36900.0
TRIN,Perintis Triniti Properti Tbk.,358.0,362.0,412.0,358.0,400.0,42.0,164128500.0,64409323200.0,17831.0,24202700.0,14043200.0
TRIO,Trikomsel Oke Tbk.,426.0,0.0,0.0,0.0,426.0,0.0,0.0,0.0,0.0,0.0,0.0
TRIS,Trisula International Tbk.,172.0,172.0,175.0,171.0,172.0,0.0,1411400.0,244116900.0,147.0,27600.0,0.0
TRJA,Transkon Jaya Tbk.,129.0,129.0,129.0,122.0,126.0,-3.0,2957400.0,368831300.0,769.0,81100.0,0.0
TRON,Teknologi Karya Digital Nusa Tbk.,102.0,103.0,104.0,101.0,103.0,1.0,7723000.0,786726000.0,766.0,1354400.0,404300.0
TRST,Trias Sentosa Tbk.,474.0,0.0,490.0,462.0,490.0,16.0,29100.0,14024000.0,15.0,0.0,3300.0
TRUE,Triniti Dinamik Tbk.,67.0,75.0,90.0,73.0,90.0,23.0,1376776300.0,115541021700.0,49268.0,104650900.0,114210000.0
TRUK,Guna Timur Raya Tbk.,1420.0,0.0,1560.0,1560.0,1560.0,140.0,62700.0,97812000.0,31.0,0.0,0.0
TRUS,Trust Finance Indonesia Tbk,442.0,442.0,468.0,442.0,460.0,18.0,47600.0,21624600.0,63.0,0.0,0.0
TSPC,Tempo Scan Pacific Tbk.,2770.0,2800.0,2800.0,2750.0,2750.0,-20.0,227800.0,631800000.0,141.0,600.0,120800.0
TUGU,Asuransi Tugu Pratama Indonesia Tbk.,1590.0,1590.0,1655.0,1560.0,1635.0,45.0,3430100.0,5562051500.0,847.0,325000.0,548300.0
TYRE,King Tire Indonesia Tbk.,112.0,112.0,113.0,110.0,112.0,0.0,498200.0,55126900.0,110.0,21100.0,39600.0
UANG,Pakuan Tbk.,3950.0,3980.0,4340.0,3900.0,3920.0,-30.0,755800.0,3080903000.0,1162.0,43100.0,82200.0
UCID,Uni-Charm Indonesia Tbk.,510.0,510.0,510.0,498.0,500.0,-10.0,265900.0,133072500.0,146.0,92500.0,0.0
UDNG,Agro Bahari Nusantara Tbk.,490.0,0.0,500.0,476.0,494.0,4.0,6596800.0,3240699400.0,1706.0,808500.0,648100.0
UFOE,Damai Sejahtera Abadi Tbk.,143.0,146.0,146.0,140.0,142.0,-1.0,1015900.0,143415500.0,222.0,66900.0,0.0
ULTJ,Ultrajaya Milk Industry & Trading Company Tbk.,2060.0,2090.0,2130.0,2030.0,2110.0,50.0,49806800.0,103640290000.0,11178.0,12651500.0,8696800.0
UNIC,Unggul Indah Cahaya Tbk.,15000.0,0.0,15025.0,14975.0,14975.0,-25.0,4400.0,65952500.0,15.0,0.0,1900.0
UNIQ,Ulima Nitra Tbk.,122.0,124.0,126.0,122.0,126.0,4.0,2219100.0,277122500.0,235.0,115200.0,3000.0
UNIT,Nusantara Inti Corpora Tbk,316.0,0.0,0.0,0.0,316.0,0.0,0.0,0.0,0.0,0.0,0.0
UNSP,Bakrie Sumatera Plantations Tbk.,206.0,0.0,0.0,0.0,206.0,0.0,0.0,0.0,0.0,0.0,0.0
UNTD,Terang Dunia Internusa Tbk.,78.0,78.0,79.0,77.0,78.0,0.0,11916000.0,929241300.0,398.0,603000.0,414300.0
UNTR,United Tractors Tbk.,24825.0,25125.0,25200.0,24600.0,24700.0,-125.0,2826000.0,70219517500.0,4736.0,2145300.0,2302600.0
UNVR,Unilever Indonesia Tbk.,1650.0,1650.0,1655.0,1620.0,1620.0,-30.0,9360200.0,15225591500.0,4269.0,3031200.0,7060500.0
URBN,Urban Jakarta Propertindo Tbk.,230.0,0.0,252.0,232.0,252.0,22.0,896100.0,223074600.0,134.0,0.0,41000.0
UVCR,Trimegah Karya Pratama Tbk.,178.0,179.0,192.0,179.0,188.0,10.0,131717700.0,24487129600.0,5582.0,23864300.0,17425400.0
VAST,Vastland Indonesia Tbk.,122.0,122.0,122.0,116.0,120.0,-2.0,12926700.0,1536195200.0,1032.0,45400.0,44700.0
VERN,Verona Indah Pictures Tbk.,230.0,230.0,244.0,230.0,244.0,14.0,27946200.0,6619263800.0,5167.0,5894200.0,2407900.0
VICI,Victoria Care Indonesia Tbk.,1140.0,1140.0,1145.0,990.0,1065.0,-75.0,7365700.0,7934854000.0,1165.0,2056900.0,524900.0
VICO,Victoria Investama Tbk.,172.0,172.0,173.0,168.0,170.0,-2.0,265000.0,44919400.0,124.0,0.0,0.0
VINS,Victoria Insurance Tbk.,143.0,0.0,157.0,142.0,150.0,7.0,1109300.0,165670400.0,311.0,109900.0,55100.0
VISI,Satu Visi Putra Tbk.,1215.0,1210.0,1335.0,1190.0,1225.0,10.0,6168400.0,7772628000.0,1323.0,819200.0,280900.0
VIVA,Visi Media Asia Tbk.,41.0,0.0,41.0,40.0,40.0,-1.0,11174900.0,448013100.0,370.0,1575000.0,830000.0
VKTR,VKTR Teknologi Mobilitas Tbk.,785.0,795.0,815.0,765.0,780.0,-5.0,59073600.0,46842112500.0,10098.0,15055100.0,9797800.0
VOKS,Voksel Electric Tbk.,284.0,284.0,296.0,272.0,274.0,-10.0,664800.0,185064000.0,299.0,86700.0,68000.0
VRNA,Mizuho Leasing Indonesia Tbk.,85.0,87.0,87.0,84.0,85.0,0.0,2752200.0,235917900.0,214.0,89600.0,1800.0
VTNY,Venteny Fortuna International Tbk.,74.0,75.0,76.0,73.0,75.0,1.0,27226600.0,2035588800.0,594.0,2423600.0,300600.0
WAPO,Wahana Pronatural Tbk.,232.0,226.0,274.0,214.0,258.0,26.0,18889600.0,4776164200.0,4327.0,1384800.0,1117000.0
WBSA,BSA Logistics Indonesia Tbk.,645.0,645.0,665.0,640.0,660.0,15.0,15750200.0,10259861500.0,4516.0,6231600.0,5930500.0
WEGE,Wijaya Karya Bangunan Gedung Tbk.,50.0,50.0,50.0,50.0,50.0,0.0,247200.0,12360000.0,49.0,0.0,0.0
WEHA,WEHA Transportasi Indonesia Tbk.,113.0,114.0,115.0,112.0,114.0,1.0,4249200.0,481100700.0,929.0,27300.0,25100.0
WGSH,Wira Global Solusi Tbk.,123.0,0.0,132.0,121.0,121.0,-2.0,15810900.0,1959007100.0,1673.0,2719400.0,1756700.0
WICO,Wicaksana Overseas International Tbk.,123.0,0.0,0.0,0.0,123.0,0.0,0.0,0.0,0.0,0.0,0.0
WIDI,Widiant Jaya Krenindo Tbk.,28.0,0.0,28.0,26.0,27.0,-1.0,8362600.0,225407100.0,371.0,0.0,0.0
WIFI,Solusi Sinergi Digital Tbk.,1930.0,1910.0,1920.0,1885.0,1890.0,-40.0,10362000.0,19708996000.0,3329.0,435000.0,996700.0
WIIM,Wismilak Inti Makmur Tbk.,1395.0,1395.0,1475.0,1390.0,1470.0,75.0,4847400.0,6976237500.0,1159.0,2159400.0,890700.0
WIKA,Wijaya Karya (Persero) Tbk.,204.0,0.0,0.0,0.0,204.0,0.0,0.0,0.0,0.0,0.0,0.0
WINE,Hatten Bali Tbk.,129.0,129.0,131.0,129.0,129.0,0.0,591600.0,76774200.0,95.0,181400.0,1000.0
WINR,Winner Nusantara Jaya Tbk.,23.0,0.0,25.0,24.0,25.0,2.0,15098300.0,371772900.0,352.0,0.0,0.0
WINS,Wintermar Offshore Marine Tbk.,610.0,615.0,615.0,580.0,585.0,-25.0,2594000.0,1533624500.0,450.0,642000.0,783900.0
WIRG,WIR ASIA Tbk.,73.0,73.0,74.0,70.0,70.0,-3.0,133460600.0,9525850400.0,14626.0,8626400.0,13712800.0
WMPP,Widodo Makmur Perkasa Tbk.,28.0,0.0,28.0,28.0,28.0,0.0,16659200.0,466457600.0,326.0,0.0,0.0
WMUU,Widodo Makmur Unggas Tbk.,50.0,50.0,50.0,50.0,50.0,0.0,1198400.0,59920000.0,359.0,0.0,0.0
WOMF,Wahana Ottomitra Multiartha Tbk.,280.0,0.0,284.0,278.0,282.0,2.0,112100.0,31498400.0,58.0,15400.0,0.0
WOOD,Integra Indocabinet Tbk.,196.0,196.0,198.0,195.0,197.0,1.0,2182500.0,426820500.0,293.0,6300.0,10000.0
WOWS,Ginting Jaya Energi Tbk.,53.0,54.0,57.0,52.0,54.0,1.0,32892600.0,1800667600.0,9226.0,580800.0,2576700.0
WSBP,Waskita Beton Precast Tbk.,14.0,0.0,0.0,0.0,14.0,0.0,0.0,0.0,0.0,0.0,0.0
WSKT,Waskita Karya (Persero) Tbk.,202.0,0.0,0.0,0.0,202.0,0.0,0.0,0.0,0.0,0.0,0.0
WTON,Wijaya Karya Beton Tbk.,78.0,78.0,79.0,77.0,78.0,0.0,1654700.0,128719800.0,239.0,5300.0,146800.0
YELO,Yelooo Integra Datanet Tbk.,92.0,93.0,93.0,91.0,91.0,-1.0,14475700.0,1325490100.0,1023.0,1050800.0,1120000.0
YOII,Asuransi Digital Bersama Tbk.,81.0,81.0,83.0,81.0,82.0,1.0,2475400.0,202242000.0,192.0,176200.0,5600.0
YPAS,Yanaprima Hastapersada Tbk,1340.0,1345.0,1375.0,1325.0,1340.0,0.0,31800.0,42852500.0,81.0,0.0,0.0
YULE,Yulie Sekuritas Indonesia Tbk.,3600.0,0.0,3600.0,3600.0,3600.0,0.0,30200.0,108720000.0,10.0,0.0,0.0
YUPI,Yupi Indo Jelly Gum Tbk.,1295.0,1310.0,1340.0,1280.0,1285.0,-10.0,40300.0,52254500.0,92.0,0.0,2400.0
ZATA,Bersama Zatta Jaya Tbk.,63.0,62.0,65.0,60.0,62.0,-1.0,80909900.0,5016042700.0,4194.0,13864600.0,15082300.0
ZBRA,Dosni Roha Indonesia Tbk.,50.0,0.0,0.0,0.0,50.0,0.0,0.0,0.0,0.0,0.0,0.0
ZINC,Kapuas Prima Coal Tbk.,30.0,0.0,0.0,0.0,30.0,0.0,0.0,0.0,0.0,0.0,0.0
ZONE,Mega Perintis Tbk.,695.0,695.0,710.0,695.0,700.0,5.0,13800.0,9677500.0,16.0,0.0,0.0
ZYRX,Zyrexindo Mandiri Buana Tbk.,129.0,129.0,130.0,128.0,130.0,1.0,176800.0,22783400.0,141.0,2000.0,2000.0
