Stock Code,Company Name,Previous,Open Price,High,Low,Close,Change,Volume,Value,Frequency,Foreign Buy,Foreign Sell
AADI,Adaro Andalan Indonesia Tbk.,12400.0,12400.0,12475.0,12225.0,12375.0,-25.0,7462500.0,92182637500.0,5705.0,4890700.0,3504600.0
AALI,Astra Agro Lestari Tbk.,8625.0,8625.0,8700.0,8575.0,8675.0,50.0,1857900.0,16048505000.0,1110.0,1217900.0,244100.0
ABBA,Mahaka Media Tbk.,30.0,0.0,0.0,0.0,30.0,0.0,0.0,0.0,0.0,0.0,0.0
ABDA,Asuransi Bina Dana Arta Tbk.,4970.0,0.0,4970.0,4970.0,4970.0,0.0,800.0,3976000.0,4.0,0.0,0.0
ABMM,ABM Investama Tbk.,2800.0,2800.0,2850.0,2770.0,2790.0,-10.0,859200.0,2405779000.0,420.0,178400.0,182700.0
ACES,Aspirasi Hidup Indonesia Tbk.,350.0,352.0,352.0,346.0,352.0,2.0,7562100.0,2643434400.0,2122.0,2167900.0,2981800.0
ACRO,Samcro Hyosung Adilestari Tbk.,64.0,64.0,65.0,63.0,64.0,0.0,4351100.0,278226400.0,334.0,323200.0,18000.0
ACST,Acset Indonusa Tbk.,106.0,0.0,106.0,104.0,105.0,-1.0,313000.0,33034500.0,44.0,0.0,15500.0
ADCP,Adhi Commuter Properti Tbk.,50.0,0.0,0.0,0.0,50.0,0.0,0.0,0.0,0.0,0.0,0.0
ADES,Akasha Wira International Tbk.,31975.0,0.0,32500.0,31900.0,32500.0,525.0,13500.0,433470000.0,28.0,0.0,0.0
ADHI,Adhi Karya (Persero) Tbk.,133.0,0.0,0.0,0.0,133.0,0.0,0.0,0.0,0.0,0.0,0.0
ADMF,Adira Dinamika Multi Finance Tbk.,8750.0,8650.0,8750.0,8625.0,8700.0,-50.0,30800.0,267047500.0,85.0,1100.0,0.0
ADMG,Polychem Indonesia Tbk,252.0,254.0,256.0,248.0,250.0,-2.0,1059900.0,264804600.0,153.0,1000.0,0.0
ADMR,Alamtri Minerals Indonesia Tbk.,1510.0,1510.0,1590.0,1505.0,1570.0,60.0,40031500.0,62021849500.0,7740.0,14362000.0,8886900.0
ADRO,Alamtri Resources Indonesia Tbk.,2600.0,2600.0,2700.0,2590.0,2670.0,70.0,43351000.0,115399226000.0,10879.0,14237700.0,15938400.0
AEGS,Anugerah Spareparts Sejahtera Tbk.,51.0,0.0,51.0,49.0,50.0,-1.0,972700.0,48322900.0,107.0,10100.0,0.0
AGAR,Asia Sejahtera Mina Tbk.,2530.0,2530.0,2530.0,2160.0,2160.0,-370.0,1610200.0,3674264000.0,2315.0,64300.0,52100.0
AGII,Samator Indo Gas Tbk.,3300.0,3300.0,3580.0,3260.0,3390.0,90.0,2703100.0,9218305000.0,1125.0,0.0,888500.0
AGRO,Bank Raya Indonesia Tbk.,146.0,147.0,148.0,145.0,145.0,-1.0,3886500.0,567603800.0,447.0,29700.0,676400.0
AGRS,Bank IBK Indonesia Tbk.,59.0,59.0,60.0,59.0,60.0,1.0,2168400.0,127983600.0,108.0,0.0,3000.0
AHAP,Asuransi Harta Aman Pratama Tbk.,112.0,112.0,120.0,111.0,115.0,3.0,67673500.0,7799434500.0,4647.0,11808500.0,3782800.0
AIMS,Artha Mahiya Investama Tbk.,482.0,0.0,550.0,488.0,505.0,23.0,654200.0,338655700.0,449.0,0.0,0.0
AISA,FKS Food Sejahtera Tbk.,116.0,117.0,121.0,115.0,117.0,1.0,11256600.0,1327349600.0,1399.0,469300.0,795600.0
AKKU,Anugerah Kagum Karya Utama Tbk.,38.0,0.0,0.0,0.0,38.0,0.0,0.0,0.0,0.0,0.0,0.0
AKPI,Argha Karya Prima Industry Tbk.,550.0,560.0,560.0,540.0,545.0,-5.0,345600.0,189117000.0,65.0,2400.0,0.0
AKRA,AKR Corporindo Tbk.,1475.0,1475.0,1475.0,1460.0,1470.0,-5.0,6274600.0,9199324500.0,1954.0,3307100.0,2903100.0
AKSI,Mineral Sumberdaya Mandiri Tbk.,370.0,372.0,410.0,362.0,382.0,12.0,3402700.0,1322844800.0,1246.0,253200.0,274900.0
ALDO,Alkindo Naratama Tbk.,960.0,0.0,960.0,920.0,955.0,-5.0,20300.0,19215500.0,53.0,0.0,0.0
ALII,Ancara Logistics Indonesia Tbk.,725.0,720.0,730.0,695.0,715.0,-10.0,841300.0,595075500.0,298.0,281800.0,2600.0
ALKA,Alakasa Industrindo Tbk,7400.0,0.0,0.0,0.0,7400.0,0.0,0.0,0.0,0.0,0.0,0.0
ALMI,Alumindo Light Metal Industry Tbk.,74.0,0.0,0.0,0.0,74.0,0.0,0.0,0.0,0.0,0.0,0.0
ALTO,Tri Banyan Tirta Tbk.,18.0,0.0,0.0,0.0,18.0,0.0,0.0,0.0,0.0,0.0,0.0
AMAG,Asuransi Multi Artha Guna Tbk.,388.0,388.0,388.0,386.0,388.0,0.0,71100.0,27449200.0,23.0,0.0,0.0
AMAN,Makmur Berkah Amanda Tbk.,222.0,222.0,228.0,212.0,226.0,4.0,527800.0,116452400.0,124.0,1500.0,169900.0
AMAR,Bank Amar Indonesia Tbk.,234.0,234.0,238.0,232.0,238.0,4.0,1167600.0,273708400.0,98.0,0.0,4500.0
AMFG,Asahimas Flat Glass Tbk.,3250.0,0.0,3330.0,3310.0,3320.0,70.0,400.0,1329000.0,4.0,0.0,200.0
AMIN,Ateliers Mecaniques D Indonesie Tbk.,246.0,246.0,268.0,242.0,250.0,4.0,244100.0,60926600.0,253.0,8100.0,14100.0
AMMN,Amman Mineral Internasional Tbk.,5150.0,5125.0,5200.0,4870.0,4900.0,-250.0,121576900.0,602597867500.0,35753.0,25129300.0,54889600.0
AMMS,Agung Menjangan Mas Tbk.,206.0,0.0,222.0,196.0,214.0,8.0,307800.0,65826100.0,155.0,0.0,0.0
AMOR,Ashmore Asset Management Indonesia Tbk.,370.0,370.0,372.0,366.0,370.0,0.0,115200.0,42539600.0,48.0,9700.0,3200.0
AMRT,Sumber Alfaria Trijaya Tbk.,1300.0,1300.0,1325.0,1295.0,1325.0,25.0,21271800.0,27943871500.0,3542.0,17034500.0,8386100.0
ANDI,Andira Agro Tbk.,20.0,0.0,21.0,21.0,21.0,1.0,5360200.0,112564200.0,145.0,0.0,0.0
ANJT,Austindo Nusantara Jaya Tbk.,1600.0,1595.0,1610.0,1585.0,1590.0,-10.0,68800.0,110017000.0,29.0,0.0,0.0
ANTM,ANTAM (Persero) Tbk.,3220.0,3250.0,3290.0,3190.0,3280.0,60.0,71211300.0,231338078000.0,16985.0,35928000.0,29218900.0
APEX,Apexindo Pratama Duta Tbk.,192.0,192.0,197.0,187.0,193.0,1.0,10848300.0,2077551500.0,953.0,2705100.0,1024900.0
APIC,Pacific Strategic Financial Tbk.,404.0,404.0,414.0,396.0,412.0,8.0,2263200.0,917187000.0,492.0,909000.0,1083100.0
APII,Arita Prima Indonesia Tbk.,195.0,198.0,210.0,191.0,206.0,11.0,4768800.0,949798100.0,817.0,22400.0,13000.0
APLI,Asiaplast Industries Tbk.,292.0,300.0,300.0,278.0,286.0,-6.0,508900.0,145639200.0,173.0,15400.0,115300.0
APLN,Agung Podomoro Land Tbk.,128.0,127.0,129.0,125.0,127.0,-1.0,11197800.0,1416543700.0,821.0,2935100.0,1114400.0
ARCI,Archi Indonesia Tbk.,1330.0,1330.0,1345.0,1305.0,1340.0,10.0,25703200.0,34148943000.0,7928.0,6411200.0,4870700.0
AREA,Dunia Virtual Online Tbk.,314.0,0.0,360.0,306.0,328.0,14.0,11270800.0,3786176000.0,2339.0,648800.0,452400.0
ARGO,Argo Pantes Tbk,1150.0,1155.0,1165.0,1155.0,1155.0,5.0,110500.0,128382000.0,82.0,0.0,0.0
ARII,Atlas Resources Tbk.,304.0,304.0,304.0,290.0,296.0,-8.0,177100.0,52205800.0,89.0,0.0,17300.0
ARKA,Arkha Jayanti Persada Tbk.,22.0,0.0,0.0,0.0,22.0,0.0,0.0,0.0,0.0,0.0,0.0
ARKO,Arkora Hydro Tbk.,3970.0,3870.0,4070.0,3780.0,3950.0,-20.0,5881300.0,22861767000.0,3068.0,2198900.0,1648900.0
ARMY,Armidian Karyatama Tbk.,50.0,0.0,0.0,0.0,50.0,0.0,0.0,0.0,0.0,0.0,0.0
ARNA,Arwana Citramulia Tbk.,510.0,505.0,515.0,500.0,510.0,0.0,2351500.0,1195775000.0,522.0,1280000.0,937000.0
ARTA,Arthavest Tbk,2230.0,0.0,2390.0,2170.0,2340.0,110.0,30800.0,69753000.0,58.0,3300.0,10000.0
ARTI,Ratu Prabu Energi Tbk,2.0,0.0,0.0,0.0,2.0,0.0,0.0,0.0,0.0,0.0,0.0
ARTO,Bank Jago Tbk.,910.0,910.0,955.0,910.0,945.0,35.0,13014200.0,12250768500.0,2829.0,6509300.0,2888100.0
ASBI,Asuransi Bintang Tbk.,400.0,0.0,406.0,396.0,400.0,0.0,29700.0,11912000.0,28.0,0.0,0.0
ASDM,Asuransi Dayin Mitra Tbk.,520.0,0.0,520.0,515.0,515.0,-5.0,5200.0,2688000.0,9.0,0.0,0.0
ASGR,Astra Graphia Tbk.,2090.0,2090.0,2160.0,2080.0,2160.0,70.0,1164300.0,2465937000.0,1059.0,375400.0,94700.0
ASHA,Cilacap Samudera Fishing Industry Tbk.,56.0,56.0,57.0,54.0,55.0,-1.0,56367000.0,3136121000.0,17618.0,155200.0,17054800.0
ASII,Astra International Tbk.,4850.0,4870.0,4920.0,4860.0,4900.0,50.0,20770400.0,101596267000.0,6217.0,17065500.0,16503400.0
ASJT,Asuransi Jasa Tania Tbk.,162.0,0.0,165.0,161.0,161.0,-1.0,304100.0,49222100.0,64.0,0.0,0.0
ASLC,Autopedia Sukses Lestari Tbk.,66.0,66.0,67.0,64.0,65.0,-1.0,5983200.0,390221300.0,349.0,9100.0,19200.0
ASLI,Asri Karya Lestari Tbk.,360.0,360.0,450.0,356.0,390.0,30.0,336695400.0,140661695400.0,26884.0,74521600.0,21930800.0
ASMI,Asuransi Maximus Graha Persada Tbk.,15.0,0.0,15.0,14.0,15.0,0.0,5931500.0,87900900.0,163.0,0.0,0.0
ASPI,Andalan Sakti Primaindo Tbk.,510.0,540.0,635.0,510.0,635.0,125.0,8755100.0,5228632500.0,1916.0,135300.0,126200.0
ASPR,Asia Pramulia Tbk.,149.0,146.0,149.0,140.0,143.0,-6.0,25943800.0,3700087100.0,3016.0,8546200.0,17474800.0
ASRI,Alam Sutera Realty Tbk.,126.0,126.0,126.0,124.0,125.0,-1.0,2522900.0,316058000.0,312.0,52900.0,282300.0
ASRM,Asuransi Ramayana Tbk.,290.0,0.0,290.0,286.0,286.0,-4.0,11700.0,3373200.0,21.0,0.0,0.0
ASSA,Adi Sarana Armada Tbk.,600.0,605.0,615.0,590.0,605.0,5.0,6841100.0,4115679500.0,957.0,1948400.0,3893100.0
ATAP,Trimitra Prawara Goldland Tbk.,565.0,0.0,610.0,560.0,570.0,5.0,1680900.0,964925500.0,350.0,219800.0,165900.0
ATIC,Anabatic Technologies Tbk.,462.0,0.0,460.0,454.0,458.0,-4.0,28700.0,13099400.0,16.0,0.0,10700.0
ATLA,Atlantis Subsea Indonesia Tbk.,50.0,50.0,50.0,50.0,50.0,0.0,262700.0,13135000.0,38.0,100.0,0.0
AUTO,Astra Otoparts Tbk.,3330.0,3330.0,3350.0,3310.0,3320.0,-10.0,2402500.0,8008061000.0,1049.0,992500.0,807000.0
AVIA,Avia Avian Tbk.,340.0,340.0,344.0,334.0,342.0,2.0,8866200.0,3026521200.0,1098.0,4002600.0,6354400.0
AWAN,Era Digital Media Tbk.,162.0,0.0,164.0,160.0,162.0,0.0,97000.0,15765200.0,52.0,0.0,0.0
AXIO,Tera Data Indonusa Tbk.,115.0,115.0,116.0,113.0,115.0,0.0,575300.0,65867300.0,128.0,0.0,0.0
AYAM,Janu Putra Sejahtera Tbk.,515.0,510.0,515.0,492.0,505.0,-10.0,13390700.0,6722779600.0,1216.0,2299800.0,2896700.0
AYLS,Arkayana Lestari Grup Tbk.,147.0,173.0,198.0,166.0,198.0,51.0,103916500.0,19306413000.0,14550.0,175300.0,274000.0
BABP,Bank MNC Internasional Tbk.,50.0,50.0,50.0,50.0,50.0,0.0,8000.0,400000.0,17.0,0.0,0.0
BABY,Multitrend Indo Tbk.,202.0,200.0,208.0,199.0,202.0,0.0,550800.0,110758000.0,246.0,31700.0,50000.0
BACA,Bank Capital Indonesia Tbk.,116.0,116.0,121.0,116.0,117.0,1.0,4153600.0,490501600.0,3322.0,29900.0,284400.0
BACH,Bach Multi Global Tbk.,414.0,414.0,422.0,402.0,406.0,-8.0,17160500.0,7009312400.0,3307.0,5239300.0,1587500.0
BAIK,Bersama Mencapai Puncak Tbk.,232.0,232.0,250.0,230.0,240.0,8.0,9239900.0,2204275000.0,1528.0,2539200.0,1524000.0
BAJA,Saranacentral Bajatama Tbk.,276.0,276.0,280.0,274.0,280.0,4.0,2347400.0,651709000.0,583.0,652400.0,33200.0
BALI,Bali Towerindo Sentra Tbk.,1295.0,0.0,1310.0,1260.0,1310.0,15.0,3700.0,4736000.0,18.0,600.0,0.0
BANK,Bank Aladin Syariah Tbk.,260.0,260.0,260.0,254.0,260.0,0.0,2636000.0,678539000.0,385.0,31400.0,984400.0
BAPA,Bekasi Asri Pemula Tbk.,126.0,125.0,128.0,124.0,128.0,2.0,4438200.0,559254700.0,800.0,229300.0,510600.0
BAPI,Bhakti Agung Propertindo Tbk.,22.0,0.0,22.0,20.0,20.0,-2.0,11453800.0,236739600.0,255.0,0.0,0.0
BATA,Sepatu Bata Tbk.,59.0,0.0,0.0,0.0,59.0,0.0,0.0,0.0,0.0,0.0,0.0
BATR,Benteng Api Technic Tbk.,90.0,91.0,94.0,90.0,93.0,3.0,533900.0,49200800.0,112.0,1400.0,191800.0
BAUT,Mitra Angkasa Sejahtera Tbk.,40.0,0.0,42.0,41.0,41.0,1.0,8977600.0,373585600.0,155.0,0.0,0.0
BAYU,Bayu Buana Tbk,1335.0,1315.0,1340.0,1315.0,1335.0,0.0,36400.0,48205500.0,30.0,8800.0,3800.0
BBCA,Bank Central Asia Tbk.,6325.0,6400.0,6400.0,6325.0,6350.0,25.0,61812000.0,393453237500.0,15297.0,41136500.0,45015200.0
BBHI,Allo Bank Indonesia Tbk.,900.0,900.0,905.0,895.0,900.0,0.0,12032900.0,10829607000.0,654.0,99900.0,56100.0
BBKP,Bank KB Indonesia Tbk.,50.0,50.0,51.0,50.0,51.0,1.0,59285100.0,2994610600.0,914.0,8683000.0,9155400.0
BBLD,Buana Finance Tbk.,670.0,0.0,695.0,660.0,670.0,0.0,91000.0,61344000.0,20.0,0.0,0.0
BBMD,Bank Mestika Dharma Tbk.,1995.0,0.0,0.0,0.0,1995.0,0.0,0.0,0.0,0.0,0.0,0.0
BBNI,Bank Negara Indonesia (Persero) Tbk.,3730.0,3740.0,3770.0,3720.0,3740.0,10.0,24338700.0,90985789000.0,5216.0,8963800.0,15453500.0
BBRI,Bank Rakyat Indonesia (Persero) Tbk.,3330.0,3350.0,3360.0,3320.0,3330.0,0.0,132493900.0,442293086000.0,19139.0,85615300.0,85094700.0
BBRM,Pelayaran Nasional Bina Buana Raya Tbk.,119.0,120.0,122.0,118.0,119.0,0.0,2056300.0,244808500.0,307.0,2000.0,319700.0
BBSI,Krom Bank Indonesia Tbk.,4520.0,0.0,0.0,0.0,4520.0,0.0,0.0,0.0,0.0,0.0,0.0
BBSS,Bumi Benowo Sukses Sejahtera Tbk.,86.0,87.0,96.0,79.0,80.0,-6.0,140845500.0,12337340700.0,3891.0,2234200.0,3977000.0
BBTN,Bank Tabungan Negara (Persero) Tbk.,1170.0,1175.0,1185.0,1165.0,1170.0,0.0,11396600.0,13351778500.0,1997.0,3070500.0,2556300.0
BBYB,Bank Neo Commerce Tbk.,242.0,242.0,248.0,242.0,244.0,2.0,29197800.0,7131763600.0,1586.0,6306600.0,8094600.0
BCAP,MNC Kapital Indonesia Tbk.,50.0,50.0,50.0,50.0,50.0,0.0,116600.0,5830000.0,17.0,0.0,0.0
BCIC,Bank JTrust Indonesia Tbk.,138.0,138.0,139.0,134.0,134.0,-4.0,526400.0,71622400.0,254.0,0.0,1900.0
BCIP,Bumi Citra Permai Tbk.,62.0,62.0,63.0,61.0,62.0,0.0,4392900.0,268989800.0,307.0,13700.0,28300.0
BDKR,Berdikari Pondasi Perkasa Tbk.,160.0,160.0,164.0,158.0,164.0,4.0,20980200.0,3380006100.0,2317.0,3730600.0,2482600.0
BDMN,Bank Danamon Indonesia Tbk.,4420.0,4420.0,4470.0,4370.0,4440.0,20.0,1594000.0,7055345000.0,716.0,291200.0,648400.0
BEBS,Berkah Beton Sadaya Tbk.,5.0,0.0,0.0,0.0,5.0,0.0,0.0,0.0,0.0,0.0,0.0
BEEF,Estika Tata Tiara Tbk.,418.0,418.0,438.0,408.0,420.0,2.0,4307000.0,1829421600.0,799.0,1173300.0,1405500.0
BEER,Jobubu Jarum Minahasa Tbk.,77.0,78.0,78.0,76.0,76.0,-1.0,8085400.0,620138400.0,708.0,739700.0,312200.0
BEKS,Bank Pembangunan Daerah Banten Tbk.,23.0,0.0,23.0,22.0,23.0,0.0,6538600.0,149046400.0,179.0,0.0,0.0
BELI,Global Digital Niaga Tbk.,286.0,0.0,302.0,268.0,286.0,0.0,2164000.0,610867000.0,644.0,249000.0,248900.0
BELL,Trisula Textile Industries Tbk.,107.0,108.0,108.0,102.0,107.0,0.0,12252800.0,1287668500.0,1393.0,1260700.0,1529900.0
BESS,Batulicin Nusantara Maritim Tbk.,920.0,885.0,925.0,885.0,895.0,-25.0,36800.0,32984000.0,48.0,0.0,800.0
BEST,Bekasi Fajar Industrial Estate Tbk.,121.0,122.0,127.0,119.0,126.0,5.0,26912400.0,3335264600.0,1244.0,6749900.0,6218800.0
BFIN,BFI Finance  Indonesia Tbk.,980.0,980.0,990.0,970.0,985.0,5.0,8376000.0,8225675000.0,1036.0,2614000.0,3045600.0
BGTG,Bank Ganesha Tbk.,120.0,118.0,121.0,117.0,118.0,-2.0,3958000.0,468706400.0,348.0,291200.0,579700.0
BHAT,Bhakti Multi Artha Tbk.,1770.0,0.0,0.0,0.0,1770.0,0.0,0.0,0.0,0.0,0.0,0.0
BHIT,MNC Asia Holding Tbk.,25.0,0.0,25.0,25.0,25.0,0.0,4918300.0,122957500.0,140.0,0.0,0.0
BIKA,Binakarya Jaya Abadi Tbk.,55.0,0.0,0.0,0.0,55.0,0.0,0.0,0.0,0.0,0.0,0.0
BIKE,Bhineka Inovasi Ketahanan Energi Tbk.,940.0,0.0,1030.0,990.0,1030.0,90.0,426100.0,428539500.0,119.0,0.0,0.0
BIMA,Primarindo Asia Infrastructure Tbk.,82.0,0.0,0.0,0.0,82.0,0.0,0.0,0.0,0.0,0.0,0.0
BINA,Bank Ina Perdana Tbk.,4080.0,0.0,4090.0,4030.0,4080.0,0.0,293700.0,1191245000.0,106.0,900.0,9300.0
BINO,Perma Plasindo Tbk.,116.0,117.0,120.0,114.0,116.0,0.0,251800.0,29014700.0,59.0,0.0,0.0
BIPI,Astrindo Nusantara Infrastruktur Tbk.,138.0,136.0,141.0,136.0,139.0,1.0,279867800.0,38579092000.0,9887.0,54294000.0,46221500.0
BIPP,Bhuwanatala Indah Permai Tbk.,69.0,69.0,71.0,68.0,69.0,0.0,22578500.0,1572121100.0,1456.0,2088200.0,46400.0
BIRD,Blue Bird Tbk.,1600.0,1600.0,1610.0,1600.0,1610.0,10.0,1038500.0,1663961500.0,704.0,598700.0,326800.0
BISI,BISI International Tbk.,720.0,725.0,740.0,715.0,730.0,10.0,327500.0,238691500.0,183.0,25900.0,69000.0
BJBR,Bank Pembangunan Daerah Jawa Barat dan Banten Tbk.,790.0,790.0,795.0,790.0,795.0,5.0,1022100.0,810060500.0,309.0,3900.0,37400.0
BJTM,Bank Pembangunan Daerah Jawa Timur Tbk.,520.0,520.0,525.0,520.0,520.0,0.0,1972900.0,1029732500.0,526.0,251900.0,12600.0
BKDP,Bukit Darmo Property Tbk,178.0,190.0,196.0,171.0,176.0,-2.0,20191800.0,3670956100.0,2741.0,741100.0,5350400.0
BKSL,Sentul City Tbk.,68.0,68.0,70.0,67.0,68.0,0.0,76219600.0,5199358900.0,2338.0,5506500.0,6692500.0
BKSW,Bank QNB Indonesia Tbk.,54.0,53.0,53.0,51.0,51.0,-3.0,24368400.0,1247364700.0,661.0,0.0,61800.0
BLES,Superior Prima Sukses Tbk.,197.0,197.0,199.0,192.0,195.0,-2.0,12416500.0,2432287100.0,798.0,2266700.0,797300.0
BLOG,Trimitra Trans Persada Tbk.,362.0,362.0,366.0,360.0,364.0,2.0,75800.0,27436600.0,89.0,0.0,0.0
BLTA,Berlian Laju Tanker Tbk,32.0,0.0,32.0,32.0,32.0,0.0,4565800.0,146105600.0,105.0,0.0,0.0
BLTZ,Graha Layar Prima Tbk.,2000.0,0.0,0.0,0.0,2000.0,0.0,0.0,0.0,0.0,0.0,0.0
BLUE,Berkah Prima Perkasa Tbk.,2990.0,0.0,3030.0,2950.0,3020.0,30.0,103600.0,308493000.0,84.0,5100.0,59700.0
BMAS,Bank Kasikorn Indonesia Tbk.,515.0,515.0,520.0,500.0,510.0,-5.0,423200.0,214565500.0,136.0,0.0,0.0
BMBL,Lavender Bina Cendikia Tbk.,31.0,0.0,31.0,29.0,30.0,-1.0,20997400.0,626413500.0,537.0,35000.0,10000.0
BMHS,Bundamedik Tbk.,199.0,200.0,202.0,198.0,198.0,-1.0,1252200.0,248959200.0,129.0,1700.0,400.0
BMRI,Bank Mandiri (Persero) Tbk.,4260.0,4340.0,4350.0,4300.0,4350.0,90.0,110580900.0,478987829000.0,17362.0,95983200.0,47871700.0
BMSR,Bintang Mitra Semestaraya Tbk,370.0,380.0,380.0,354.0,362.0,-8.0,280900.0,101031600.0,127.0,16300.0,12700.0
BMTR,Global Mediacom Tbk.,114.0,115.0,116.0,114.0,116.0,2.0,31702700.0,3650331000.0,2385.0,16202800.0,17344600.0
BNBA,Bank Bumi Arta Tbk.,800.0,810.0,820.0,800.0,820.0,20.0,200700.0,163958000.0,110.0,1900.0,16100.0
BNBR,Bakrie & Brothers Tbk,90.0,89.0,92.0,86.0,90.0,0.0,777340900.0,69104806800.0,21580.0,101442300.0,70983600.0
BNGA,Bank CIMB Niaga Tbk.,1735.0,1735.0,1745.0,1730.0,1735.0,0.0,3240300.0,5632157000.0,698.0,1572600.0,702400.0
BNII,Bank Maybank Indonesia Tbk.,191.0,192.0,194.0,190.0,194.0,3.0,2983900.0,571574700.0,248.0,115800.0,2506300.0
BNLI,Bank Permata Tbk.,2100.0,2100.0,2170.0,2030.0,2070.0,-30.0,131900.0,276903000.0,107.0,0.0,28000.0
BOAT,Newport Marine Services Tbk.,138.0,138.0,141.0,136.0,138.0,0.0,1585100.0,218672000.0,270.0,314300.0,16900.0
BOBA,Formosa Ingredient Factory Tbk.,204.0,204.0,210.0,204.0,206.0,2.0,221400.0,45701000.0,179.0,1000.0,3100.0
BOGA,Apollo Global Interactive Tbk.,1560.0,0.0,1645.0,1550.0,1565.0,5.0,12900.0,20090500.0,26.0,0.0,0.0
BOLA,Bali Bintang Sejahtera Tbk.,175.0,171.0,178.0,168.0,176.0,1.0,1825500.0,312997100.0,222.0,22700.0,4500.0
BOLT,Garuda Metalindo Tbk.,805.0,805.0,825.0,805.0,820.0,15.0,61200.0,50026500.0,72.0,100.0,0.0
BOSS,Borneo Olah Sarana Sukses Tbk.,50.0,0.0,0.0,0.0,50.0,0.0,0.0,0.0,0.0,0.0,0.0
BPFI,Woori Finance Indonesia Tbk.,252.0,252.0,254.0,240.0,248.0,-4.0,67200.0,16425600.0,47.0,6100.0,0.0
BPII,Batavia Prosperindo Internasional Tbk.,474.0,0.0,472.0,434.0,460.0,-14.0,123300.0,55805600.0,98.0,43300.0,3800.0
BPTR,Batavia Prosperindo Trans Tbk.,75.0,75.0,76.0,74.0,74.0,-1.0,1425600.0,105988100.0,1032.0,1800.0,151800.0
BRAM,Indo Kordsa Tbk.,4590.0,0.0,4700.0,4570.0,4700.0,110.0,1300.0,6028000.0,11.0,100.0,0.0
BREN,Barito Renewables Energy Tbk.,3090.0,3090.0,3130.0,3050.0,3080.0,-10.0,6475500.0,19962650000.0,3136.0,1819100.0,1176200.0
BRIS,Bank Syariah Indonesia (Persero) Tbk.,1665.0,1660.0,1690.0,1640.0,1645.0,-20.0,31473900.0,52112461000.0,13459.0,387400.0,5614900.0
BRMS,Bumi Resources Minerals Tbk.,730.0,730.0,740.0,715.0,735.0,5.0,242175500.0,176400074500.0,18726.0,95850000.0,96546700.0
BRNA,Berlina Tbk.,660.0,670.0,690.0,660.0,670.0,10.0,715400.0,480187000.0,377.0,0.0,0.0
BRPT,Barito Pacific Tbk.,1600.0,1605.0,1670.0,1600.0,1610.0,10.0,60726100.0,98832433500.0,11274.0,16723400.0,23181500.0
BRRC,Raja Roti Cemerlang Tbk.,72.0,72.0,73.0,70.0,71.0,-1.0,7781600.0,554331800.0,563.0,279300.0,245000.0
BSBK,Wulandari Bangun Laksana Tbk.,50.0,50.0,50.0,50.0,50.0,0.0,335500.0,16775000.0,55.0,0.0,0.0
BSDE,Bumi Serpong Damai Tbk.,635.0,635.0,650.0,630.0,640.0,5.0,6867500.0,4398040000.0,935.0,955900.0,1417000.0
BSIM,Bank Sinarmas Tbk.,1030.0,1030.0,1085.0,1000.0,1040.0,10.0,133200.0,137706500.0,162.0,2800.0,2900.0
BSML,Bintang Samudera Mandiri Lines Tbk.,550.0,545.0,550.0,540.0,550.0,0.0,15182400.0,8272311000.0,470.0,1861100.0,435200.0
BSSR,Baramulti Suksessarana Tbk.,4880.0,4880.0,4960.0,4870.0,4960.0,80.0,1316600.0,6497750000.0,980.0,742600.0,100700.0
BSWD,Bank Of India Indonesia Tbk.,1500.0,0.0,0.0,0.0,1500.0,0.0,0.0,0.0,0.0,0.0,0.0
BTEK,Bumi Teknokultura Unggul Tbk,11.0,0.0,12.0,11.0,12.0,1.0,102656200.0,1182705900.0,769.0,0.0,0.0
BTEL,Bakrie Telecom Tbk.,50.0,0.0,0.0,0.0,50.0,0.0,0.0,0.0,0.0,0.0,0.0
BTON,Betonjaya Manunggal Tbk.,384.0,388.0,388.0,370.0,378.0,-6.0,66200.0,25368600.0,53.0,1700.0,0.0
BTPN,Bank SMBC Indonesia Tbk.,2350.0,0.0,2360.0,2300.0,2350.0,0.0,6500.0,15107000.0,28.0,0.0,900.0
BTPS,Bank BTPN Syariah Tbk.,1030.0,1030.0,1040.0,1025.0,1035.0,5.0,1641700.0,1693769000.0,560.0,618600.0,97300.0
BUAH,Segar Kumala Indonesia Tbk.,492.0,0.0,500.0,486.0,500.0,8.0,336000.0,166384200.0,109.0,0.0,23900.0
BUDI,Budi Starch & Sweetener Tbk.,226.0,230.0,230.0,222.0,226.0,0.0,211100.0,47709400.0,94.0,8200.0,19600.0
BUKA,Bukalapak.com Tbk.,103.0,103.0,107.0,102.0,105.0,2.0,74231700.0,7749473400.0,1375.0,38487500.0,42895400.0
BUKK,Bukaka Teknik Utama Tbk.,985.0,0.0,1095.0,985.0,1035.0,50.0,445700.0,459572000.0,305.0,33100.0,0.0
BULL,Buana Lintas Lautan Tbk.,406.0,406.0,418.0,382.0,390.0,-16.0,567201100.0,224938006400.0,29901.0,61798200.0,100802400.0
BUMI,Bumi Resources Tbk.,202.0,202.0,206.0,196.0,202.0,0.0,3095820100.0,619864706400.0,47947.0,665782000.0,732771500.0
BUVA,Bukit Uluwatu Villa Tbk.,700.0,700.0,715.0,660.0,685.0,-15.0,93121400.0,63492359500.0,10161.0,13034700.0,9719500.0
BVIC,Bank Victoria International Tbk.,92.0,93.0,94.0,92.0,93.0,1.0,1661800.0,155259100.0,190.0,2200.0,3900.0
BWPT,Eagle High Plantations Tbk.,120.0,119.0,127.0,118.0,124.0,4.0,168000300.0,20690071800.0,5337.0,61341400.0,34035900.0
BYAN,Bayan Resources Tbk.,11350.0,11350.0,11800.0,11200.0,11525.0,175.0,2908100.0,33535807500.0,3561.0,202100.0,395400.0
CAKK,Cahayaputra Asa Keramik Tbk.,160.0,165.0,168.0,160.0,161.0,1.0,642500.0,104426200.0,112.0,300.0,0.0
CAMP,Campina Ice Cream Industry Tbk.,170.0,172.0,174.0,169.0,169.0,-1.0,1786700.0,304753800.0,249.0,900.0,1100.0
CANI,Capitol Nusantara Indonesia Tbk.,135.0,0.0,0.0,0.0,135.0,0.0,0.0,0.0,0.0,0.0,0.0
CARE,Metro Healthcare Indonesia Tbk.,398.0,404.0,408.0,392.0,402.0,4.0,583200.0,232126600.0,275.0,0.0,278600.0
CARS,Industri dan Perdagangan Bintraco Dharma Tbk.,113.0,113.0,115.0,111.0,113.0,0.0,4527800.0,512953200.0,215.0,703300.0,99300.0
CASA,Capital Financial Indonesia Tbk.,1805.0,1805.0,1950.0,1800.0,1805.0,0.0,25100.0,46343000.0,42.0,0.0,10000.0
CASH,Cashlez Worldwide Indonesia Tbk.,248.0,0.0,272.0,244.0,272.0,24.0,13751700.0,3691779200.0,1365.0,986100.0,98100.0
CASS,Cahaya Aero Services Tbk.,1865.0,0.0,1870.0,1840.0,1850.0,-15.0,78200.0,145541500.0,40.0,0.0,32800.0
CBDK,Bangun Kosambi Sukses Tbk.,3710.0,3700.0,3760.0,3660.0,3660.0,-50.0,2322400.0,8596536000.0,1149.0,325100.0,404700.0
CBMF,Cahaya Bintang Medan Tbk.,50.0,0.0,0.0,0.0,50.0,0.0,0.0,0.0,0.0,0.0,0.0
CBPE,Citra Buana Prasida Tbk.,496.0,0.0,498.0,484.0,496.0,0.0,53700.0,26299000.0,42.0,5100.0,0.0
CBRE,Cakra Buana Resources Energi Tbk.,710.0,705.0,725.0,705.0,720.0,10.0,7448800.0,5334092000.0,1099.0,2820800.0,1060600.0
CBUT,Citra Borneo Utama Tbk.,1050.0,1050.0,1080.0,1020.0,1055.0,5.0,313000.0,328093000.0,210.0,0.0,18800.0
CCSI,Communication Cable Systems Indonesia Tbk.,440.0,440.0,470.0,420.0,434.0,-6.0,6125900.0,2730772800.0,1723.0,343200.0,303700.0
CDIA,Chandra Daya Investasi Tbk.,645.0,650.0,660.0,635.0,650.0,5.0,40687300.0,26386021000.0,4887.0,5480600.0,8512700.0
CEKA,Wilmar Cahaya Indonesia Tbk.,2210.0,2210.0,2230.0,2200.0,2200.0,-10.0,21400.0,47422000.0,21.0,0.0,7100.0
CENT,Centratama Telekomunikasi Indonesia Tbk.,104.0,104.0,110.0,100.0,106.0,2.0,19911200.0,2110375900.0,2180.0,2156000.0,2149300.0
CFIN,Clipan Finance Indonesia Tbk.,374.0,370.0,374.0,362.0,374.0,0.0,672800.0,248920400.0,200.0,236200.0,4400.0
CGAS,Citra Nusantara Gemilang Tbk.,145.0,147.0,157.0,145.0,149.0,4.0,6586400.0,1002573300.0,1266.0,532700.0,396900.0
CHEK,Diastika Biotekindo Tbk.,129.0,129.0,134.0,128.0,130.0,1.0,1573300.0,206359900.0,290.0,94900.0,154000.0
CHEM,Chemstar Indonesia Tbk.,69.0,69.0,70.0,67.0,68.0,-1.0,8878900.0,606306500.0,566.0,39300.0,39300.0
CHIP,Pelita Teknologi Global Tbk.,735.0,0.0,740.0,725.0,740.0,5.0,43500.0,31901000.0,89.0,0.0,4000.0
CINT,Chitose Internasional Tbk.,194.0,204.0,230.0,200.0,202.0,8.0,17192200.0,3728055200.0,4269.0,266200.0,0.0
CITA,Cita Mineral Investindo Tbk.,3490.0,3490.0,3500.0,3390.0,3500.0,10.0,150600.0,520768000.0,160.0,0.0,4800.0
CITY,Natura City Developments Tbk.,179.0,0.0,184.0,176.0,179.0,0.0,259400.0,46377800.0,111.0,0.0,4600.0
CLAY,Citra Putra Realty Tbk.,2740.0,0.0,2760.0,2730.0,2740.0,0.0,11100.0,30508000.0,19.0,0.0,0.0
CLEO,Sariguna Primatirta Tbk.,422.0,422.0,440.0,422.0,432.0,10.0,17335400.0,7492941400.0,1602.0,4863700.0,941700.0
CLPI,Colorpak Indonesia Tbk.,1605.0,1585.0,1610.0,1585.0,1610.0,5.0,41400.0,66000500.0,98.0,0.0,0.0
CMNP,Citra Marga Nusaphala Persada Tbk.,1400.0,0.0,1400.0,1380.0,1400.0,0.0,46400.0,64427000.0,56.0,0.0,5200.0
CMNT,Cemindo Gemilang Tbk.,765.0,770.0,775.0,755.0,770.0,5.0,18871400.0,14475293500.0,475.0,2149800.0,8843800.0
CMPP,AirAsia Indonesia Tbk.,69.0,0.0,0.0,0.0,69.0,0.0,0.0,0.0,0.0,0.0,0.0
CMRY,Cisarua Mountain Dairy Tbk.,4480.0,4480.0,4520.0,4430.0,4470.0,-10.0,1664800.0,7440499000.0,1403.0,1167300.0,763600.0
CNKO,Exploitasi Energi Indonesia Tbk.,37.0,0.0,0.0,0.0,37.0,0.0,0.0,0.0,0.0,0.0,0.0
CNMA,Nusantara Sejahtera Raya Tbk.,91.0,91.0,92.0,90.0,92.0,1.0,6564200.0,595867100.0,493.0,150900.0,118600.0
COAL,Black Diamond Resources Tbk.,31.0,0.0,0.0,0.0,31.0,0.0,0.0,0.0,0.0,0.0,0.0
COCO,Wahana Interfood Nusantara Tbk.,133.0,133.0,139.0,131.0,137.0,4.0,314008600.0,42546317600.0,9389.0,92476400.0,73764800.0
COIN,Indokripto Koin Semesta Tbk.,735.0,735.0,755.0,705.0,735.0,0.0,18299900.0,13351207000.0,3338.0,1947000.0,2660400.0
COWL,Cowell Development Tbk.,50.0,0.0,0.0,0.0,50.0,0.0,0.0,0.0,0.0,0.0,0.0
CPIN,Charoen Pokphand Indonesia Tbk,3120.0,3120.0,3150.0,3090.0,3120.0,0.0,17277800.0,53775612000.0,5774.0,10510400.0,11845800.0
CPRI,Capri Nusa Satu Properti Tbk.,50.0,0.0,0.0,0.0,50.0,0.0,0.0,0.0,0.0,0.0,0.0
CPRO,Central Proteina Prima Tbk.,50.0,50.0,50.0,50.0,50.0,0.0,2155000.0,107750000.0,84.0,0.0,0.0
CRAB,Toba Surimi Industries Tbk.,214.0,214.0,216.0,212.0,214.0,0.0,213400.0,45473200.0,34.0,0.0,0.0
CRSN,Carsurin Tbk.,126.0,128.0,144.0,125.0,132.0,6.0,3283100.0,432712400.0,520.0,232000.0,241500.0
CSAP,Catur Sentosa Adiprana Tbk.,294.0,0.0,296.0,292.0,296.0,2.0,33800.0,9957800.0,17.0,0.0,200.0
CSIS,Cahayasakti Investindo Sukses Tbk.,204.0,200.0,208.0,200.0,206.0,2.0,2390500.0,482818000.0,203.0,515500.0,10100.0
CSMI,Cipta Selera Murni Tbk.,176.0,0.0,193.0,188.0,193.0,17.0,9950300.0,1910248900.0,561.0,50000.0,10000.0
CSRA,Cisadane Sawit Raya Tbk.,755.0,765.0,765.0,730.0,755.0,0.0,297300.0,222326000.0,71.0,113500.0,11000.0
CTBN,Citra Tubindo Tbk.,3030.0,3000.0,3160.0,3000.0,3050.0,20.0,16700.0,50520000.0,59.0,2400.0,5900.0
CTRA,Ciputra Development Tbk.,600.0,600.0,610.0,595.0,595.0,-5.0,11369600.0,6833715500.0,1889.0,2915200.0,2239300.0
CTTH,Citatah Tbk.,129.0,129.0,135.0,128.0,131.0,2.0,20335300.0,2670589400.0,1993.0,903500.0,536200.0
CUAN,Petrindo Jaya Kreasi Tbk.,900.0,905.0,965.0,905.0,945.0,45.0,499691600.0,469466752000.0,34077.0,130908600.0,95063100.0
CYBR,ITSEC Asia Tbk.,520.0,515.0,525.0,515.0,520.0,0.0,22431200.0,11658508000.0,1070.0,1639500.0,1160300.0
DAAZ,Daaz Bara Lestari Tbk.,1625.0,1630.0,1800.0,1625.0,1670.0,45.0,389200.0,661422500.0,311.0,4600.0,32700.0
DADA,Diamond Citra Propertindo Tbk.,50.0,50.0,50.0,50.0,50.0,0.0,56500.0,2825000.0,46.0,0.0,0.0
DART,Duta Anggada Realty Tbk.,167.0,168.0,172.0,164.0,166.0,-1.0,853600.0,142288500.0,307.0,196000.0,0.0
DATA,Remala Abadi Tbk.,1655.0,1650.0,1700.0,1645.0,1675.0,20.0,1577800.0,2637830000.0,679.0,251600.0,207000.0
DAYA,Duta Intidaya Tbk.,1050.0,1050.0,1050.0,990.0,1035.0,-15.0,14400.0,14592000.0,39.0,1200.0,200.0
DCII,DCI Indonesia Tbk.,192900.0,0.0,195800.0,193000.0,195800.0,2900.0,700.0,135907500.0,7.0,200.0,0.0
DEAL,Dewata Freightinternational Tbk.,6.0,0.0,0.0,0.0,6.0,0.0,0.0,0.0,0.0,0.0,0.0
DEFI,Danasupra Erapacific Tbk.,119.0,116.0,122.0,107.0,114.0,-5.0,170785200.0,19308169900.0,11702.0,14507600.0,5484500.0
DEPO,Caturkarda Depo Bangunan Tbk.,240.0,240.0,248.0,240.0,240.0,0.0,173400.0,42032000.0,85.0,500.0,200.0
DEWA,Darma Henwa Tbk,370.0,368.0,384.0,366.0,382.0,12.0,791954100.0,298078474000.0,34867.0,173901800.0,157259400.0
DEWI,Dewi Shri Farmindo Tbk.,170.0,170.0,183.0,168.0,183.0,13.0,94124300.0,16542556300.0,6366.0,22588100.0,6073500.0
DFAM,Dafam Property Indonesia Tbk.,95.0,94.0,98.0,91.0,93.0,-2.0,60948500.0,5761872000.0,4387.0,626100.0,429900.0
DGIK,Nusa Konstruksi Enjiniring Tbk.,139.0,136.0,140.0,135.0,136.0,-3.0,1545700.0,211331000.0,281.0,19100.0,92800.0
DGNS,Diagnos Laboratorium Utama Tbk.,268.0,266.0,280.0,266.0,278.0,10.0,360600.0,98852000.0,74.0,800.0,800.0
DGWG,Delta Giri Wacana Tbk.,324.0,322.0,330.0,322.0,328.0,4.0,12089000.0,3938768800.0,2084.0,630200.0,473800.0
DIGI,Arkadia Digital Media Tbk.,29.0,0.0,0.0,0.0,29.0,0.0,0.0,0.0,0.0,0.0,0.0
DILD,Intiland Development Tbk.,115.0,115.0,117.0,115.0,116.0,1.0,3211000.0,373482100.0,457.0,24000.0,767700.0
DIVA,Distribusi Voucher Nusantara Tbk.,136.0,149.0,165.0,142.0,147.0,11.0,99069100.0,15454946400.0,11881.0,8982000.0,10206900.0
DKFT,Central Omega Resources Tbk.,640.0,645.0,670.0,645.0,665.0,25.0,3988900.0,2631364000.0,628.0,1713000.0,893000.0
DKHH,Cipta Sarana Medika Tbk.,69.0,69.0,74.0,69.0,70.0,1.0,32424400.0,2323133300.0,1899.0,331500.0,7069600.0
DLTA,Delta Djakarta Tbk.,1785.0,1790.0,1795.0,1785.0,1790.0,5.0,11800.0,21120000.0,25.0,0.0,0.0
DMAS,Puradelta Lestari Tbk.,188.0,189.0,197.0,189.0,196.0,8.0,210981200.0,41016489400.0,10105.0,102689100.0,28057600.0
DMMX,Digital Mediatama Maxima Tbk.,187.0,190.0,195.0,183.0,186.0,-1.0,1940500.0,363308600.0,360.0,151200.0,56300.0
DMND,Diamond Food Indonesia Tbk.,610.0,0.0,640.0,610.0,635.0,25.0,77500.0,48737000.0,74.0,0.0,100.0
DNAR,Bank Oke Indonesia Tbk.,131.0,131.0,131.0,129.0,131.0,0.0,1033000.0,133652800.0,136.0,120200.0,1700.0
DNET,Indoritel Makmur Internasional Tbk.,9825.0,0.0,10000.0,9800.0,9800.0,-25.0,12400.0,121585000.0,10.0,300.0,0.0
DOID,BUMA Internasional Grup Tbk.,240.0,238.0,240.0,234.0,236.0,-4.0,2921600.0,691010400.0,450.0,368600.0,775200.0
DOOH,Era Media Sejahtera Tbk.,440.0,0.0,482.0,440.0,458.0,18.0,67854100.0,31873076000.0,1794.0,0.0,0.0
DOSS,Global Sukses Digital Tbk.,174.0,175.0,179.0,172.0,174.0,0.0,2180400.0,380876400.0,422.0,167300.0,10600.0
DPNS,Duta Pertiwi Nusantara Tbk.,310.0,0.0,0.0,0.0,310.0,0.0,0.0,0.0,0.0,0.0,0.0
DPUM,Dua Putra Utama Makmur Tbk.,159.0,159.0,160.0,145.0,149.0,-10.0,74402000.0,11275856700.0,7649.0,11105200.0,8944200.0
DRMA,Dharma Polimetal Tbk.,985.0,985.0,995.0,975.0,985.0,0.0,1614200.0,1592976000.0,457.0,49300.0,618800.0
DSFI,Dharma Samudera Fishing Industries Tbk.,90.0,90.0,99.0,89.0,93.0,3.0,41981900.0,3947367600.0,6666.0,318600.0,319900.0
DSNG,Dharma Satya Nusantara Tbk.,1595.0,1595.0,1700.0,1595.0,1660.0,65.0,6683600.0,11120761000.0,2343.0,1697100.0,402800.0
DSSA,Dian Swastatika Sentosa Tbk,1085.0,1095.0,1130.0,1095.0,1120.0,35.0,243578200.0,272251333500.0,33267.0,82095800.0,51362700.0
DUCK,Jaya Bersama Indo Tbk.,176.0,0.0,0.0,0.0,176.0,0.0,0.0,0.0,0.0,0.0,0.0
DUTI,Duta Pertiwi Tbk,4770.0,0.0,4800.0,4770.0,4800.0,30.0,1100.0,5250000.0,3.0,0.0,0.0
DVLA,Darya-Varia Laboratoria Tbk.,1590.0,0.0,1595.0,1585.0,1585.0,-5.0,55700.0,88361000.0,35.0,0.0,54300.0
DWGL,Dwi Guna Laksana Tbk.,232.0,232.0,234.0,224.0,226.0,-6.0,3865400.0,879291400.0,656.0,344900.0,207600.0
DYAN,Dyandra Media International Tbk.,86.0,86.0,86.0,84.0,85.0,-1.0,816900.0,69677700.0,148.0,76900.0,7800.0
EAST,Eastparc Hotel Tbk.,90.0,90.0,90.0,89.0,90.0,0.0,712600.0,63673400.0,152.0,0.0,0.0
ECII,Electronic City Indonesia Tbk.,170.0,168.0,173.0,165.0,166.0,-4.0,2137900.0,359055100.0,381.0,174200.0,91900.0
EDGE,Indointernet Tbk.,4790.0,0.0,0.0,0.0,4790.0,0.0,0.0,0.0,0.0,0.0,0.0
EKAD,Ekadharma International Tbk.,396.0,396.0,406.0,390.0,402.0,6.0,3709600.0,1485064600.0,790.0,674400.0,113900.0
ELIT,Data Sinergitama Jaya Tbk.,288.0,290.0,294.0,274.0,284.0,-4.0,24861200.0,7022407200.0,3008.0,4768000.0,6557100.0
ELPI,Pelayaran Nasional Ekalya Purnamasari Tbk.,650.0,650.0,665.0,630.0,645.0,-5.0,1242900.0,796546000.0,648.0,264700.0,84500.0
ELSA,Elnusa Tbk.,710.0,710.0,715.0,700.0,705.0,-5.0,15804100.0,11192220000.0,1628.0,7362900.0,2126900.0
ELTY,Bakrieland Development Tbk.,35.0,0.0,35.0,34.0,35.0,0.0,55198400.0,1882761700.0,1062.0,50000.0,0.0
EMAS,Merdeka Gold Resources Tbk.,7475.0,7475.0,7650.0,7300.0,7600.0,125.0,10803400.0,81362855000.0,5569.0,7165900.0,4702400.0
EMDE,Megapolitan Developments Tbk.,76.0,77.0,77.0,75.0,76.0,0.0,1902400.0,144257100.0,303.0,356900.0,47300.0
EMMI,Esa Medika Mandiri Tbk.,336.0,336.0,342.0,320.0,342.0,6.0,1371200.0,453717000.0,802.0,196900.0,50000.0
EMTK,Elang Mahkota Teknologi Tbk.,484.0,484.0,494.0,482.0,494.0,10.0,26492000.0,12944941800.0,2587.0,11602100.0,6702600.0
ENAK,Champ Resto Indonesia Tbk.,224.0,230.0,230.0,218.0,220.0,-4.0,283400.0,62485800.0,462.0,0.0,0.0
ENRG,Energi Mega Persada Tbk.,1365.0,1350.0,1380.0,1260.0,1310.0,-55.0,115784500.0,150689376500.0,17755.0,23309800.0,26081800.0
ENVY,Envy Technologies Indonesia Tbk.,50.0,0.0,0.0,0.0,50.0,0.0,0.0,0.0,0.0,0.0,0.0
ENZO,Morenzo Abadi Perkasa Tbk.,78.0,79.0,80.0,76.0,77.0,-1.0,22707700.0,1755595600.0,1641.0,3270200.0,626700.0
EPAC,Megalestari Epack Sentosaraya Tbk.,50.0,50.0,50.0,50.0,50.0,0.0,4122400.0,206120000.0,320.0,0.0,0.0
EPMT,Enseval Putera Megatrading Tbk.,2630.0,0.0,2700.0,2630.0,2630.0,0.0,92100.0,244639000.0,70.0,24500.0,0.0
ERAA,Erajaya Swasembada Tbk.,595.0,600.0,640.0,600.0,620.0,25.0,262910300.0,163507840000.0,15075.0,134351400.0,72563300.0
ERAL,Sinar Eka Selaras Tbk.,318.0,318.0,332.0,318.0,332.0,14.0,9778400.0,3219453000.0,1014.0,3446300.0,483200.0
ERTX,Eratex Djaja Tbk.,176.0,0.0,180.0,171.0,173.0,-3.0,456400.0,78984500.0,193.0,1900.0,1900.0
ESIP,Sinergi Inti Plastindo Tbk.,121.0,120.0,123.0,119.0,120.0,-1.0,10692700.0,1282419400.0,1059.0,798800.0,652200.0
ESSA,ESSA Industries Indonesia Tbk.,605.0,610.0,620.0,605.0,610.0,5.0,82439400.0,50196116000.0,6691.0,9812500.0,21049100.0
ESTA,Esta Multi Usaha Tbk.,177.0,183.0,191.0,173.0,177.0,0.0,8157000.0,1482992600.0,1642.0,344300.0,379200.0
ESTI,Ever Shine Tex Tbk.,169.0,169.0,171.0,165.0,167.0,-2.0,3573300.0,598145500.0,756.0,239500.0,544100.0
ETWA,Eterindo Wahanatama Tbk,70.0,0.0,0.0,0.0,70.0,0.0,0.0,0.0,0.0,0.0,0.0
EURO,Estee Gold Feet Tbk.,1490.0,0.0,1565.0,1450.0,1505.0,15.0,13662100.0,20817476000.0,433.0,8300.0,48600.0
EXCL,XLSMART Telecom Sejahtera Tbk.,2540.0,2540.0,2590.0,2530.0,2580.0,40.0,3041600.0,7771047000.0,1531.0,805000.0,1409100.0
FAPA,FAP Agri Tbk.,7425.0,0.0,7450.0,7450.0,7450.0,25.0,200.0,1490000.0,2.0,0.0,200.0
FAST,Fast Food Indonesia Tbk.,426.0,426.0,490.0,424.0,452.0,26.0,129421300.0,60640903200.0,18016.0,18819800.0,14244600.0
FASW,Fajar Surya Wisesa Tbk.,5275.0,0.0,0.0,0.0,5275.0,0.0,0.0,0.0,0.0,0.0,0.0
FILM,MD Entertainment Tbk.,680.0,680.0,830.0,680.0,790.0,110.0,66110200.0,51449023500.0,14440.0,21970400.0,10347400.0
FIMP,Fimperkasa Utama Tbk.,69.0,0.0,0.0,0.0,69.0,0.0,0.0,0.0,0.0,0.0,0.0
FIRE,Alfa Energi Investama Tbk.,122.0,122.0,125.0,118.0,122.0,0.0,11116700.0,1355903100.0,1007.0,2114800.0,587100.0
FISH,FKS Multi Agro Tbk.,700.0,710.0,710.0,630.0,665.0,-35.0,452900.0,296650000.0,258.0,5100.0,4900.0
FITT,Fortune Resources Investment Tbk.,430.0,426.0,450.0,426.0,436.0,6.0,761900.0,331384400.0,523.0,11100.0,0.0
FLMC,Falmaco Nonwoven Industri Tbk.,116.0,0.0,114.0,105.0,105.0,-11.0,7728900.0,823885000.0,851.0,0.0,0.0
FMII,Fortune Mate Indonesia Tbk,252.0,0.0,254.0,240.0,254.0,2.0,45900.0,11282400.0,40.0,3300.0,900.0
FOLK,Multi Garam Utama Tbk.,244.0,244.0,250.0,222.0,240.0,-4.0,34504500.0,8129593000.0,4247.0,8112600.0,4385000.0
FOOD,Sentra Food Indonesia Tbk.,176.0,0.0,0.0,0.0,176.0,0.0,0.0,0.0,0.0,0.0,0.0
FORE,Fore Kopi Indonesia Tbk.,780.0,780.0,825.0,780.0,810.0,30.0,6739600.0,5444192500.0,2002.0,2430800.0,1094200.0
FORU,Fortune Indonesia Tbk,4020.0,4000.0,4060.0,3540.0,3540.0,-480.0,5118700.0,19234773000.0,5093.0,169500.0,137900.0
FPNI,Lotte Chemical Titan Tbk.,505.0,505.0,530.0,500.0,515.0,10.0,3397900.0,1743284000.0,720.0,1105700.0,667200.0
FUJI,Fuji Finance Indonesia Tbk.,254.0,254.0,316.0,254.0,294.0,40.0,23598400.0,6827302000.0,4906.0,2206400.0,2407000.0
FUTR,Futura Energi Global Tbk.,282.0,282.0,286.0,256.0,270.0,-12.0,62351500.0,16797365600.0,4316.0,9581900.0,6806600.0
FWCT,Wijaya Cahaya Timber Tbk.,90.0,90.0,92.0,89.0,91.0,1.0,2509500.0,226694900.0,335.0,16000.0,18200.0
GAMA,Aksara Global Development Tbk.,18.0,0.0,0.0,0.0,18.0,0.0,0.0,0.0,0.0,0.0,0.0
GDST,Gunawan Dianjaya Steel Tbk.,113.0,113.0,115.0,113.0,113.0,0.0,1774100.0,201143800.0,167.0,246100.0,14900.0
GDYR,Goodyear Indonesia Tbk.,1125.0,0.0,1125.0,1125.0,1125.0,0.0,3800.0,4275000.0,5.0,0.0,200.0
GEMA,Gema Grahasarana Tbk.,91.0,91.0,96.0,90.0,92.0,1.0,5209500.0,484795700.0,542.0,26300.0,27400.0
GEMS,Golden Energy Mines Tbk.,7350.0,7350.0,7400.0,7000.0,7150.0,-200.0,206700.0,1493032500.0,238.0,15000.0,114300.0
GGRM,Gudang Garam Tbk.,17750.0,17750.0,17950.0,17500.0,17500.0,-250.0,1139900.0,20126117500.0,1853.0,266200.0,378200.0
GGRP,Gunung Raja Paksi Tbk.,318.0,318.0,328.0,318.0,328.0,10.0,695800.0,226754400.0,217.0,114600.0,4300.0
GHON,Gihon Telekomunikasi Indonesia Tbk.,1685.0,0.0,1680.0,1655.0,1660.0,-25.0,6600.0,10966000.0,22.0,0.0,2200.0
GIAA,Garuda Indonesia (Persero) Tbk.,62.0,62.0,64.0,62.0,63.0,1.0,54013100.0,3402341000.0,1995.0,19106300.0,12209000.0
GJTL,Gajah Tunggal Tbk.,1330.0,1330.0,1355.0,1330.0,1350.0,20.0,2458700.0,3301944000.0,408.0,117000.0,1084100.0
GLOB,Globe Kita Terang Tbk.,155.0,0.0,0.0,0.0,155.0,0.0,0.0,0.0,0.0,0.0,0.0
GLVA,Galva Technologies Tbk.,334.0,332.0,332.0,324.0,332.0,-2.0,15700.0,5103200.0,20.0,8000.0,0.0
GMFI,Garuda Maintenance Facility Aero Asia Tbk.,58.0,57.0,59.0,56.0,59.0,1.0,109298400.0,6278232500.0,3206.0,12329300.0,15390000.0
GMTD,Gowa Makassar Tourism Development Tbk.,1235.0,0.0,1245.0,1205.0,1245.0,10.0,13900.0,16924500.0,46.0,500.0,0.0
GOLD,Visi Telekomunikasi Infrastruktur Tbk.,276.0,0.0,298.0,272.0,282.0,6.0,195700.0,54584000.0,111.0,14500.0,10900.0
GOLF,Intra Golflink Resorts Tbk.,173.0,173.0,177.0,164.0,174.0,1.0,5762600.0,975304000.0,998.0,277600.0,11800.0
GOLL,Golden Plantation Tbk.,50.0,0.0,0.0,0.0,50.0,0.0,0.0,0.0,0.0,0.0,0.0
GOOD,Garudafood Putra Putri Jaya Tbk.,312.0,312.0,312.0,308.0,310.0,-2.0,179800.0,55736600.0,92.0,0.0,13000.0
GOTO,GoTo Gojek Tokopedia Tbk.,50.0,50.0,50.0,50.0,50.0,0.0,2010100.0,100505000.0,605.0,700.0,0.0
GOTOM,MVS GoTo Gojek Tokopedia Tbk.,68.0,0.0,0.0,0.0,68.0,0.0,0.0,0.0,0.0,0.0,0.0
GPRA,Perdana Gapuraprima Tbk.,103.0,102.0,105.0,100.0,105.0,2.0,111150800.0,11388750100.0,1900.0,7752400.0,10984300.0
GPSO,Geoprima Solusi Tbk.,280.0,282.0,288.0,278.0,282.0,2.0,50277500.0,14167408800.0,1082.0,4622900.0,4637600.0
GRIA,Ingria Pratama Capitalindo Tbk.,167.0,166.0,178.0,165.0,171.0,4.0,6663400.0,1135684000.0,862.0,964500.0,899400.0
GRPH,Griptha Putra Persada Tbk.,137.0,0.0,0.0,0.0,137.0,0.0,0.0,0.0,0.0,0.0,0.0
GRPM,Graha Prima Mentari Tbk.,170.0,0.0,170.0,160.0,168.0,-2.0,12201300.0,2020306500.0,638.0,1838800.0,194800.0
GSMF,Equity Development Investment Tbk.,102.0,102.0,103.0,100.0,102.0,0.0,6831600.0,691525600.0,535.0,607900.0,106000.0
GTBO,Garda Tujuh Buana Tbk,152.0,0.0,152.0,150.0,150.0,-2.0,11000.0,1660500.0,15.0,0.0,0.0
GTRA,Grahaprima Suksesmandiri Tbk.,236.0,238.0,248.0,234.0,244.0,8.0,201900.0,48845200.0,112.0,15000.0,1300.0
GTSI,GTS Internasional Tbk.,153.0,152.0,158.0,148.0,150.0,-3.0,16757700.0,2526523600.0,1880.0,2517000.0,2560700.0
GULA,Aman Agrindo Tbk.,830.0,825.0,825.0,795.0,810.0,-20.0,13562300.0,10950028500.0,807.0,4806300.0,8275500.0
GUNA,Gunanusa Eramandiri Tbk.,220.0,0.0,224.0,216.0,220.0,0.0,771900.0,169503200.0,72.0,0.0,0.0
GWSA,Greenwood Sejahtera Tbk.,156.0,156.0,156.0,151.0,155.0,-1.0,335600.0,51780300.0,106.0,15200.0,4500.0
GZCO,Gozco Plantations Tbk.,184.0,184.0,195.0,183.0,192.0,8.0,18873800.0,3574723000.0,1700.0,3933900.0,5555700.0
HADE,Himalaya Energi Perkasa Tbk.,23.0,0.0,25.0,24.0,25.0,2.0,11490400.0,285254100.0,392.0,0.0,0.0
HAIS,Hasnur Internasional Shipping Tbk.,183.0,183.0,187.0,183.0,184.0,1.0,303400.0,55763400.0,134.0,30200.0,300.0
HAJJ,Arsy Buana Travelindo Tbk.,111.0,0.0,116.0,110.0,115.0,4.0,8619000.0,981935400.0,683.0,1854400.0,300000.0
HALO,Haloni Jane Tbk.,71.0,71.0,80.0,70.0,74.0,3.0,87004200.0,6547374400.0,9136.0,3433700.0,5177900.0
HATM,Habco Trans Maritima Tbk.,565.0,555.0,565.0,540.0,565.0,0.0,15148700.0,8396775000.0,1827.0,1518200.0,1334300.0
HBAT,Minahasa Membangun Hebat Tbk.,350.0,0.0,376.0,332.0,364.0,14.0,3478100.0,1253380400.0,337.0,46900.0,61400.0
HDFA,Radana Bhaskara Finance Tbk.,101.0,0.0,102.0,100.0,102.0,1.0,687600.0,69481100.0,130.0,0.0,0.0
HDIT,Hensel Davest Indonesia Tbk.,50.0,50.0,50.0,50.0,50.0,0.0,321600.0,16080000.0,30.0,0.0,0.0
HEAL,Medikaloka Hermina Tbk.,675.0,675.0,690.0,675.0,680.0,5.0,7542900.0,5133409500.0,1286.0,4226600.0,2973900.0
HELI,Jaya Trishindo Tbk.,216.0,226.0,228.0,210.0,220.0,4.0,1096500.0,238358200.0,306.0,0.0,0.0
HERO,DFI Retail Nusantara Tbk.,340.0,340.0,350.0,334.0,338.0,-2.0,40900.0,13827400.0,50.0,100.0,2600.0
HEXA,Hexindo Adiperkasa Tbk.,4400.0,4400.0,4410.0,4130.0,4140.0,-260.0,3973900.0,16741410000.0,4828.0,51700.0,1915300.0
HGII,Hero Global Investment Tbk.,141.0,140.0,143.0,137.0,143.0,2.0,1193000.0,165316500.0,237.0,1500.0,8700.0
HILL,Hillcon Tbk.,16.0,0.0,0.0,0.0,16.0,0.0,0.0,0.0,0.0,0.0,0.0
HITS,Humpuss Intermoda Transportasi Tbk.,116.0,0.0,0.0,0.0,116.0,0.0,0.0,0.0,0.0,0.0,0.0
HKMU,HK Metals Utama Tbk.,50.0,0.0,0.0,0.0,50.0,0.0,0.0,0.0,0.0,0.0,0.0
HMSP,H.M. Sampoerna Tbk.,655.0,655.0,660.0,645.0,650.0,-5.0,16604500.0,10808663000.0,2190.0,416400.0,1802800.0
HOKI,Buyung Poetra Sembada Tbk.,53.0,52.0,53.0,50.0,50.0,-3.0,103180400.0,5180223000.0,2869.0,58600.0,7128300.0
HOME,Hotel Mandarine Regency Tbk.,50.0,0.0,0.0,0.0,50.0,0.0,0.0,0.0,0.0,0.0,0.0
HOMI,Grand House Mulia Tbk.,252.0,252.0,260.0,244.0,248.0,-4.0,1499600.0,377014600.0,217.0,20200.0,173800.0
HOPE,Harapan Duta Pertiwi Tbk.,210.0,218.0,228.0,216.0,224.0,14.0,32652800.0,7280225200.0,2171.0,7750000.0,3731000.0
HOTL,Saraswati Griya Lestari Tbk.,50.0,0.0,0.0,0.0,50.0,0.0,0.0,0.0,0.0,0.0,0.0
HRME,Menteng Heritage Realty Tbk.,44.0,0.0,46.0,44.0,45.0,1.0,2718900.0,123607000.0,125.0,0.0,0.0
HRTA,Hartadinata Abadi Tbk.,2110.0,2110.0,2150.0,2070.0,2130.0,20.0,6022800.0,12726695000.0,3143.0,2356600.0,3394300.0
HRUM,Harum Energy Tbk.,885.0,885.0,910.0,885.0,895.0,10.0,9064100.0,8114250000.0,1331.0,2673000.0,3383500.0
HUMI,Humpuss Maritim Internasional Tbk.,130.0,130.0,133.0,126.0,129.0,-1.0,20713700.0,2677591000.0,1608.0,4860700.0,3299400.0
HYGN,Ecocare Indo Pasifik Tbk.,184.0,0.0,186.0,178.0,180.0,-4.0,12820300.0,2315035900.0,425.0,11367800.0,45300.0
IATA,Karya Pacific Energy Tbk.,116.0,116.0,121.0,113.0,116.0,0.0,444852800.0,51791796800.0,9985.0,117794800.0,102403900.0
IBFN,Intan Baru Prana Tbk.,63.0,0.0,0.0,0.0,63.0,0.0,0.0,0.0,0.0,0.0,0.0
IBOS,Indo Boga Sukses Tbk.,91.0,0.0,91.0,88.0,91.0,0.0,2753800.0,246985100.0,280.0,233600.0,7800.0
IBST,Inti Bangun Sejahtera Tbk.,8475.0,0.0,0.0,0.0,8475.0,0.0,0.0,0.0,0.0,0.0,0.0
ICBP,Indofood CBP Sukses Makmur Tbk.,7025.0,7000.0,7025.0,6900.0,6950.0,-75.0,2555300.0,17688225000.0,2269.0,656800.0,1205900.0
ICON,Island Concepts Indonesia Tbk.,146.0,145.0,190.0,145.0,157.0,11.0,469582300.0,79691284300.0,37179.0,39561100.0,35833000.0
IDEA,Idea Indonesia Akademi Tbk.,102.0,0.0,112.0,103.0,112.0,10.0,11812300.0,1321919700.0,271.0,0.0,0.0
IDPR,Indonesia Pondasi Raya Tbk.,274.0,0.0,300.0,268.0,268.0,-6.0,407700.0,113638000.0,272.0,30000.0,37800.0
IFII,Indonesia Fibreboard Industry Tbk.,210.0,210.0,210.0,204.0,206.0,-4.0,607500.0,125411000.0,260.0,0.0,19700.0
IFSH,Ifishdeco Tbk.,1000.0,0.0,970.0,935.0,935.0,-65.0,54000.0,50779500.0,74.0,0.0,2700.0
IGAR,Champion Pacific Indonesia Tbk.,474.0,0.0,474.0,468.0,472.0,-2.0,4200.0,1970200.0,8.0,3100.0,0.0
IIKP,Inti Agri Resources Tbk,50.0,0.0,0.0,0.0,50.0,0.0,0.0,0.0,0.0,0.0,0.0
IKAI,Intikeramik Alamasri Industri Tbk.,21.0,0.0,21.0,20.0,20.0,-1.0,17323800.0,351222500.0,304.0,0.0,0.0
IKAN,Era Mandiri Cemerlang Tbk.,91.0,94.0,94.0,91.0,91.0,0.0,13488700.0,1242363400.0,1157.0,171500.0,427100.0
IKBI,Sumi Indo Kabel Tbk.,575.0,0.0,580.0,565.0,575.0,0.0,572400.0,328612000.0,263.0,0.0,0.0
IKPM,Ikapharmindo Putramas Tbk.,179.0,179.0,183.0,178.0,179.0,0.0,129700.0,23256300.0,43.0,0.0,0.0
IMAS,Indomobil Sukses Internasional Tbk.,880.0,0.0,895.0,870.0,875.0,-5.0,93100.0,81636500.0,55.0,23700.0,9100.0
IMJS,Indomobil Multi Jasa Tbk.,185.0,183.0,190.0,183.0,188.0,3.0,1652100.0,305862100.0,305.0,230300.0,19200.0
IMPC,Impack Pratama Industri Tbk.,1700.0,1705.0,1725.0,1670.0,1670.0,-30.0,12657800.0,21458454500.0,4090.0,1704600.0,6673500.0
INAF,Indofarma Tbk.,126.0,0.0,0.0,0.0,126.0,0.0,0.0,0.0,0.0,0.0,0.0
INAI,Indal Aluminium Industry Tbk.,175.0,174.0,179.0,174.0,177.0,2.0,992300.0,175273200.0,318.0,0.0,0.0
INCF,Indo Komoditi Korpora Tbk.,50.0,0.0,0.0,0.0,50.0,0.0,0.0,0.0,0.0,0.0,0.0
INCI,Intanwijaya Internasional Tbk,815.0,810.0,810.0,805.0,805.0,-10.0,92400.0,74447500.0,39.0,67000.0,0.0
INCO,Vale Indonesia Tbk.,4830.0,4850.0,4890.0,4660.0,4680.0,-150.0,22491400.0,106621064000.0,9403.0,2253400.0,11103300.0
INDF,Indofood Sukses Makmur Tbk.,7225.0,7225.0,7225.0,7100.0,7175.0,-50.0,5887200.0,42056217500.0,4502.0,2874000.0,4886100.0
INDO,Royalindo Investa Wijaya Tbk.,185.0,0.0,186.0,181.0,183.0,-2.0,33314300.0,6098314000.0,1620.0,5707400.0,7826500.0
INDR,Indo-Rama Synthetics Tbk.,2950.0,2900.0,2950.0,2810.0,2920.0,-30.0,14300.0,41000000.0,51.0,0.0,0.0
INDS,Indospring Tbk.,252.0,252.0,256.0,250.0,252.0,0.0,946100.0,238458800.0,383.0,0.0,44600.0
INDX,Tanah Laut Tbk,60.0,0.0,0.0,0.0,60.0,0.0,0.0,0.0,0.0,0.0,0.0
INDY,Indika Energy Tbk.,2700.0,2700.0,2770.0,2700.0,2760.0,60.0,11106700.0,30456188000.0,2865.0,3364300.0,2575400.0
INET,Sinergi Inti Andalan Prima Tbk.,316.0,314.0,340.0,314.0,338.0,22.0,477537200.0,157572414200.0,23124.0,127734500.0,90959400.0
INKP,Indah Kiat Pulp & Paper Tbk.,8600.0,8600.0,8850.0,8600.0,8725.0,125.0,3820200.0,33284042500.0,2655.0,2381200.0,1675100.0
INOV,Inocycle Technology Group Tbk.,136.0,139.0,139.0,135.0,137.0,1.0,700200.0,95191400.0,143.0,3000.0,354800.0
INPC,Bank Artha Graha Internasional Tbk.,151.0,153.0,155.0,151.0,153.0,2.0,3476400.0,530794400.0,335.0,878600.0,71200.0
INPP,Indonesian Paradise Property Tbk.,740.0,735.0,740.0,650.0,740.0,0.0,102800.0,74860500.0,57.0,0.0,30000.0
INPS,Indah Prakasa Sentosa Tbk.,970.0,0.0,1065.0,1065.0,1065.0,95.0,951600.0,1013454000.0,66.0,0.0,0.0
INRU,Toba Pulp Lestari Tbk.,590.0,0.0,0.0,0.0,590.0,0.0,0.0,0.0,0.0,0.0,0.0
INTA,Intraco Penta Tbk.,61.0,0.0,0.0,0.0,61.0,0.0,0.0,0.0,0.0,0.0,0.0
INTD,Inter Delta Tbk,272.0,276.0,280.0,258.0,268.0,-4.0,974600.0,258834200.0,480.0,0.0,0.0
INTP,Indocement Tunggal Prakarsa Tbk.,5225.0,5250.0,5325.0,5250.0,5300.0,75.0,624900.0,3316997500.0,509.0,487800.0,384600.0
IOTF,Sumber Sinergi Makmur Tbk.,63.0,62.0,64.0,62.0,63.0,0.0,9224400.0,580782200.0,589.0,1288400.0,71100.0
IPAC,Era Graharealty Tbk.,189.0,0.0,0.0,0.0,189.0,0.0,0.0,0.0,0.0,0.0,0.0
IPCC,Indonesia Kendaraan Terminal Tbk.,1105.0,1105.0,1120.0,1105.0,1115.0,10.0,376200.0,418389000.0,259.0,1300.0,900.0
IPCM,Jasa Armada Indonesia Tbk.,288.0,290.0,290.0,286.0,290.0,2.0,592800.0,171314200.0,273.0,1200.0,200.0
IPOL,Indopoly Swakarsa Industry Tbk.,115.0,115.0,117.0,115.0,117.0,2.0,278600.0,32345000.0,116.0,2200.0,1500.0
IPPE,Indo Pureco Pratama Tbk.,14.0,0.0,0.0,0.0,14.0,0.0,0.0,0.0,0.0,0.0,0.0
IPTV,MNC Vision Networks Tbk.,31.0,0.0,30.0,30.0,30.0,-1.0,5864800.0,175944000.0,145.0,0.0,0.0
IRRA,Itama Ranoraya Tbk.,368.0,370.0,376.0,368.0,370.0,2.0,206600.0,76463600.0,103.0,400.0,400.0
IRSX,Folago Global Nusantara Tbk.,398.0,402.0,420.0,392.0,410.0,12.0,45623900.0,18526138600.0,3897.0,5770400.0,6200100.0
ISAP,Isra Presisi Indonesia Tbk.,25.0,0.0,26.0,24.0,26.0,1.0,39878700.0,1011285200.0,6239.0,33100.0,0.0
ISAT,Indosat Tbk.,2360.0,2360.0,2420.0,2320.0,2370.0,10.0,44937100.0,106706445000.0,7408.0,26421200.0,20518400.0
ISEA,Indo American Seafoods Tbk.,90.0,91.0,93.0,89.0,90.0,0.0,6501700.0,589324900.0,657.0,91900.0,83700.0
ISSP,Steel Pipe Industry of Indonesia Tbk.,430.0,430.0,434.0,408.0,414.0,-16.0,5278400.0,2201662800.0,563.0,178800.0,168400.0
ITIC,Indonesian Tobacco Tbk.,216.0,220.0,220.0,214.0,214.0,-2.0,497400.0,107462400.0,139.0,4900.0,65500.0
ITMA,Sumber Energi Andalan Tbk.,1470.0,0.0,1480.0,1440.0,1450.0,-20.0,16500.0,24027500.0,47.0,1000.0,2400.0
ITMG,Indo Tambangraya Megah Tbk.,26225.0,26225.0,26500.0,26150.0,26500.0,275.0,1179500.0,31127037500.0,2059.0,258700.0,707300.0
JARR,Jhonlin Agro Raya Tbk.,3890.0,3870.0,4600.0,3870.0,4190.0,300.0,76716100.0,329595700000.0,29843.0,15087700.0,7561300.0
JAST,Jasnita Telekomindo Tbk.,88.0,88.0,90.0,87.0,90.0,2.0,3536900.0,312660900.0,498.0,65000.0,72800.0
JATI,Informasi Teknologi Indonesia Tbk.,114.0,114.0,118.0,113.0,116.0,2.0,24220000.0,2805843400.0,1240.0,1608200.0,2168300.0
JAWA,Jaya Agra Wattie Tbk.,154.0,151.0,167.0,150.0,160.0,6.0,21842400.0,3524071400.0,2947.0,1365900.0,3101500.0
JAYA,Armada Berjaya Trans Tbk.,174.0,165.0,168.0,158.0,160.0,-14.0,18582200.0,3017014500.0,2458.0,1598000.0,733000.0
JECC,Jembo Cable Company Tbk.,890.0,905.0,910.0,820.0,845.0,-45.0,250700.0,213422000.0,351.0,32600.0,14100.0
JECX,Nitrasanata Dharma Tbk.,1350.0,1350.0,1395.0,1340.0,1380.0,30.0,1630300.0,2235358000.0,897.0,253800.0,467000.0
JELI,Niramas Utama Tbk.,482.0,484.0,486.0,470.0,474.0,-8.0,3407300.0,1618360600.0,1442.0,1200100.0,551500.0
JGLE,Graha Andrasentra Propertindo Tbk.,72.0,72.0,74.0,70.0,73.0,1.0,238402800.0,17277200100.0,5305.0,87773500.0,39815400.0
JIHD,Jakarta International Hotels & Development Tbk.,430.0,0.0,440.0,430.0,430.0,0.0,649000.0,281684000.0,153.0,800.0,10000.0
JKON,Jaya Konstruksi Manggala Pratama Tbk.,86.0,86.0,86.0,84.0,85.0,-1.0,7925300.0,673987600.0,461.0,3146700.0,1428000.0
JMAS,Asuransi Jiwa Syariah Jasa Mitra Abadi Tbk.,228.0,0.0,0.0,0.0,228.0,0.0,0.0,0.0,0.0,0.0,0.0
JPFA,Japfa Comfeed Indonesia Tbk.,2300.0,2300.0,2350.0,2270.0,2320.0,20.0,20702400.0,47797843000.0,5141.0,3796700.0,5706500.0
JRPT,Jaya Real Property Tbk.,1120.0,0.0,1120.0,1100.0,1120.0,0.0,639500.0,713798500.0,32.0,3300.0,525200.0
JSKY,Sky Energy Indonesia Tbk.,52.0,0.0,0.0,0.0,52.0,0.0,0.0,0.0,0.0,0.0,0.0
JSMR,Jasa Marga (Persero) Tbk.,2840.0,2850.0,2890.0,2820.0,2850.0,10.0,4049000.0,11549639000.0,1234.0,2562100.0,619800.0
JSPT,Jakarta Setiabudi Internasional Tbk.,1470.0,0.0,1500.0,1425.0,1480.0,10.0,6000.0,8749500.0,31.0,0.0,0.0
JTPE,Jasuindo Tiga Perkasa Tbk.,600.0,600.0,610.0,600.0,600.0,0.0,514100.0,309776500.0,65.0,99500.0,20700.0
KAEF,Kimia Farma (Persero) Tbk.,442.0,440.0,460.0,440.0,448.0,6.0,1036300.0,466376200.0,349.0,94300.0,124100.0
KAQI,Jantra Grupo Indonesia Tbk.,95.0,94.0,95.0,91.0,94.0,-1.0,17022800.0,1582717800.0,1070.0,4800800.0,5710800.0
KARW,Meratus Jasa Prima Tbk.,212.0,0.0,0.0,0.0,212.0,0.0,0.0,0.0,0.0,0.0,0.0
KAYU,Darmi Bersaudara Tbk.,18.0,0.0,0.0,0.0,18.0,0.0,0.0,0.0,0.0,0.0,0.0
KBAG,Karya Bersama Anugerah Tbk.,41.0,0.0,43.0,42.0,42.0,1.0,2624600.0,112042100.0,128.0,0.0,0.0
KBLI,KMI Wire & Cable Tbk.,382.0,388.0,388.0,360.0,368.0,-14.0,3424800.0,1263202000.0,789.0,237000.0,158600.0
KBLM,Kabelindo Murni Tbk.,384.0,384.0,386.0,364.0,378.0,-6.0,1379700.0,515108200.0,439.0,30600.0,23300.0
KBLV,First Media Tbk.,127.0,127.0,130.0,124.0,127.0,0.0,5041400.0,636554900.0,549.0,1099800.0,573600.0
KBRI,Kertas Basuki Rachmat Indonesia Tbk.,50.0,0.0,0.0,0.0,50.0,0.0,0.0,0.0,0.0,0.0,0.0
KDSI,Kedawung Setia Industrial Tbk.,468.0,468.0,468.0,444.0,450.0,-18.0,54900.0,24712400.0,44.0,1500.0,0.0
KDTN,Puri Sentul Permai Tbk.,382.0,376.0,390.0,372.0,374.0,-8.0,2639100.0,996798200.0,510.0,823200.0,468700.0
KEEN,Kencana Energi Lestari Tbk.,905.0,895.0,895.0,850.0,860.0,-45.0,13042400.0,11366754500.0,1874.0,1335600.0,2499500.0
KEJU,Mulia Boga Raya Tbk.,595.0,600.0,610.0,595.0,600.0,5.0,25200.0,15180500.0,20.0,0.0,0.0
KETR,Ketrosden Triasmitra Tbk.,925.0,935.0,1060.0,930.0,990.0,65.0,70179300.0,70237417000.0,11575.0,13578900.0,14005000.0
KIAS,Keramika Indonesia Assosiasi Tbk.,21.0,0.0,0.0,0.0,21.0,0.0,0.0,0.0,0.0,0.0,0.0
KICI,Kedaung Indah Can Tbk,274.0,276.0,296.0,276.0,282.0,8.0,5952800.0,1706502600.0,1032.0,328000.0,330200.0
KIJA,Kawasan Industri Jababeka Tbk.,176.0,175.0,188.0,174.0,181.0,5.0,320577300.0,58095589900.0,14519.0,56869400.0,76301900.0
KING,Hoffmen Cleanindo Tbk.,374.0,0.0,402.0,362.0,382.0,8.0,1461700.0,551089800.0,513.0,92800.0,52400.0
KINO,Kino Indonesia Tbk.,1405.0,0.0,1410.0,1360.0,1405.0,0.0,88700.0,122106000.0,46.0,10100.0,0.0
KIOS,Kioson Komersial Indonesia Tbk.,99.0,98.0,101.0,98.0,100.0,1.0,7106000.0,708007700.0,725.0,168500.0,208000.0
KJEN,Krida Jaringan Nusantara Tbk.,166.0,166.0,171.0,165.0,166.0,0.0,13408400.0,2247967900.0,1759.0,1814900.0,220000.0
KKES,Kusuma Kemindo Sentosa Tbk.,86.0,85.0,94.0,83.0,92.0,6.0,77820200.0,7067419700.0,4099.0,2242300.0,1595600.0
KKGI,Resource Alam Indonesia Tbk.,306.0,306.0,314.0,304.0,312.0,6.0,4643900.0,1443917200.0,829.0,173400.0,1273300.0
KLAS,Pelayaran Kurnia Lautan Semesta Tbk.,83.0,84.0,87.0,83.0,84.0,1.0,14138800.0,1194956300.0,1085.0,547300.0,591100.0
KLBF,Kalbe Farma Tbk.,760.0,760.0,775.0,760.0,775.0,15.0,67880000.0,51988902000.0,6578.0,48712400.0,41441500.0
KLIN,Klinko Karya Imaji Tbk.,123.0,0.0,123.0,117.0,122.0,-1.0,21600.0,2578600.0,19.0,0.0,0.0
KMDS,Kurniamitra Duta Sentosa Tbk.,525.0,525.0,525.0,520.0,525.0,0.0,30700.0,16104000.0,28.0,0.0,0.0
KMTR,Kirana Megatara Tbk.,250.0,0.0,254.0,250.0,254.0,4.0,168600.0,42491600.0,20.0,155900.0,0.0
KOBX,Kobexindo Tractors Tbk.,176.0,176.0,179.0,175.0,177.0,1.0,861300.0,152492800.0,176.0,289900.0,0.0
KOCI,Kokoh Exa Nusantara Tbk.,120.0,123.0,128.0,116.0,118.0,-2.0,33505100.0,4006549100.0,2346.0,10270000.0,2976300.0
KOIN,Kokoh Inti Arebama Tbk,78.0,0.0,0.0,0.0,78.0,0.0,0.0,0.0,0.0,0.0,0.0
KOKA,Koka Indonesia Tbk.,190.0,190.0,192.0,185.0,189.0,-1.0,9129200.0,1714771300.0,1010.0,1340600.0,108900.0
KONI,Perdana Bangun Pusaka Tbk,2050.0,0.0,2090.0,2010.0,2090.0,40.0,7500.0,15597000.0,21.0,0.0,0.0
KOPI,Mitra Energi Persada Tbk.,202.0,206.0,240.0,197.0,206.0,4.0,13068400.0,2863135300.0,3283.0,0.0,0.0
KOTA,DMS Propertindo Tbk.,193.0,191.0,198.0,187.0,194.0,1.0,169223900.0,32594503600.0,10492.0,30389600.0,26634200.0
KPIG,MNC Tourism Indonesia Tbk.,72.0,71.0,75.0,70.0,70.0,-2.0,335099400.0,24044374500.0,7093.0,62912200.0,80032000.0
KRAS,Krakatau Steel (Persero) Tbk.,228.0,228.0,238.0,228.0,232.0,4.0,2268500.0,524730400.0,390.0,36900.0,457400.0
KREN,Quantum Clovera Investama Tbk.,15.0,0.0,15.0,15.0,15.0,0.0,22737000.0,341055000.0,242.0,0.0,0.0
KRYA,Bangun Karya Perkasa Jaya Tbk.,70.0,70.0,71.0,65.0,66.0,-4.0,52545200.0,3522311700.0,3224.0,1076800.0,6266100.0
KSIX,Kentanix Supra International Tbk.,408.0,0.0,414.0,404.0,414.0,6.0,325000.0,132725000.0,58.0,30600.0,31900.0
KUAS,Ace Oldfields Tbk.,99.0,99.0,102.0,97.0,99.0,0.0,12368800.0,1230614100.0,945.0,708200.0,290000.0
LABA,Green Power Group Tbk.,126.0,129.0,129.0,124.0,126.0,0.0,15263600.0,1918243200.0,1216.0,1849600.0,231000.0
LABS,UBC Medical Indonesia Tbk.,168.0,168.0,180.0,168.0,172.0,4.0,6608800.0,1148945300.0,1080.0,754500.0,727500.0
LAJU,Jasa Berdikari Logistics Tbk.,71.0,71.0,71.0,69.0,70.0,-1.0,14876900.0,1041485600.0,798.0,272200.0,199100.0
LAND,Trimitra Propertindo Tbk.,72.0,72.0,73.0,69.0,73.0,1.0,16480000.0,1174319500.0,1001.0,778500.0,1471000.0
LAPD,Leyand International Tbk.,79.0,79.0,91.0,79.0,86.0,7.0,529844300.0,46050854200.0,24639.0,26289500.0,35721100.0
LCGP,Eureka Prima Jakarta Tbk.,114.0,0.0,0.0,0.0,114.0,0.0,0.0,0.0,0.0,0.0,0.0
LCKM,LCK Global Kedaton Tbk.,109.0,0.0,0.0,0.0,109.0,0.0,0.0,0.0,0.0,0.0,0.0
LEAD,Logindo Samudramakmur Tbk.,104.0,104.0,108.0,103.0,104.0,0.0,14291600.0,1499381000.0,807.0,3057800.0,1391600.0
LFLO,Imago Mulia Persada Tbk.,535.0,0.0,585.0,530.0,580.0,45.0,151600.0,85863500.0,130.0,2900.0,7900.0
LIFE,MSIG Life Insurance Indonesia Tbk.,12725.0,0.0,0.0,0.0,12725.0,0.0,0.0,0.0,0.0,0.0,0.0
LINK,Link Net Tbk.,1655.0,1700.0,1700.0,1580.0,1640.0,-15.0,31500.0,50987500.0,94.0,4200.0,500.0
LION,Lion Metal Works Tbk.,362.0,358.0,384.0,358.0,374.0,12.0,45600.0,17069000.0,102.0,0.0,6900.0
LIVE,Homeco Victoria Makmur Tbk.,182.0,183.0,186.0,182.0,185.0,3.0,982000.0,180192600.0,198.0,63300.0,203500.0
LMAS,Limas Indonesia Makmur Tbk,50.0,0.0,0.0,0.0,50.0,0.0,0.0,0.0,0.0,0.0,0.0
LMAX,Lupromax Pelumas Indonesia Tbk.,107.0,0.0,115.0,104.0,106.0,-1.0,2458600.0,270235300.0,471.0,0.0,0.0
LMPI,Langgeng Makmur Industri Tbk.,163.0,164.0,165.0,161.0,164.0,1.0,167700.0,27277100.0,52.0,0.0,0.0
LMSH,Lionmesh Prima Tbk.,256.0,0.0,0.0,0.0,256.0,0.0,0.0,0.0,0.0,0.0,0.0
LOPI,Logisticsplus International Tbk.,63.0,0.0,63.0,61.0,63.0,0.0,7051600.0,441251100.0,298.0,29800.0,4500.0
LPCK,Lippo Cikarang Tbk,600.0,600.0,610.0,590.0,595.0,-5.0,292100.0,174354000.0,93.0,200.0,100.0
LPGI,Lippo General Insurance Tbk.,645.0,645.0,645.0,635.0,645.0,0.0,1600.0,1027500.0,10.0,0.0,0.0
LPIN,Multi Prima Sejahtera Tbk,432.0,432.0,436.0,432.0,434.0,2.0,51500.0,22319000.0,59.0,0.0,0.0
LPKR,Lippo Karawaci Tbk.,59.0,58.0,60.0,57.0,58.0,-1.0,97527300.0,5672267200.0,2174.0,9172400.0,11728700.0
LPLI,Star Pacific Tbk,234.0,234.0,234.0,220.0,226.0,-8.0,346200.0,78211000.0,568.0,49600.0,33600.0
LPPF,MDS Retailing Tbk.,1615.0,1615.0,1625.0,1610.0,1615.0,0.0,625400.0,1010450500.0,465.0,148500.0,297000.0
LPPS,Lenox Pasifik Investama Tbk.,81.0,81.0,83.0,81.0,82.0,1.0,284800.0,23378600.0,99.0,0.0,43000.0
LRNA,Eka Sari Lorena Transport Tbk.,220.0,214.0,220.0,214.0,216.0,-4.0,139900.0,30148400.0,72.0,0.0,0.0
LSIP,PP London Sumatra Indonesia Tbk.,1710.0,1710.0,1740.0,1700.0,1735.0,25.0,8937900.0,15481516000.0,2207.0,4951300.0,1859700.0
LTLS,Lautan Luas Tbk.,975.0,970.0,1005.0,970.0,995.0,20.0,87900.0,86638500.0,131.0,13100.0,3300.0
LUCK,Sentral Mitra Informatika Tbk.,117.0,117.0,119.0,116.0,118.0,1.0,4533200.0,534547400.0,321.0,0.0,0.0
LUCY,Lima Dua Lima Tiga Tbk.,334.0,0.0,366.0,302.0,366.0,32.0,217945900.0,76649723800.0,13038.0,21261000.0,26563400.0
MABA,Marga Abhinaya Abadi Tbk.,50.0,0.0,0.0,0.0,50.0,0.0,0.0,0.0,0.0,0.0,0.0
MAGP,Multi Agro Gemilang Plantation Tbk.,50.0,0.0,0.0,0.0,50.0,0.0,0.0,0.0,0.0,0.0,0.0
MAHA,Mandiri Herindo Adiperkasa Tbk.,143.0,0.0,145.0,142.0,143.0,0.0,1808600.0,258553900.0,347.0,6600.0,111600.0
MAIN,Malindo Feedmill Tbk.,665.0,665.0,675.0,665.0,670.0,5.0,552000.0,368112000.0,266.0,3100.0,93900.0
MANG,Manggung Polahraya Tbk.,39.0,0.0,39.0,37.0,39.0,0.0,13103700.0,501684600.0,476.0,0.0,0.0
MAPA,Map Aktif Adiperkasa Tbk.,645.0,645.0,675.0,645.0,665.0,20.0,9162200.0,6053303000.0,1325.0,4677700.0,4498300.0
MAPB,MAP Boga Adiperkasa Tbk.,1220.0,0.0,1250.0,1250.0,1250.0,30.0,100.0,125000.0,1.0,0.0,0.0
MAPI,Mitra Adiperkasa Tbk.,1380.0,1380.0,1490.0,1370.0,1455.0,75.0,12439600.0,17959429500.0,3821.0,7300200.0,2843000.0
MARI,Mahaka Radio Integra Tbk.,23.0,0.0,0.0,0.0,23.0,0.0,0.0,0.0,0.0,0.0,0.0
MARK,Mark Dynamics Indonesia Tbk.,1180.0,1195.0,1265.0,1155.0,1245.0,65.0,11606700.0,13992909500.0,1413.0,6509200.0,5051200.0
MASB,Bank Multiarta Sentosa Tbk.,3290.0,0.0,3300.0,3280.0,3300.0,10.0,9900.0,32624000.0,8.0,0.0,0.0
MAXI,Maxindo Karya Anugerah Tbk.,50.0,50.0,50.0,50.0,50.0,0.0,203800.0,10190000.0,10.0,0.0,0.0
MAYA,Bank Mayapada Internasional Tbk.,195.0,196.0,197.0,194.0,195.0,0.0,668100.0,130127600.0,95.0,500.0,130100.0
MBAP,Mitrabara Adiperdana Tbk.,1720.0,1720.0,1725.0,1680.0,1680.0,-40.0,46200.0,78440000.0,99.0,900.0,4700.0
MBMA,Merdeka Battery Materials Tbk.,500.0,515.0,530.0,505.0,520.0,20.0,123655900.0,64097729500.0,10258.0,18894800.0,34304500.0
MBSS,Mitrabahtera Segara Sejati Tbk.,2880.0,2890.0,2890.0,2880.0,2890.0,10.0,535100.0,1545032000.0,112.0,50800.0,1100.0
MBTO,Martina Berto Tbk.,151.0,151.0,155.0,151.0,155.0,4.0,3536000.0,538879300.0,372.0,80000.0,9900.0
MCAS,M Cash Integrasi Tbk.,272.0,286.0,292.0,262.0,268.0,-4.0,3363500.0,929519200.0,1173.0,188900.0,455200.0
MCOL,Prima Andalan Mandiri Tbk.,3650.0,0.0,3700.0,3610.0,3630.0,-20.0,9300.0,33886000.0,34.0,800.0,2000.0
MCOR,Bank China Construction Bank Indonesia Tbk.,69.0,69.0,70.0,68.0,69.0,0.0,1176200.0,81121000.0,70.0,3400.0,5900.0
MDIA,Intermedia Capital Tbk.,197.0,200.0,206.0,192.0,200.0,3.0,199717700.0,39749137800.0,7724.0,39882400.0,23969800.0
MDIY,Daya Intiguna Yasa Tbk.,950.0,950.0,950.0,915.0,930.0,-20.0,1178000.0,1115188000.0,297.0,1160600.0,945900.0
MDKA,Merdeka Copper Gold Tbk.,2850.0,2870.0,2890.0,2830.0,2870.0,20.0,25889100.0,74084824000.0,6546.0,11416000.0,8607700.0
MDKI,Emdeki Utama Tbk.,193.0,0.0,195.0,191.0,191.0,-2.0,148000.0,28495500.0,62.0,0.0,118400.0
MDLA,Medela Potentia Tbk.,206.0,204.0,206.0,204.0,204.0,-2.0,696700.0,142394400.0,130.0,0.0,0.0
MDLN,Modernland Realty Tbk.,50.0,0.0,50.0,50.0,50.0,0.0,2900.0,145000.0,15.0,0.0,0.0
MDRN,Modern Internasional Tbk.,26.0,0.0,0.0,0.0,26.0,0.0,0.0,0.0,0.0,0.0,0.0
MEDC,Medco Energi Internasional Tbk.,1565.0,1565.0,1570.0,1515.0,1525.0,-40.0,41780400.0,64251270000.0,10462.0,11702900.0,10859100.0
MEDS,Hetzer Medical Indonesia Tbk.,81.0,81.0,97.0,81.0,86.0,5.0,562853100.0,50706718000.0,29890.0,14258000.0,19712500.0
MEGA,Bank Mega Tbk.,1960.0,1960.0,1960.0,1925.0,1955.0,-5.0,56100.0,108914500.0,55.0,0.0,100.0
MEJA,Harta Djaya Karya Tbk.,117.0,0.0,118.0,114.0,115.0,-2.0,14809700.0,1709185900.0,767.0,2255500.0,2105800.0
MENN,Menn Teknologi Indonesia Tbk.,53.0,0.0,0.0,0.0,53.0,0.0,0.0,0.0,0.0,0.0,0.0
MERI,Merry Riana Edukasi Tbk.,118.0,119.0,121.0,118.0,119.0,1.0,1781400.0,211538600.0,275.0,307200.0,132300.0
MERK,Merck Tbk.,3920.0,3920.0,3940.0,3900.0,3910.0,-10.0,11500.0,45157000.0,28.0,0.0,1100.0
META,Nusantara Infrastructure Tbk.,238.0,0.0,0.0,0.0,238.0,0.0,0.0,0.0,0.0,0.0,0.0
MFMI,Multifiling Mitra Indonesia Tbk.,1300.0,0.0,0.0,0.0,1300.0,0.0,0.0,0.0,0.0,0.0,0.0
MGLV,NexAI Digital Infrastruktur Tbk.,14325.0,0.0,14650.0,14125.0,14400.0,75.0,458900.0,6598120000.0,853.0,227600.0,104300.0
MGNA,Magna Investama Mandiri Tbk.,199.0,222.0,256.0,182.0,189.0,-10.0,168858500.0,37492422400.0,18617.0,11634200.0,10457700.0
MGRO,Mahkota Group Tbk.,680.0,0.0,690.0,675.0,685.0,5.0,3831700.0,2619056000.0,158.0,68800.0,107400.0
MHKI,Multi Hanna Kreasindo Tbk.,130.0,130.0,134.0,129.0,130.0,0.0,1290900.0,168677600.0,258.0,6800.0,280500.0
MICE,Multi Indocitra Tbk.,530.0,0.0,570.0,530.0,560.0,30.0,14200.0,7765000.0,67.0,0.0,0.0
MIDI,Midi Utama Indonesia Tbk.,268.0,268.0,270.0,266.0,268.0,0.0,5448800.0,1460804800.0,416.0,823100.0,2366500.0
MIKA,Mitra Keluarga Karyasehat Tbk.,1790.0,1790.0,1800.0,1740.0,1750.0,-40.0,2463900.0,4328396500.0,1190.0,21400.0,488500.0
MINA,Sanurhasta Mitra Tbk.,260.0,260.0,264.0,246.0,250.0,-10.0,60362400.0,15137140400.0,7570.0,5785200.0,18232400.0
MINE,Sinar Terang Mandiri Tbk.,300.0,300.0,310.0,290.0,306.0,6.0,2981300.0,895213400.0,685.0,665200.0,440200.0
MIRA,Mitra International Resources Tbk.,24.0,0.0,24.0,23.0,23.0,-1.0,2660900.0,61392600.0,205.0,0.0,0.0
MITI,Mitra Investindo Tbk.,288.0,288.0,294.0,274.0,278.0,-10.0,9226800.0,2581775800.0,1940.0,1407300.0,1016000.0
MKAP,Multikarya Asia Pasifik Raya Tbk.,1140.0,1140.0,1150.0,1130.0,1130.0,-10.0,2305000.0,2633943000.0,574.0,18000.0,20100.0
MKNT,Mitra Komunikasi Nusantara Tbk.,1.0,0.0,0.0,0.0,1.0,0.0,0.0,0.0,0.0,0.0,0.0
MKPI,Metropolitan Kentjana Tbk.,21750.0,0.0,21725.0,21625.0,21725.0,-25.0,41000.0,890142500.0,111.0,40200.0,0.0
MKTR,Menthobi Karyatama Raya Tbk.,124.0,124.0,126.0,122.0,125.0,1.0,187100.0,23227200.0,87.0,300.0,9900.0
MLBI,Multi Bintang Indonesia Tbk.,6875.0,0.0,6875.0,6850.0,6850.0,-25.0,10400.0,71242500.0,11.0,0.0,9100.0
MLIA,Mulia Industrindo Tbk,216.0,0.0,216.0,216.0,216.0,0.0,34400.0,7430400.0,31.0,5000.0,1800.0
MLPL,Multipolar Tbk.,88.0,88.0,89.0,87.0,87.0,-1.0,15928800.0,1398415100.0,669.0,606000.0,223900.0
MLPT,Multipolar Technology Tbk.,1160.0,1165.0,1200.0,1120.0,1150.0,-10.0,9956600.0,11869785000.0,1031.0,288800.0,426200.0
MMIX,Multi Medika Internasional Tbk.,860.0,860.0,860.0,735.0,850.0,-10.0,29965600.0,25225390000.0,1969.0,5301200.0,5504500.0
MMLP,Mega Manunggal Property Tbk.,302.0,300.0,322.0,300.0,320.0,18.0,3949700.0,1230502000.0,915.0,9900.0,296300.0
MNCN,Media Nusantara Citra Tbk.,200.0,200.0,202.0,198.0,200.0,0.0,36093600.0,7201623000.0,1431.0,14655300.0,9545100.0
MOLI,Madusari Murni Indah Tbk.,316.0,312.0,350.0,310.0,350.0,34.0,15289100.0,5107192400.0,1746.0,4655800.0,1638700.0
MORA,Ekamas Mora Republik Tbk.,5100.0,5150.0,5200.0,5050.0,5125.0,25.0,118900.0,608207500.0,167.0,6300.0,8700.0
MPIX,Mitra Pedagang Indonesia Tbk.,182.0,183.0,191.0,171.0,183.0,1.0,40842900.0,7355657700.0,4085.0,3883500.0,5673100.0
MPMX,Mitra Pinasthika Mustika Tbk.,1025.0,1025.0,1050.0,1015.0,1035.0,10.0,2916100.0,2999054000.0,764.0,194700.0,965000.0
MPOW,Megapower Makmur Tbk.,114.0,115.0,118.0,112.0,115.0,1.0,7307300.0,837680000.0,2348.0,202300.0,274800.0
MPPA,Matahari Putra Prima Tbk.,40.0,0.0,40.0,37.0,38.0,-2.0,12636200.0,480437400.0,375.0,0.0,0.0
MPRO,Maha Properti Indonesia Tbk.,11850.0,0.0,11750.0,11025.0,11600.0,-250.0,1500.0,17217500.0,15.0,0.0,200.0
MPXL,MPX Logistics International Tbk.,168.0,165.0,171.0,160.0,166.0,-2.0,227600.0,37571100.0,148.0,14200.0,1300.0
MRAT,Mustika Ratu Tbk.,390.0,390.0,394.0,386.0,390.0,0.0,48000.0,18638800.0,36.0,0.0,0.0
MREI,Maskapai Reasuransi Indonesia Tbk.,920.0,0.0,0.0,0.0,920.0,0.0,0.0,0.0,0.0,0.0,0.0
MSIE,Multisarana Intan Eduka Tbk.,180.0,0.0,184.0,170.0,174.0,-6.0,4806100.0,843773900.0,840.0,212900.0,646000.0
MSIN,MNC Digital Entertainment Tbk.,308.0,308.0,310.0,298.0,304.0,-4.0,52844200.0,16004082400.0,15959.0,32884500.0,30531700.0
MSJA,Multi Spunindo Jaya Tbk.,855.0,855.0,860.0,805.0,830.0,-25.0,13312300.0,11010271000.0,997.0,3988300.0,4358500.0
MSKY,MNC Sky Vision Tbk.,68.0,68.0,71.0,68.0,69.0,1.0,11679500.0,804538100.0,746.0,2062900.0,289900.0
MSTI,Mastersystem Infotama Tbk.,1355.0,1360.0,1360.0,1345.0,1345.0,-10.0,666900.0,901452000.0,291.0,3500.0,42000.0
MTDL,Metrodata Electronics Tbk.,505.0,505.0,510.0,500.0,505.0,0.0,1442400.0,728049000.0,325.0,5200.0,973300.0
MTEL,Dayamitra Telekomunikasi Tbk.,484.0,484.0,484.0,476.0,478.0,-6.0,8878200.0,4251658800.0,1339.0,2761800.0,4777300.0
MTFN,Capitalinc Investment Tbk.,13.0,0.0,0.0,0.0,13.0,0.0,0.0,0.0,0.0,0.0,0.0
MTLA,Metropolitan Land Tbk.,525.0,0.0,525.0,525.0,525.0,0.0,1000.0,525000.0,5.0,0.0,0.0
MTMH,Murni Sadar Tbk.,950.0,985.0,985.0,935.0,950.0,0.0,5600.0,5295000.0,15.0,0.0,900.0
MTPS,Meta Epsi Tbk.,81.0,0.0,0.0,0.0,81.0,0.0,0.0,0.0,0.0,0.0,0.0
MTRA,Mitra Pemuda Tbk.,244.0,0.0,0.0,0.0,244.0,0.0,0.0,0.0,0.0,0.0,0.0
MTSM,Metro Realty Tbk.,500.0,0.0,0.0,0.0,500.0,0.0,0.0,0.0,0.0,0.0,0.0
MTWI,Malacca Trust Wuwungan Insurance Tbk.,270.0,276.0,280.0,260.0,272.0,2.0,40700.0,11081600.0,29.0,0.0,0.0
MUTU,Mutuagung Lestari Tbk.,139.0,140.0,141.0,131.0,132.0,-7.0,43910400.0,5881377500.0,3815.0,3355000.0,3683200.0
MYOH,Samindo Resources Tbk.,1030.0,0.0,1055.0,1025.0,1030.0,0.0,144300.0,150241500.0,98.0,11500.0,126700.0
MYOR,Mayora Indah Tbk.,1490.0,1490.0,1525.0,1490.0,1515.0,25.0,9217000.0,13955155000.0,3525.0,4306100.0,3899400.0
MYTX,Asia Pacific Investama Tbk.,41.0,0.0,0.0,0.0,41.0,0.0,0.0,0.0,0.0,0.0,0.0
NAIK,Adiwarna Anugerah Abadi Tbk.,92.0,91.0,93.0,90.0,93.0,1.0,1937800.0,177389300.0,273.0,156400.0,116300.0
NANO,Nanotech Indonesia Global Tbk.,34.0,0.0,35.0,33.0,35.0,1.0,12318300.0,422022100.0,453.0,676700.0,0.0
NASA,Andalan Perkasa Abadi Tbk.,36.0,0.0,39.0,37.0,37.0,1.0,1357900.0,52624700.0,71.0,0.0,0.0
NASI,Wahana Inti Makmur Tbk.,161.0,165.0,180.0,162.0,174.0,13.0,48078900.0,8091724900.0,3416.0,100.0,5100.0
NATO,Olympus Strategic Indonesia Tbk.,980.0,980.0,1055.0,940.0,1055.0,75.0,431300.0,418773500.0,289.0,31200.0,6700.0
NAYZ,Hassana Boga Sejahtera Tbk.,78.0,0.0,78.0,75.0,76.0,-2.0,22648800.0,1728936300.0,843.0,1638400.0,4502100.0
NCKL,Trimegah Bangun Persada Tbk.,920.0,920.0,945.0,915.0,940.0,20.0,32328500.0,30154695500.0,3991.0,13053600.0,16958000.0
NELY,Pelayaran Nelly Dwi Putri Tbk.,210.0,210.0,214.0,206.0,208.0,-2.0,275900.0,57190000.0,100.0,23500.0,18000.0
NEST,Esta Indonesia Tbk.,720.0,720.0,730.0,720.0,730.0,10.0,4898100.0,3551963000.0,2284.0,933900.0,219300.0
NETV,MDTV Media Technologies Tbk.,50.0,50.0,50.0,50.0,50.0,0.0,149900.0,7495000.0,44.0,0.0,0.0
NFCX,NFC Indonesia Tbk.,1700.0,1700.0,1700.0,1665.0,1700.0,0.0,3100.0,5235000.0,4.0,0.0,0.0
NICE,Adhi Kartiko Pratama Tbk.,358.0,358.0,366.0,348.0,358.0,0.0,1524600.0,545371000.0,312.0,499000.0,105300.0
NICK,Charnic Capital Tbk.,2660.0,2660.0,2900.0,2600.0,2780.0,120.0,43000.0,118039000.0,95.0,1300.0,200.0
NICL,PAM Mineral Tbk.,454.0,454.0,466.0,448.0,456.0,2.0,45333900.0,20732133600.0,2934.0,3077400.0,4611000.0
NIKL,Pelat Timah Nusantara Tbk.,218.0,218.0,226.0,214.0,222.0,4.0,4274600.0,940678000.0,655.0,1248600.0,531500.0
NINE,Techno9 Indonesia Tbk.,82.0,0.0,90.0,82.0,88.0,6.0,22316100.0,1952649800.0,1214.0,982100.0,1983300.0
NIRO,City Retail Developments Tbk.,181.0,187.0,187.0,180.0,181.0,0.0,275100.0,50292300.0,103.0,0.0,24800.0
NISP,Bank OCBC NISP Tbk.,1265.0,1265.0,1275.0,1260.0,1265.0,0.0,5647300.0,7144752000.0,302.0,1630300.0,3456300.0
NOBU,Bank Nationalnobu Tbk.,510.0,515.0,550.0,500.0,540.0,30.0,29986200.0,15333564000.0,2021.0,1257200.0,403800.0
NPGF,Nusa Palapa Gemilang Tbk.,56.0,56.0,57.0,55.0,56.0,0.0,6068900.0,339346000.0,517.0,3600.0,0.0
NRCA,Nusa Raya Cipta Tbk.,540.0,540.0,630.0,540.0,610.0,70.0,27475600.0,16287523000.0,4153.0,7343900.0,1912300.0
NSSS,Nusantara Sawit Sejahtera Tbk.,805.0,805.0,820.0,790.0,810.0,5.0,2557900.0,2062285500.0,821.0,548800.0,483000.0
NTBK,Nusatama Berkah Tbk.,81.0,81.0,84.0,81.0,81.0,0.0,7894200.0,645248400.0,742.0,1422900.0,473000.0
NUSA,Sinergi Megah Internusa Tbk.,50.0,0.0,0.0,0.0,50.0,0.0,0.0,0.0,0.0,0.0,0.0
NZIA,Nusantara Almazia Tbk.,181.0,181.0,181.0,173.0,179.0,-2.0,14039000.0,2490076500.0,2559.0,4930200.0,1001500.0
OASA,Maharaksa Biru Energi Tbk.,274.0,266.0,286.0,266.0,286.0,12.0,10484600.0,2888111000.0,1098.0,3169100.0,2100700.0
OBAT,Brigit Biofarmaka Teknologi Tbk.,238.0,238.0,268.0,236.0,240.0,2.0,1814500.0,453609800.0,615.0,7800.0,7400.0
OBMD,OBM Drilchem Tbk.,210.0,216.0,224.0,202.0,204.0,-6.0,1625500.0,341950000.0,502.0,8000.0,6300.0
OCAP,Onix Capital Tbk.,159.0,0.0,0.0,0.0,159.0,0.0,0.0,0.0,0.0,0.0,0.0
OILS,Indo Oil Perkasa Tbk.,312.0,312.0,318.0,306.0,312.0,0.0,6487100.0,2011873000.0,893.0,1430500.0,117600.0
OKAS,Ancora Indonesia Resources Tbk.,116.0,115.0,117.0,114.0,115.0,-1.0,3164100.0,364460900.0,260.0,0.0,100.0
OLIV,Atlas Nexus Group Tbk.,57.0,0.0,58.0,54.0,57.0,0.0,14599700.0,817719800.0,1279.0,1890600.0,14400.0
OMED,Jayamas Medica Industri Tbk.,212.0,214.0,220.0,212.0,214.0,2.0,9166000.0,1978988000.0,593.0,2057500.0,1561900.0
OMRE,Indonesia Prima Property Tbk,960.0,0.0,1170.0,920.0,920.0,-40.0,39900.0,39778500.0,86.0,300.0,5500.0
OPMS,Optima Prima Metal Sinergi Tbk.,118.0,118.0,118.0,114.0,116.0,-2.0,2162900.0,250518900.0,305.0,25800.0,627300.0
PACK,Abadi Nusantara Hijau Investama Tbk.,560.0,0.0,615.0,615.0,615.0,55.0,504038700.0,309983800500.0,3788.0,108850000.0,194790000.0
PADA,Personel Alih Daya Tbk.,190.0,191.0,206.0,191.0,206.0,16.0,36928000.0,7356752100.0,3194.0,5420600.0,3229100.0
PADI,Minna Padi Investama Sekuritas Tbk.,69.0,70.0,70.0,65.0,67.0,-2.0,410988300.0,27485597100.0,9113.0,60647900.0,60788100.0
PALM,Provident Investasi Bersama Tbk.,290.0,0.0,290.0,286.0,290.0,0.0,30400.0,8761200.0,42.0,400.0,2100.0
PAMG,Bima Sakti Pertiwi Tbk.,55.0,55.0,56.0,54.0,56.0,1.0,2692200.0,148286600.0,224.0,19100.0,15900.0
PANI,Pantai Indah Kapuk Dua Tbk.,5425.0,5425.0,5500.0,5225.0,5450.0,25.0,6130100.0,32958622500.0,2952.0,1288400.0,904700.0
PANR,Panorama Sentrawisata Tbk.,410.0,412.0,412.0,408.0,412.0,2.0,71200.0,29138200.0,73.0,0.0,53300.0
PANS,Panin Sekuritas Tbk.,1650.0,1650.0,1660.0,1645.0,1655.0,5.0,154100.0,254777500.0,103.0,15100.0,0.0
PART,Cipta Perdana Lancar Tbk.,110.0,110.0,119.0,108.0,111.0,1.0,71870400.0,8143356200.0,8755.0,5700100.0,7478700.0
PBID,Panca Budi Idaman Tbk.,525.0,525.0,530.0,520.0,525.0,0.0,526300.0,276415500.0,181.0,160600.0,3200.0
PBRX,Pan Brothers Tbk.,26.0,0.0,27.0,26.0,26.0,0.0,1457300.0,38817300.0,94.0,0.0,0.0
PBSA,Paramita Bangun Sarana Tbk.,750.0,750.0,755.0,730.0,740.0,-10.0,1451600.0,1070797500.0,474.0,2600.0,249600.0
PCAR,Prima Cakrawala Abadi Tbk.,43.0,0.0,44.0,44.0,44.0,1.0,1952600.0,85914400.0,55.0,0.0,260000.0
PDES,Destinasi Tirta Nusantara Tbk,376.0,0.0,390.0,370.0,388.0,12.0,1594500.0,605302200.0,436.0,25300.0,46900.0
PDPP,Primadaya Plastisindo Tbk.,338.0,350.0,350.0,334.0,340.0,2.0,79200.0,26915400.0,94.0,500.0,0.0
PEGE,Panca Global Kapital Tbk.,134.0,135.0,141.0,134.0,135.0,1.0,19476300.0,2671359300.0,1482.0,2833500.0,1888800.0
PEHA,Phapros Tbk.,288.0,300.0,300.0,292.0,292.0,4.0,610000.0,179722200.0,173.0,20400.0,13500.0
PEVE,Penta Valent Tbk.,306.0,0.0,308.0,296.0,308.0,2.0,1241800.0,378415000.0,179.0,0.0,0.0
PGAS,Perusahaan Gas Negara (Persero) Tbk.,1520.0,1520.0,1535.0,1490.0,1495.0,-25.0,55628100.0,83881028500.0,9479.0,18684700.0,22543700.0
PGEO,Pertamina Geothermal Energy Tbk.,1040.0,1050.0,1055.0,1035.0,1055.0,15.0,9266900.0,9709337500.0,1642.0,1465200.0,505900.0
PGJO,Bahtera Bumi Raya Tbk.,865.0,0.0,910.0,860.0,885.0,20.0,941900.0,826531500.0,296.0,32700.0,0.0
PGLI,Pembangunan Graha Lestari Indah Tbk.,210.0,208.0,212.0,202.0,210.0,0.0,159700.0,32900800.0,87.0,0.0,0.0
PGUN,Pradiksi Gunatama Tbk.,9400.0,0.0,11200.0,9300.0,10050.0,650.0,875800.0,9178902500.0,1989.0,50200.0,48300.0
PICO,Pelangi Indah Canindo Tbk,177.0,180.0,188.0,176.0,180.0,3.0,953100.0,171293700.0,361.0,12300.0,75700.0
PIPA,Oxala Energy International Tbk.,173.0,170.0,184.0,165.0,180.0,7.0,93152400.0,16474628700.0,7155.0,21228200.0,21064300.0
PJAA,Pembangunan Jaya Ancol Tbk.,466.0,0.0,468.0,466.0,468.0,2.0,33900.0,15848800.0,19.0,0.0,1800.0
PJHB,Pelayaran Jaya Hidup Baru Tbk.,176.0,176.0,181.0,176.0,177.0,1.0,1110000.0,196476700.0,291.0,213100.0,0.0
PKPK,Paragon Karya Perkasa Tbk.,4170.0,4170.0,4330.0,4140.0,4300.0,130.0,1302900.0,5495432000.0,735.0,263200.0,184500.0
PLAN,Planet Properindo Jaya Tbk.,62.0,0.0,67.0,61.0,65.0,3.0,8854900.0,566892200.0,652.0,8100.0,10900.0
PLAS,Polaris Investama Tbk,50.0,0.0,0.0,0.0,50.0,0.0,0.0,0.0,0.0,0.0,0.0
PLIN,Plaza Indonesia Realty Tbk.,2510.0,0.0,0.0,0.0,2510.0,0.0,0.0,0.0,0.0,0.0,0.0
PMJS,Putra Mandiri Jembar Tbk.,144.0,145.0,147.0,142.0,145.0,1.0,205100.0,29619000.0,72.0,14200.0,15300.0
PMMP,Panca Mitra Multiperdana Tbk.,50.0,0.0,0.0,0.0,50.0,0.0,0.0,0.0,0.0,0.0,0.0
PMUI,Prima Multi Usaha Indonesia Tbk.,103.0,102.0,105.0,102.0,103.0,0.0,409800.0,42211000.0,91.0,4200.0,4200.0
PNBN,Bank Pan Indonesia Tbk,890.0,890.0,900.0,885.0,885.0,-5.0,834300.0,741061500.0,232.0,2600.0,289300.0
PNBS,Bank Panin Dubai Syariah Tbk.,50.0,50.0,50.0,50.0,50.0,0.0,43200.0,2160000.0,16.0,0.0,0.0
PNGO,AEP Pinago Plantations Tbk.,3590.0,0.0,3590.0,3590.0,3590.0,0.0,5000.0,17950000.0,10.0,0.0,0.0
PNIN,Paninvest Tbk.,715.0,0.0,720.0,705.0,715.0,0.0,28800.0,20574500.0,33.0,4400.0,200.0
PNLF,Panin Financial Tbk.,222.0,222.0,222.0,220.0,220.0,-2.0,2130700.0,469453400.0,209.0,28700.0,302200.0
PNSE,Pudjiadi & Sons Tbk.,500.0,0.0,500.0,466.0,492.0,-8.0,32100.0,15355000.0,56.0,0.0,0.0
POLA,Pool Advista Finance Tbk.,72.0,73.0,92.0,71.0,85.0,13.0,199882400.0,17001604100.0,8735.0,14906700.0,14995400.0
POLI,Pollux Hotels Group Tbk.,900.0,910.0,940.0,850.0,940.0,40.0,12700.0,11407500.0,46.0,100.0,1400.0
POLL,Pollux Properties Indonesia Tbk.,112.0,0.0,0.0,0.0,112.0,0.0,0.0,0.0,0.0,0.0,0.0
POLU,Golden Flower Tbk.,18000.0,18000.0,18600.0,17100.0,17250.0,-750.0,21900.0,386330000.0,138.0,1000.0,1100.0
POLY,Asia Pacific Fibers Tbk,32.0,0.0,0.0,0.0,32.0,0.0,0.0,0.0,0.0,0.0,0.0
POOL,Pool Advista Indonesia Tbk.,50.0,0.0,0.0,0.0,50.0,0.0,0.0,0.0,0.0,0.0,0.0
PORT,Nusantara Pelabuhan Handal Tbk.,960.0,0.0,960.0,925.0,955.0,-5.0,14100.0,13299500.0,38.0,1900.0,0.0
POSA,Bliss Properti Indonesia Tbk.,50.0,0.0,0.0,0.0,50.0,0.0,0.0,0.0,0.0,0.0,0.0
POWR,Cikarang Listrindo Tbk.,985.0,990.0,1020.0,965.0,1015.0,30.0,10234400.0,10214717000.0,2308.0,4792000.0,1630800.0
PPGL,Prima Globalindo Logistik Tbk.,468.0,0.0,0.0,0.0,468.0,0.0,0.0,0.0,0.0,0.0,0.0
PPRE,PP Presisi Tbk.,104.0,104.0,106.0,103.0,105.0,1.0,10752400.0,1124168600.0,831.0,1948400.0,1720700.0
PPRI,Paperocks Indonesia Tbk.,173.0,173.0,175.0,166.0,173.0,0.0,2251000.0,384650500.0,363.0,525700.0,262200.0
PPRO,PP Properti Tbk.,15.0,0.0,15.0,15.0,15.0,0.0,12539100.0,188086500.0,211.0,0.0,0.0
PRAY,Famon Awal Bros Sedaya Tbk.,740.0,745.0,745.0,720.0,720.0,-20.0,500.0,365000.0,5.0,0.0,0.0
PRDA,Prodia Widyahusada Tbk.,2820.0,2830.0,2860.0,2810.0,2860.0,40.0,986700.0,2804929000.0,687.0,302400.0,331400.0
PRDL,Prodia Diagnostic Line Tbk.,220.0,218.0,220.0,204.0,212.0,-8.0,9815000.0,2073694800.0,2889.0,1963900.0,1508000.0
PRIM,Royal Prima Tbk.,121.0,121.0,123.0,118.0,120.0,-1.0,3469000.0,418215000.0,348.0,260100.0,21900.0
PSAB,J Resources Asia Pasifik Tbk.,555.0,555.0,570.0,550.0,565.0,10.0,61611000.0,34363617000.0,3753.0,20747600.0,10423800.0
PSAT,Pancaran Samudera Transport Tbk.,865.0,0.0,870.0,855.0,860.0,-5.0,70700.0,61027000.0,56.0,0.0,2800.0
PSDN,Prasidha Aneka Niaga Tbk,132.0,132.0,144.0,132.0,136.0,4.0,15421100.0,2136366400.0,2320.0,445700.0,2518400.0
PSGO,Palma Serasih Tbk.,194.0,194.0,195.0,189.0,195.0,1.0,380000.0,72596300.0,125.0,73500.0,5700.0
PSKT,Red Planet Indonesia Tbk.,232.0,232.0,238.0,230.0,232.0,0.0,9977200.0,2319503000.0,384.0,1800600.0,1694200.0
PSSI,IMC Pelita Logistik Tbk.,358.0,0.0,360.0,352.0,358.0,0.0,295600.0,105368600.0,38.0,0.0,16600.0
PTBA,Bukit Asam (Persero) Tbk.,3000.0,3010.0,3140.0,2990.0,3140.0,140.0,49391500.0,152566278000.0,16543.0,19297000.0,18737500.0
PTDU,Djasa Ubersakti Tbk.,70.0,0.0,0.0,0.0,70.0,0.0,0.0,0.0,0.0,0.0,0.0
PTIS,Indo Straits Tbk.,260.0,260.0,270.0,258.0,266.0,6.0,129300.0,33802800.0,112.0,0.0,0.0
PTMP,Mitra Pack Tbk.,64.0,64.0,65.0,63.0,63.0,-1.0,9622000.0,611186000.0,494.0,356100.0,85200.0
PTMR,Master Print Tbk.,374.0,0.0,0.0,0.0,374.0,0.0,0.0,0.0,0.0,0.0,0.0
PTPP,PP (Persero) Tbk.,195.0,195.0,202.0,195.0,197.0,2.0,5271200.0,1045244500.0,619.0,864100.0,623800.0
PTPS,Pulau Subur Tbk.,155.0,156.0,163.0,154.0,163.0,8.0,2124000.0,337713900.0,536.0,107900.0,33500.0
PTPW,Pratama Widya Tbk.,1170.0,1165.0,1170.0,1165.0,1170.0,0.0,13100.0,15264000.0,19.0,0.0,0.0
PTRO,Petrosea Tbk.,5075.0,5125.0,5400.0,5125.0,5325.0,250.0,42409400.0,224534287500.0,14654.0,10694900.0,5307100.0
PTSN,Sat Nusapersada Tbk,440.0,424.0,438.0,410.0,428.0,-12.0,6673000.0,2830915600.0,1354.0,478900.0,242100.0
PTSP,Pioneerindo Gourmet International Tbk.,1230.0,0.0,1230.0,1185.0,1225.0,-5.0,8600.0,10465000.0,49.0,0.0,0.0
PUDP,Pudjiadi Prestige Tbk.,272.0,272.0,272.0,270.0,272.0,0.0,86500.0,23429000.0,28.0,0.0,0.0
PURA,Putra Rajawali Kencana Tbk.,32.0,0.0,32.0,31.0,32.0,0.0,2580300.0,80495600.0,127.0,0.0,1000.0
PURE,Trinitan Metals and Minerals Tbk.,51.0,0.0,0.0,0.0,51.0,0.0,0.0,0.0,0.0,0.0,0.0
PURI,Puri Global Sukses Tbk.,159.0,157.0,169.0,156.0,158.0,-1.0,13784000.0,2257165300.0,1870.0,196500.0,201700.0
PWON,Pakuwon Jati Tbk.,268.0,270.0,272.0,268.0,270.0,2.0,16505100.0,4463323400.0,1158.0,2607400.0,6978400.0
PYFA,Pyridam Farma Tbk,250.0,254.0,258.0,244.0,254.0,4.0,12341200.0,3083393400.0,988.0,1585700.0,581600.0
PZZA,Sarimelati Kencana Tbk.,185.0,0.0,206.0,183.0,188.0,3.0,4894100.0,954116800.0,1281.0,324400.0,288200.0
RAAM,Tripar Multivision Plus Tbk.,177.0,0.0,195.0,173.0,176.0,-1.0,10823800.0,2012466000.0,2206.0,944500.0,798100.0
RAFI,Sari Kreasi Boga Tbk.,36.0,0.0,0.0,0.0,36.0,0.0,0.0,0.0,0.0,0.0,0.0
RAJA,Rukun Raharja Tbk.,755.0,755.0,775.0,745.0,760.0,5.0,29722700.0,22575663000.0,5558.0,3771500.0,3101000.0
RALS,Ramayana Lestari Sentosa Tbk.,386.0,384.0,388.0,382.0,386.0,0.0,3471700.0,1334327600.0,477.0,708100.0,400.0
RANC,Supra Boga Lestari Tbk.,535.0,0.0,550.0,545.0,550.0,15.0,13800.0,7580000.0,15.0,4700.0,0.0
RANS,Rans Entertainmen Indonesia Tbk.,199.0,200.0,206.0,197.0,202.0,3.0,65646600.0,13156446000.0,4925.0,3513900.0,3588900.0
RATU,Raharja Energi Cepu Tbk.,4320.0,4300.0,4370.0,4230.0,4350.0,30.0,4854800.0,20881231000.0,2754.0,1028800.0,1514400.0
RBMS,Ristia Bintang Mahkotasejati Tbk.,62.0,62.0,63.0,61.0,63.0,1.0,13604700.0,836311300.0,701.0,24900.0,19600.0
RCCC,Utama Radar Cahaya Tbk.,112.0,0.0,117.0,111.0,115.0,3.0,1018200.0,117809800.0,418.0,0.0,0.0
RDTX,Roda Vivatex Tbk,13100.0,0.0,13125.0,13125.0,13125.0,25.0,100.0,1312500.0,1.0,0.0,0.0
REAL,Repower Asia Indonesia Tbk.,50.0,50.0,50.0,50.0,50.0,0.0,651700.0,32585000.0,48.0,0.0,0.0
RELF,Graha Mitra Asia Tbk.,41.0,0.0,45.0,40.0,44.0,3.0,50573400.0,2184171000.0,2003.0,308900.0,274800.0
RELI,Reliance Sekuritas Indonesia Tbk.,560.0,555.0,565.0,530.0,530.0,-30.0,20300.0,10818500.0,26.0,0.0,0.0
RGAS,Kian Santang Muliatama Tbk.,110.0,110.0,112.0,107.0,110.0,0.0,16764000.0,1828186900.0,2168.0,1233200.0,1832800.0
RICY,Ricky Putra Globalindo Tbk,78.0,78.0,79.0,77.0,79.0,1.0,567600.0,44246300.0,69.0,0.0,0.0
RIGS,Rig Tenders Indonesia Tbk.,650.0,0.0,650.0,625.0,640.0,-10.0,112400.0,71153500.0,96.0,10700.0,13200.0
RIMO,Rimo International Lestari Tbk,50.0,0.0,0.0,0.0,50.0,0.0,0.0,0.0,0.0,0.0,0.0
RISE,Jaya Sukses Makmur Sentosa Tbk.,795.0,795.0,860.0,790.0,845.0,50.0,1974700.0,1637037500.0,757.0,382700.0,311400.0
RLCO,Abadi Lestari Indonesia Tbk.,4310.0,4310.0,4380.0,4290.0,4340.0,30.0,293800.0,1271563000.0,764.0,32100.0,19000.0
RMKE,RMK Energy Tbk.,400.0,400.0,406.0,392.0,396.0,-4.0,53667100.0,21356693000.0,4401.0,5033800.0,13009700.0
RMKO,Royaltama Mulia Kontraktorindo Tbk.,320.0,316.0,332.0,312.0,326.0,6.0,3515600.0,1132575800.0,766.0,1181900.0,325400.0
ROCK,Rockfields Properti Indonesia Tbk.,2010.0,0.0,2060.0,1990.0,1995.0,-15.0,5700.0,11410000.0,23.0,0.0,100.0
RODA,Pikko Land Development Tbk.,66.0,67.0,69.0,65.0,67.0,1.0,34465900.0,2315083000.0,4061.0,351800.0,2767400.0
RONY,Aracord Nusantara Group Tbk.,1420.0,0.0,1590.0,1435.0,1490.0,70.0,69500.0,105854500.0,200.0,100.0,0.0
ROTI,Nippon Indosari Corpindo Tbk.,590.0,590.0,590.0,585.0,585.0,-5.0,319700.0,187312000.0,199.0,0.0,34500.0
RSCH,Charlie Hospital Semarang Tbk.,430.0,430.0,446.0,428.0,442.0,12.0,26401000.0,11497904400.0,4263.0,3084300.0,1242300.0
RSGK,Kedoya Adyaraya Tbk.,1070.0,1070.0,1140.0,1055.0,1075.0,5.0,6600.0,7087000.0,30.0,600.0,700.0
RUIS,Radiant Utama Interinsco Tbk.,202.0,202.0,206.0,200.0,200.0,-2.0,492100.0,99483800.0,135.0,2000.0,2200.0
RUNS,Global Sukses Solusi Tbk.,68.0,0.0,72.0,67.0,70.0,2.0,812900.0,57314500.0,176.0,0.0,0.0
SAFE,Steady Safe Tbk,1055.0,0.0,1160.0,1160.0,1160.0,105.0,1133700.0,1315092000.0,308.0,0.0,0.0
SAGE,Saptausaha Gemilangindah Tbk.,30.0,0.0,31.0,30.0,31.0,1.0,2744100.0,83026100.0,132.0,0.0,0.0
SAME,Sarana Meditama Metropolitan Tbk.,298.0,296.0,302.0,294.0,302.0,4.0,406600.0,121663600.0,109.0,30100.0,8000.0
SAMF,Saraswanti Anugerah Makmur Tbk.,308.0,308.0,318.0,308.0,316.0,8.0,38000.0,11910800.0,61.0,1200.0,0.0
SAPX,Satria Antaran Prima Tbk.,366.0,350.0,386.0,312.0,322.0,-44.0,40522800.0,13749066200.0,7655.0,2954800.0,1957700.0
SATU,Kota Satu Properti Tbk.,240.0,240.0,240.0,238.0,240.0,0.0,112900.0,26999400.0,28.0,0.0,10800.0
SBAT,Sejahtera Bintang Abadi Textile Tbk.,1.0,0.0,0.0,0.0,1.0,0.0,0.0,0.0,0.0,0.0,0.0
SBMA,Surya Biru Murni Acetylene Tbk.,112.0,112.0,116.0,111.0,114.0,2.0,1485700.0,169040500.0,209.0,308800.0,0.0
SCCO,Supreme Cable Manufacturing & Commerce Tbk.,2980.0,2980.0,2980.0,2770.0,2770.0,-210.0,249600.0,710381000.0,274.0,3100.0,23700.0
SCMA,Surya Citra Media Tbk.,195.0,196.0,197.0,193.0,196.0,1.0,22675500.0,4419364100.0,1821.0,2574400.0,2773700.0
SCNP,Selaras Citra Nusantara Perkasa Tbk.,156.0,0.0,159.0,156.0,156.0,0.0,208600.0,32731700.0,36.0,84400.0,300.0
SCPI,Organon Pharma Indonesia Tbk.,29000.0,0.0,0.0,0.0,29000.0,0.0,0.0,0.0,0.0,0.0,0.0
SDMU,Sidomulyo Selaras Tbk.,91.0,91.0,93.0,90.0,93.0,2.0,8148300.0,743806800.0,588.0,2566100.0,135700.0
SDPC,Millennium Pharmacon International Tbk.,197.0,0.0,199.0,192.0,196.0,-1.0,31000.0,6034200.0,40.0,0.0,0.0
SDRA,Bank Woori Saudara Indonesia 1906 Tbk.,214.0,214.0,214.0,210.0,214.0,0.0,590300.0,124423800.0,145.0,25000.0,0.0
SEMA,Semacom Integrated Tbk.,234.0,236.0,282.0,222.0,246.0,12.0,58558900.0,14997293600.0,9429.0,3549200.0,3259700.0
SFAN,Surya Fajar Capital Tbk.,2030.0,0.0,2030.0,2020.0,2020.0,-10.0,51100.0,103597000.0,38.0,1200.0,0.0
SGER,Sumber Global Energy Tbk.,685.0,685.0,715.0,685.0,700.0,15.0,48741800.0,34161533500.0,3028.0,10652700.0,7348100.0
SGRO,Prime Agri Resources Tbk.,4710.0,4710.0,4710.0,4500.0,4650.0,-60.0,18700.0,86274000.0,75.0,0.0,0.0
SHID,Hotel Sahid Jaya International Tbk.,760.0,765.0,785.0,730.0,770.0,10.0,34500.0,26061500.0,48.0,200.0,0.0
SHIP,Sillo Maritime Perdana Tbk.,2700.0,2700.0,2740.0,2600.0,2710.0,10.0,38700.0,102158000.0,108.0,0.0,1200.0
SICO,Sigma Energy Compressindo Tbk.,113.0,113.0,116.0,113.0,115.0,2.0,2860600.0,327407700.0,361.0,11400.0,18400.0
SIDO,Industri Jamu dan Farmasi Sido Muncul Tbk.,348.0,348.0,352.0,348.0,352.0,4.0,11793800.0,4126489200.0,2182.0,3285100.0,3724700.0
SILO,Siloam International Hospitals Tbk.,2020.0,2000.0,2020.0,1995.0,1995.0,-25.0,617800.0,1241125500.0,540.0,232400.0,228200.0
SIMA,Siwani Makmur Tbk,50.0,0.0,0.0,0.0,50.0,0.0,0.0,0.0,0.0,0.0,0.0
SIMP,Salim Ivomas Pratama Tbk.,610.0,610.0,635.0,610.0,635.0,25.0,14177500.0,8907710000.0,1562.0,5345000.0,1067700.0
SINI,Singaraja Putra Tbk.,14475.0,14425.0,16800.0,14250.0,16800.0,2325.0,20753600.0,329366400000.0,14662.0,5383900.0,1350300.0
SIPD,Sreeya Sewu Indonesia Tbk.,900.0,0.0,915.0,855.0,905.0,5.0,11200.0,9941000.0,23.0,0.0,2300.0
SKBM,Sekar Bumi Tbk.,540.0,540.0,540.0,515.0,535.0,-5.0,163200.0,85409500.0,99.0,0.0,0.0
SKLT,Sekar Laut Tbk.,214.0,212.0,218.0,206.0,210.0,-4.0,199600.0,41715400.0,119.0,31400.0,8800.0
SKRN,Superkrane Mitra Utama Tbk.,398.0,398.0,412.0,390.0,408.0,10.0,199800.0,79606000.0,134.0,40200.0,0.0
SKYB,Northcliff Citranusa Indonesia Tbk.,51.0,0.0,0.0,0.0,51.0,0.0,0.0,0.0,0.0,0.0,0.0
SLIS,Gaya Abadi Sempurna Tbk.,93.0,91.0,92.0,87.0,89.0,-4.0,89811600.0,7947933000.0,5815.0,10862800.0,4963000.0
SMAR,Sinar Mas Agro Resources and Technology Tbk.,6050.0,6050.0,6675.0,6000.0,6400.0,350.0,230100.0,1420485000.0,377.0,59300.0,0.0
SMBR,Semen Baturaja (Persero) Tbk.,168.0,168.0,196.0,167.0,178.0,10.0,79309500.0,14517896500.0,6328.0,4439700.0,5602600.0
SMCB,Solusi Bangun Indonesia Tbk.,775.0,0.0,0.0,0.0,775.0,0.0,0.0,0.0,0.0,0.0,0.0
SMDM,Suryamas Dutamakmur Tbk.,550.0,545.0,545.0,530.0,540.0,-10.0,11700.0,6318500.0,18.0,1000.0,1000.0
SMDR,Samudera Indonesia  Tbk.,390.0,388.0,400.0,388.0,398.0,8.0,24021800.0,9494095200.0,2011.0,14374500.0,1841500.0
SMGA,Sumber Mineral Global Abadi Tbk.,87.0,86.0,87.0,84.0,86.0,-1.0,4937500.0,421461800.0,422.0,537500.0,338600.0
SMGR,Semen Indonesia (Persero) Tbk.,1585.0,1590.0,1625.0,1580.0,1620.0,35.0,14461100.0,23275329000.0,3038.0,6013100.0,7506800.0
SMIL,Sarana Mitra Luas Tbk.,426.0,426.0,436.0,424.0,430.0,4.0,41904800.0,18059841000.0,1099.0,10769800.0,8333200.0
SMKL,Satyamitra Kemas Lestari Tbk.,153.0,154.0,158.0,152.0,156.0,3.0,168500.0,26310800.0,59.0,0.0,4400.0
SMKM,Sumber Mas Konstruksi Tbk.,105.0,0.0,106.0,100.0,100.0,-5.0,1906300.0,193389700.0,222.0,0.0,0.0
SMLE,Sinergi Multi Lestarindo Tbk.,214.0,222.0,222.0,202.0,214.0,0.0,16431000.0,3418663200.0,1920.0,1347100.0,2209400.0
SMMA,Sinarmas Multiartha Tbk.,20000.0,0.0,20025.0,19475.0,20000.0,0.0,4300.0,85852500.0,16.0,4200.0,1700.0
SMMT,Golden Eagle Energy Tbk.,3100.0,3100.0,3100.0,2960.0,2970.0,-130.0,691500.0,2072619000.0,538.0,55800.0,150500.0
SMRA,Summarecon Agung Tbk.,288.0,288.0,296.0,288.0,290.0,2.0,37733100.0,10985875000.0,2227.0,1342700.0,6169700.0
SMRU,SMR Utama Tbk.,50.0,0.0,0.0,0.0,50.0,0.0,0.0,0.0,0.0,0.0,0.0
SMSM,Selamat Sempurna Tbk.,1715.0,1710.0,1720.0,1705.0,1710.0,-5.0,2477900.0,4237794000.0,1890.0,297900.0,2277800.0
SNLK,Sunter Lakeside Hotel Tbk.,254.0,254.0,258.0,250.0,258.0,4.0,25367800.0,6439004200.0,972.0,1635700.0,298300.0
SOCI,Soechi Lines Tbk.,635.0,635.0,650.0,620.0,620.0,-15.0,20176800.0,12632401500.0,2355.0,5019800.0,4090400.0
SOFA,Solusi Environment Asia Tbk.,358.0,0.0,370.0,338.0,346.0,-12.0,5261300.0,1831359400.0,819.0,332600.0,210100.0
SOHO,Soho Global Health Tbk.,1660.0,1640.0,1655.0,1565.0,1630.0,-30.0,144300.0,233819500.0,203.0,1300.0,9300.0
SOLA,Xolare RCR Energy Tbk.,89.0,90.0,92.0,89.0,90.0,1.0,6055700.0,546374700.0,536.0,359000.0,393200.0
SONA,Sona Topas Tourism Industry Tbk.,2190.0,0.0,2400.0,2320.0,2400.0,210.0,8300.0,19560000.0,25.0,0.0,0.0
SOSS,ALSOK Indonesia Services Tbk.,935.0,0.0,0.0,0.0,935.0,0.0,0.0,0.0,0.0,0.0,0.0
SOTS,Satria Mega Kencana Tbk.,590.0,0.0,600.0,590.0,600.0,10.0,103100.0,60963000.0,38.0,0.0,0.0
SOUL,Mitra Tirta Buwana Tbk.,37.0,0.0,0.0,0.0,37.0,0.0,0.0,0.0,0.0,0.0,0.0
SPMA,Suparma Tbk.,170.0,172.0,173.0,169.0,171.0,1.0,246200.0,42143300.0,61.0,21300.0,0.0
SPRE,Soraya Berjaya Indonesia Tbk.,96.0,0.0,105.0,92.0,104.0,8.0,4289700.0,436531900.0,690.0,0.0,0.0
SPTO,Surya Pertiwi Tbk.,610.0,605.0,610.0,600.0,605.0,-5.0,376200.0,227097000.0,222.0,40700.0,700.0
SQMI,Wilton Makmur Indonesia Tbk.,87.0,86.0,104.0,83.0,98.0,11.0,852822100.0,81418613200.0,20946.0,90697900.0,174696800.0
SRAJ,Sejahteraraya Anugrahjaya Tbk.,13650.0,0.0,13625.0,12750.0,13100.0,-550.0,2900.0,37557500.0,20.0,700.0,500.0
SRIL,Sri Rejeki Isman Tbk.,146.0,0.0,0.0,0.0,146.0,0.0,0.0,0.0,0.0,0.0,0.0
SRSN,Indo Acidatama Tbk,101.0,101.0,118.0,100.0,116.0,15.0,828288800.0,91398612600.0,25855.0,164828100.0,135756900.0
SRTG,Saratoga Investama Sedaya Tbk.,1770.0,1770.0,1780.0,1755.0,1770.0,0.0,1185100.0,2096663000.0,683.0,229200.0,175300.0
SSIA,Surya Semesta Internusa Tbk.,1720.0,1720.0,1755.0,1715.0,1725.0,5.0,12319400.0,21334784000.0,3275.0,2378900.0,1045300.0
SSMS,Sawit Sumbermas Sarana Tbk.,1040.0,1035.0,1165.0,1025.0,1155.0,115.0,15604900.0,16970962000.0,2320.0,1792100.0,4017700.0
SSTM,Sunson Textile Manufacture Tbk,430.0,432.0,490.0,430.0,462.0,32.0,475100.0,218352400.0,644.0,32400.0,29400.0
STAA,Sumber Tani Agung Resources Tbk.,1170.0,1170.0,1190.0,1160.0,1175.0,5.0,4873700.0,5716475000.0,570.0,835700.0,413400.0
STAR,Calculus Global Ventures Tbk.,382.0,0.0,382.0,368.0,378.0,-4.0,67100.0,24968400.0,48.0,25900.0,400.0
STRK,Lovina Beach Brewery Tbk.,67.0,67.0,68.0,65.0,66.0,-1.0,6382700.0,421748400.0,417.0,176700.0,237000.0
STTP,Siantar Top Tbk.,9400.0,0.0,9625.0,9400.0,9400.0,0.0,1000.0,9512500.0,8.0,300.0,100.0
SUGI,Sugih Energy Tbk.,50.0,0.0,0.0,0.0,50.0,0.0,0.0,0.0,0.0,0.0,0.0
SULI,SLJ Global Tbk.,86.0,86.0,88.0,85.0,87.0,1.0,3526600.0,305565900.0,344.0,414000.0,347800.0
SUNI,Sunindo Pratama Tbk.,675.0,675.0,680.0,670.0,680.0,5.0,288300.0,194412000.0,90.0,600.0,1000.0
SUPA,Super Bank Indonesia Tbk.,498.0,498.0,510.0,490.0,505.0,7.0,21476900.0,10748087700.0,1883.0,7909700.0,851500.0
SUPR,Solusi Tunas Pratama Tbk.,43850.0,0.0,0.0,0.0,43850.0,0.0,0.0,0.0,0.0,0.0,0.0
SURE,Super Energy Tbk.,3000.0,0.0,3000.0,2990.0,3000.0,0.0,3900.0,11697000.0,11.0,0.0,0.0
SURI,Maja Agung Latexindo Tbk.,85.0,85.0,88.0,84.0,84.0,-1.0,8633500.0,743310200.0,777.0,35800.0,1414100.0
SWAT,Sriwahana Adityakarta Tbk.,16.0,0.0,0.0,0.0,16.0,0.0,0.0,0.0,0.0,0.0,0.0
SWID,Saraswanti Indoland Development Tbk.,124.0,127.0,129.0,123.0,126.0,2.0,5007100.0,628411800.0,533.0,1355500.0,1145900.0
TALF,Tunas Alfin Tbk.,695.0,0.0,705.0,680.0,705.0,10.0,15700.0,10815500.0,40.0,0.0,0.0
TAMA,Lancartama Sejati Tbk.,194.0,0.0,199.0,196.0,196.0,2.0,1131100.0,224325400.0,113.0,0.0,0.0
TAMU,Pelayaran Tamarin Samudra Tbk.,27.0,0.0,26.0,26.0,26.0,-1.0,6681900.0,173729400.0,189.0,0.0,0.0
TAPG,Triputra Agro Persada Tbk.,2210.0,2200.0,2290.0,2200.0,2250.0,40.0,16519500.0,37190169000.0,4606.0,3238300.0,6096800.0
TARA,Agung Semesta Sejahtera Tbk.,31.0,0.0,32.0,31.0,31.0,0.0,1294600.0,41170700.0,37.0,0.0,0.0
TAXI,Express Transindo Utama Tbk.,15.0,0.0,15.0,14.0,14.0,-1.0,16271400.0,231370900.0,221.0,0.0,0.0
TAYS,Jaya Swarasa Agung Tbk.,50.0,0.0,0.0,0.0,50.0,0.0,0.0,0.0,0.0,0.0,0.0
TBIG,Tower Bersama Infrastructure Tbk.,1435.0,0.0,1460.0,1425.0,1430.0,-5.0,113800.0,163249500.0,90.0,11400.0,21400.0
TBLA,Tunas Baru Lampung Tbk.,625.0,625.0,635.0,625.0,630.0,5.0,1284300.0,808422000.0,252.0,5200.0,119300.0
TBMS,Tembaga Mulia Semanan Tbk.,1255.0,1265.0,1265.0,1225.0,1225.0,-30.0,21300.0,26278000.0,36.0,0.0,0.0
TCID,Mandom Indonesia Tbk.,2580.0,0.0,2580.0,2550.0,2580.0,0.0,10300.0,26565000.0,3.0,0.0,300.0
TCPI,Transcoal Pacific Tbk.,1645.0,1635.0,1730.0,1630.0,1705.0,60.0,2817900.0,4758029000.0,1927.0,1383700.0,1297000.0
TDPM,Tianrong Chemicals Industry Tbk.,119.0,0.0,0.0,0.0,119.0,0.0,0.0,0.0,0.0,0.0,0.0
TEBE,Dana Brata Luhur Tbk.,1655.0,1650.0,2060.0,1650.0,1965.0,310.0,70100500.0,136160083500.0,18451.0,16463800.0,5560400.0
TECH,Indosterling Technomedia Tbk.,50.0,0.0,0.0,0.0,50.0,0.0,0.0,0.0,0.0,0.0,0.0
TELE,Omni Inovasi Indonesia Tbk.,9.0,0.0,0.0,0.0,9.0,0.0,0.0,0.0,0.0,0.0,0.0
TFAS,Telefast Indonesia Tbk.,185.0,0.0,190.0,185.0,186.0,1.0,143600.0,27011300.0,49.0,0.0,0.0
TFCO,Tifico Fiber Indonesia Tbk.,800.0,0.0,0.0,0.0,800.0,0.0,0.0,0.0,0.0,0.0,0.0
TGKA,Tigaraksa Satria Tbk.,5000.0,5000.0,5000.0,4910.0,4990.0,-10.0,800.0,3977000.0,8.0,100.0,200.0
TGRA,Terregra Asia Energy Tbk.,27.0,0.0,0.0,0.0,27.0,0.0,0.0,0.0,0.0,0.0,0.0
TGUK,Platinum Wahab Nusantara Tbk.,100.0,0.0,110.0,106.0,110.0,10.0,7585700.0,816855000.0,407.0,0.0,0.0
TIFA,KDB Tifa Finance Tbk.,320.0,316.0,320.0,302.0,302.0,-18.0,620000.0,191520400.0,364.0,43400.0,0.0
TINS,TIMAH (Persero) Tbk.,4680.0,4690.0,4770.0,4660.0,4700.0,20.0,26038600.0,122436088000.0,7010.0,8294300.0,11252200.0
TIRA,Tira Austenite Tbk,394.0,394.0,400.0,360.0,390.0,-4.0,112000.0,42922000.0,167.0,0.0,0.0
TIRT,Tirta Mahakam Resources Tbk,590.0,0.0,0.0,0.0,590.0,0.0,0.0,0.0,0.0,0.0,0.0
TKIM,Pabrik Kertas Tjiwi Kimia Tbk.,7625.0,7625.0,7800.0,7575.0,7575.0,-50.0,2317100.0,17708502500.0,1293.0,778700.0,740300.0
TLDN,Teladan Prima Agro Tbk.,615.0,615.0,635.0,610.0,635.0,20.0,949700.0,596733500.0,469.0,177900.0,116900.0
TLKM,Telkom Indonesia (Persero) Tbk.,2660.0,2630.0,2640.0,2590.0,2590.0,-70.0,90206300.0,235311916000.0,18098.0,26902700.0,73852700.0
TMAS,Temas Tbk.,144.0,144.0,148.0,143.0,146.0,2.0,3244900.0,471129800.0,523.0,372000.0,18700.0
TMPO,Tempo Intimedia Tbk.,154.0,154.0,157.0,151.0,154.0,0.0,7540300.0,1162220000.0,820.0,610500.0,763300.0
TNCA,Trimuda Nuansa Citra Tbk.,181.0,182.0,196.0,180.0,182.0,1.0,3217200.0,601043200.0,1060.0,0.0,0.0
TOBA,TBS Energi Utama Tbk.,515.0,515.0,535.0,515.0,535.0,20.0,6308400.0,3317703500.0,1059.0,1983100.0,940900.0
TOOL,Rohartindo Nusantara Luas Tbk.,71.0,71.0,72.0,70.0,71.0,0.0,19005900.0,1345235100.0,1366.0,1800400.0,863600.0
TOPS,Totalindo Eka Persada Tbk.,1.0,0.0,0.0,0.0,1.0,0.0,0.0,0.0,0.0,0.0,0.0
TOSK,Topindo Solusi Komunika Tbk.,84.0,85.0,85.0,82.0,82.0,-2.0,16740000.0,1387874200.0,521.0,945200.0,668600.0
TOTL,Total Bangun Persada Tbk.,1535.0,1535.0,1560.0,1530.0,1545.0,10.0,1830500.0,2823736000.0,733.0,1168700.0,395400.0
TOTO,Surya Toto Indonesia Tbk.,242.0,242.0,242.0,238.0,240.0,-2.0,545700.0,130408400.0,269.0,30700.0,400.0
TOWR,Sarana Menara Nusantara Tbk.,436.0,438.0,444.0,436.0,442.0,6.0,21858300.0,9613322000.0,1825.0,6441200.0,6268500.0
TOYS,Sunindo Adipersada Tbk.,8.0,0.0,0.0,0.0,8.0,0.0,0.0,0.0,0.0,0.0,0.0
TPIA,Chandra Asri Pacific Tbk.,1825.0,1830.0,1860.0,1810.0,1830.0,5.0,80199800.0,147234365000.0,14457.0,19335900.0,20477500.0
TPMA,Trans Power Marine Tbk.,474.0,474.0,480.0,472.0,476.0,2.0,671300.0,318802600.0,262.0,26200.0,4400.0
TRAM,Trada Alam Minera Tbk.,50.0,0.0,0.0,0.0,50.0,0.0,0.0,0.0,0.0,0.0,0.0
TRGU,Cerestar Indonesia Tbk.,168.0,168.0,184.0,166.0,166.0,-2.0,1618900.0,279366300.0,340.0,91500.0,135700.0
TRIL,Triwira Insanlestari Tbk.,50.0,0.0,0.0,0.0,50.0,0.0,0.0,0.0,0.0,0.0,0.0
TRIM,Trimegah Sekuritas Indonesia Tbk.,790.0,795.0,930.0,790.0,850.0,60.0,5158000.0,4416537500.0,1036.0,137700.0,208800.0
TRIN,Perintis Triniti Properti Tbk.,366.0,360.0,378.0,326.0,344.0,-22.0,48380600.0,16631202800.0,5257.0,8182500.0,7823000.0
TRIO,Trikomsel Oke Tbk.,426.0,0.0,0.0,0.0,426.0,0.0,0.0,0.0,0.0,0.0,0.0
TRIS,Trisula International Tbk.,172.0,172.0,181.0,170.0,172.0,0.0,5139800.0,897612500.0,618.0,1950600.0,617100.0
TRJA,Transkon Jaya Tbk.,134.0,134.0,138.0,132.0,133.0,-1.0,2628800.0,351381000.0,552.0,29700.0,34500.0
TRON,Teknologi Karya Digital Nusa Tbk.,105.0,105.0,111.0,102.0,103.0,-2.0,78890400.0,8432646900.0,5298.0,4624400.0,7095800.0
TRST,Trias Sentosa Tbk.,474.0,0.0,474.0,458.0,474.0,0.0,25900.0,12012800.0,26.0,7500.0,0.0
TRUE,Triniti Dinamik Tbk.,50.0,0.0,0.0,0.0,50.0,0.0,0.0,0.0,0.0,0.0,0.0
TRUK,Guna Timur Raya Tbk.,1180.0,0.0,1295.0,1295.0,1295.0,115.0,222600.0,288267000.0,52.0,0.0,0.0
TRUS,Trust Finance Indonesia Tbk,452.0,0.0,464.0,434.0,456.0,4.0,19000.0,8472400.0,42.0,0.0,0.0
TSPC,Tempo Scan Pacific Tbk.,2770.0,2770.0,2800.0,2760.0,2800.0,30.0,493500.0,1373225000.0,355.0,17700.0,78200.0
TUGU,Asuransi Tugu Pratama Indonesia Tbk.,1630.0,1640.0,1705.0,1615.0,1645.0,15.0,9019900.0,14945058000.0,1989.0,1632300.0,734200.0
TYRE,King Tire Indonesia Tbk.,111.0,114.0,114.0,110.0,112.0,1.0,1231900.0,136800400.0,127.0,0.0,17300.0
UANG,Pakuan Tbk.,4210.0,4350.0,4630.0,4210.0,4300.0,90.0,4049500.0,17950105000.0,4948.0,244100.0,284900.0
UCID,Uni-Charm Indonesia Tbk.,500.0,505.0,515.0,498.0,500.0,0.0,1421000.0,711892500.0,210.0,438100.0,32100.0
UDNG,Agro Bahari Nusantara Tbk.,486.0,0.0,496.0,438.0,488.0,2.0,38639400.0,17644282200.0,7686.0,4708200.0,2488900.0
UFOE,Damai Sejahtera Abadi Tbk.,149.0,149.0,151.0,147.0,149.0,0.0,229100.0,34079600.0,141.0,600.0,0.0
ULTJ,Ultrajaya Milk Industry & Trading Company Tbk.,1880.0,1870.0,1900.0,1830.0,1900.0,20.0,20220500.0,38113299500.0,2807.0,7401000.0,4228500.0
UNIC,Unggul Indah Cahaya Tbk.,15200.0,0.0,15225.0,15025.0,15225.0,25.0,44300.0,670642500.0,38.0,0.0,39600.0
UNIQ,Ulima Nitra Tbk.,122.0,122.0,123.0,119.0,122.0,0.0,1395300.0,166997800.0,203.0,101400.0,4700.0
UNIT,Nusantara Inti Corpora Tbk,316.0,0.0,0.0,0.0,316.0,0.0,0.0,0.0,0.0,0.0,0.0
UNSP,Bakrie Sumatera Plantations Tbk.,206.0,0.0,0.0,0.0,206.0,0.0,0.0,0.0,0.0,0.0,0.0
UNTD,Terang Dunia Internusa Tbk.,80.0,80.0,82.0,79.0,80.0,0.0,11952600.0,957943800.0,472.0,47100.0,293800.0
UNTR,United Tractors Tbk.,26075.0,26025.0,26400.0,25700.0,25700.0,-375.0,3053100.0,79034197500.0,5071.0,2213000.0,2454700.0
UNVR,Unilever Indonesia Tbk.,1620.0,1620.0,1640.0,1615.0,1640.0,20.0,8239000.0,13363656500.0,3393.0,4746700.0,2255900.0
URBN,Urban Jakarta Propertindo Tbk.,228.0,0.0,228.0,228.0,228.0,0.0,352700.0,80415600.0,45.0,0.0,17400.0
UVCR,Trimegah Karya Pratama Tbk.,170.0,175.0,177.0,165.0,174.0,4.0,103874700.0,17786026500.0,5098.0,12314900.0,7157400.0
VAST,Vastland Indonesia Tbk.,134.0,134.0,134.0,120.0,124.0,-10.0,29738300.0,3738371700.0,3591.0,2296600.0,1285200.0
VERN,Verona Indah Pictures Tbk.,224.0,224.0,226.0,220.0,226.0,2.0,7552500.0,1690620200.0,3030.0,365900.0,148800.0
VICI,Victoria Care Indonesia Tbk.,1225.0,1245.0,1250.0,1145.0,1210.0,-15.0,11088700.0,13254520500.0,1501.0,645500.0,1011800.0
VICO,Victoria Investama Tbk.,171.0,0.0,172.0,167.0,171.0,0.0,190700.0,32300100.0,84.0,6000.0,0.0
VINS,Victoria Insurance Tbk.,145.0,146.0,146.0,142.0,143.0,-2.0,324200.0,46312900.0,81.0,41100.0,800.0
VISI,Satu Visi Putra Tbk.,1280.0,1310.0,1380.0,1180.0,1230.0,-50.0,11972300.0,15193514500.0,1801.0,2087700.0,1521600.0
VIVA,Visi Media Asia Tbk.,42.0,0.0,42.0,41.0,41.0,-1.0,5046300.0,209550400.0,294.0,0.0,0.0
VKTR,VKTR Teknologi Mobilitas Tbk.,730.0,730.0,775.0,725.0,770.0,40.0,55437800.0,41849027000.0,7484.0,18909800.0,10841600.0
VOKS,Voksel Electric Tbk.,312.0,300.0,348.0,282.0,314.0,2.0,3049900.0,979888400.0,1237.0,227900.0,287700.0
VRNA,Mizuho Leasing Indonesia Tbk.,90.0,89.0,92.0,88.0,90.0,0.0,1598600.0,143409900.0,280.0,52500.0,13100.0
VTNY,Venteny Fortuna International Tbk.,77.0,77.0,78.0,75.0,77.0,0.0,19765100.0,1507619400.0,742.0,973200.0,889000.0
WAPO,Wahana Pronatural Tbk.,191.0,192.0,194.0,188.0,189.0,-2.0,1490900.0,281668900.0,243.0,509700.0,58000.0
WBSA,BSA Logistics Indonesia Tbk.,650.0,645.0,660.0,635.0,645.0,-5.0,8604600.0,5567553500.0,2791.0,2586400.0,3428200.0
WEGE,Wijaya Karya Bangunan Gedung Tbk.,50.0,50.0,50.0,50.0,50.0,0.0,319100.0,15955000.0,95.0,0.0,0.0
WEHA,WEHA Transportasi Indonesia Tbk.,117.0,114.0,117.0,112.0,115.0,-2.0,14798900.0,1688153500.0,2052.0,62600.0,64600.0
WGSH,Wira Global Solusi Tbk.,130.0,0.0,134.0,120.0,131.0,1.0,22887000.0,2976038200.0,2102.0,3366600.0,1539300.0
WICO,Wicaksana Overseas International Tbk.,123.0,0.0,0.0,0.0,123.0,0.0,0.0,0.0,0.0,0.0,0.0
WIDI,Widiant Jaya Krenindo Tbk.,28.0,0.0,30.0,27.0,28.0,0.0,25965500.0,728805300.0,391.0,0.0,0.0
WIFI,Solusi Sinergi Digital Tbk.,1920.0,1925.0,1955.0,1910.0,1940.0,20.0,7294200.0,14128586500.0,1993.0,1048200.0,1109900.0
WIIM,Wismilak Inti Makmur Tbk.,1475.0,1475.0,1485.0,1415.0,1415.0,-60.0,11704000.0,16821379000.0,1871.0,2823200.0,1151400.0
WIKA,Wijaya Karya (Persero) Tbk.,204.0,0.0,0.0,0.0,204.0,0.0,0.0,0.0,0.0,0.0,0.0
WINE,Hatten Bali Tbk.,131.0,131.0,133.0,129.0,131.0,0.0,416300.0,54463800.0,83.0,18800.0,1000.0
WINR,Winner Nusantara Jaya Tbk.,25.0,0.0,24.0,24.0,24.0,-1.0,23325500.0,559812000.0,635.0,0.0,0.0
WINS,Wintermar Offshore Marine Tbk.,620.0,625.0,645.0,605.0,610.0,-10.0,5424900.0,3354068000.0,683.0,1120700.0,3561500.0
WIRG,WIR ASIA Tbk.,76.0,76.0,79.0,75.0,76.0,0.0,242618200.0,18605996700.0,5353.0,31618300.0,55886000.0
WMPP,Widodo Makmur Perkasa Tbk.,29.0,0.0,29.0,29.0,29.0,0.0,14186100.0,411396900.0,328.0,0.0,0.0
WMUU,Widodo Makmur Unggas Tbk.,50.0,50.0,50.0,50.0,50.0,0.0,351500.0,17575000.0,69.0,0.0,0.0
WOMF,Wahana Ottomitra Multiartha Tbk.,276.0,0.0,284.0,274.0,276.0,0.0,132700.0,36727800.0,85.0,0.0,500.0
WOOD,Integra Indocabinet Tbk.,198.0,198.0,199.0,194.0,197.0,-1.0,3010800.0,591361200.0,435.0,18000.0,58300.0
WOWS,Ginting Jaya Energi Tbk.,56.0,57.0,57.0,55.0,56.0,0.0,18258700.0,1023449500.0,1012.0,922800.0,108100.0
WSBP,Waskita Beton Precast Tbk.,14.0,0.0,0.0,0.0,14.0,0.0,0.0,0.0,0.0,0.0,0.0
WSKT,Waskita Karya (Persero) Tbk.,202.0,0.0,0.0,0.0,202.0,0.0,0.0,0.0,0.0,0.0,0.0
WTON,Wijaya Karya Beton Tbk.,78.0,79.0,79.0,75.0,78.0,0.0,6022400.0,465119300.0,391.0,20900.0,8300.0
YELO,Yelooo Integra Datanet Tbk.,92.0,91.0,97.0,90.0,96.0,4.0,102779000.0,9763544600.0,18562.0,5348900.0,9964000.0
YOII,Asuransi Digital Bersama Tbk.,83.0,83.0,86.0,83.0,85.0,2.0,5424600.0,457018400.0,420.0,861800.0,18000.0
YPAS,Yanaprima Hastapersada Tbk,1310.0,1315.0,1475.0,1315.0,1350.0,40.0,103200.0,143760000.0,287.0,0.0,2400.0
YULE,Yulie Sekuritas Indonesia Tbk.,4100.0,4130.0,4150.0,3560.0,3800.0,-300.0,19700.0,77087000.0,85.0,800.0,1900.0
YUPI,Yupi Indo Jelly Gum Tbk.,1300.0,0.0,1320.0,1295.0,1305.0,5.0,14600.0,19056000.0,38.0,0.0,200.0
ZATA,Bersama Zatta Jaya Tbk.,65.0,65.0,66.0,64.0,65.0,0.0,26934000.0,1751243800.0,1740.0,2042300.0,775500.0
ZBRA,Dosni Roha Indonesia Tbk.,50.0,0.0,0.0,0.0,50.0,0.0,0.0,0.0,0.0,0.0,0.0
ZINC,Kapuas Prima Coal Tbk.,30.0,0.0,0.0,0.0,30.0,0.0,0.0,0.0,0.0,0.0,0.0
ZONE,Mega Perintis Tbk.,710.0,0.0,735.0,680.0,715.0,5.0,107100.0,76867500.0,77.0,39600.0,0.0
ZYRX,Zyrexindo Mandiri Buana Tbk.,129.0,130.0,130.0,127.0,129.0,0.0,288400.0,36910600.0,160.0,800.0,1000.0
