Stock Code,Company Name,Previous,Open Price,High,Low,Close,Change,Volume,Value,Frequency,Foreign Buy,Foreign Sell
AADI,Adaro Andalan Indonesia Tbk.,12275.0,12275.0,12475.0,12250.0,12400.0,125.0,7319400.0,90798032500.0,6822.0,4006300.0,3381300.0
AALI,Astra Agro Lestari Tbk.,8475.0,8475.0,8625.0,8450.0,8625.0,150.0,2577900.0,22050565000.0,3759.0,1429100.0,470300.0
ABBA,Mahaka Media Tbk.,30.0,0.0,0.0,0.0,30.0,0.0,0.0,0.0,0.0,0.0,0.0
ABDA,Asuransi Bina Dana Arta Tbk.,4960.0,0.0,4990.0,4950.0,4970.0,10.0,14500.0,72044000.0,15.0,1500.0,600.0
ABMM,ABM Investama Tbk.,2840.0,2860.0,2860.0,2800.0,2800.0,-40.0,531500.0,1504444000.0,295.0,16000.0,405300.0
ACES,Aspirasi Hidup Indonesia Tbk.,354.0,354.0,358.0,340.0,350.0,-4.0,51471900.0,17917147600.0,3515.0,17589100.0,2954000.0
ACRO,Samcro Hyosung Adilestari Tbk.,65.0,66.0,66.0,64.0,64.0,-1.0,3125000.0,201177800.0,330.0,14900.0,282800.0
ACST,Acset Indonusa Tbk.,108.0,0.0,106.0,106.0,106.0,-2.0,1096400.0,116218400.0,95.0,0.0,48000.0
ADCP,Adhi Commuter Properti Tbk.,50.0,0.0,0.0,0.0,50.0,0.0,0.0,0.0,0.0,0.0,0.0
ADES,Akasha Wira International Tbk.,32000.0,0.0,32000.0,31975.0,31975.0,-25.0,1700.0,54395000.0,13.0,0.0,0.0
ADHI,Adhi Karya (Persero) Tbk.,133.0,0.0,0.0,0.0,133.0,0.0,0.0,0.0,0.0,0.0,0.0
ADMF,Adira Dinamika Multi Finance Tbk.,8750.0,8750.0,8750.0,8725.0,8750.0,0.0,33500.0,292677500.0,45.0,900.0,0.0
ADMG,Polychem Indonesia Tbk,252.0,252.0,262.0,250.0,252.0,0.0,754200.0,191080800.0,104.0,0.0,61800.0
ADMR,Alamtri Minerals Indonesia Tbk.,1580.0,1580.0,1615.0,1510.0,1510.0,-70.0,66181500.0,102845642000.0,17493.0,6097200.0,16464900.0
ADRO,Alamtri Resources Indonesia Tbk.,2590.0,2590.0,2680.0,2580.0,2600.0,10.0,53235800.0,140258169000.0,12509.0,7669100.0,23045400.0
AEGS,Anugerah Spareparts Sejahtera Tbk.,51.0,0.0,52.0,49.0,51.0,0.0,1862500.0,93413100.0,165.0,0.0,0.0
AGAR,Asia Sejahtera Mina Tbk.,2740.0,2750.0,2950.0,2340.0,2530.0,-210.0,2003900.0,5351272000.0,3083.0,35600.0,108100.0
AGII,Samator Indo Gas Tbk.,3150.0,3150.0,3380.0,3150.0,3300.0,150.0,749800.0,2471018000.0,728.0,43400.0,5000.0
AGRO,Bank Raya Indonesia Tbk.,148.0,148.0,149.0,145.0,146.0,-2.0,3731600.0,546837100.0,480.0,31200.0,1214300.0
AGRS,Bank IBK Indonesia Tbk.,60.0,61.0,61.0,59.0,59.0,-1.0,10078100.0,598210600.0,290.0,100000.0,127800.0
AHAP,Asuransi Harta Aman Pratama Tbk.,118.0,119.0,123.0,112.0,112.0,-6.0,184772700.0,21788285500.0,11371.0,15287100.0,15751400.0
AIMS,Artha Mahiya Investama Tbk.,496.0,520.0,520.0,480.0,482.0,-14.0,476700.0,232462600.0,152.0,0.0,0.0
AISA,FKS Food Sejahtera Tbk.,115.0,115.0,117.0,114.0,116.0,1.0,2441700.0,281593800.0,248.0,9300.0,213200.0
AKKU,Anugerah Kagum Karya Utama Tbk.,38.0,0.0,0.0,0.0,38.0,0.0,0.0,0.0,0.0,0.0,0.0
AKPI,Argha Karya Prima Industry Tbk.,550.0,550.0,560.0,545.0,550.0,0.0,196700.0,108358000.0,83.0,17800.0,35200.0
AKRA,AKR Corporindo Tbk.,1490.0,1515.0,1515.0,1475.0,1475.0,-15.0,6541100.0,9703245000.0,2442.0,1305900.0,4593600.0
AKSI,Mineral Sumberdaya Mandiri Tbk.,356.0,374.0,384.0,354.0,370.0,14.0,1541000.0,571085800.0,708.0,168000.0,62800.0
ALDO,Alkindo Naratama Tbk.,945.0,945.0,990.0,930.0,960.0,15.0,73100.0,69623000.0,86.0,6000.0,3200.0
ALII,Ancara Logistics Indonesia Tbk.,765.0,765.0,765.0,725.0,725.0,-40.0,1144300.0,852582500.0,284.0,4500.0,576700.0
ALKA,Alakasa Industrindo Tbk,7400.0,0.0,0.0,0.0,7400.0,0.0,0.0,0.0,0.0,0.0,0.0
ALMI,Alumindo Light Metal Industry Tbk.,74.0,0.0,0.0,0.0,74.0,0.0,0.0,0.0,0.0,0.0,0.0
ALTO,Tri Banyan Tirta Tbk.,18.0,0.0,0.0,0.0,18.0,0.0,0.0,0.0,0.0,0.0,0.0
AMAG,Asuransi Multi Artha Guna Tbk.,388.0,390.0,390.0,384.0,388.0,0.0,76300.0,29479200.0,41.0,35900.0,100.0
AMAN,Makmur Berkah Amanda Tbk.,226.0,224.0,228.0,220.0,222.0,-4.0,345100.0,77048800.0,81.0,600.0,18000.0
AMAR,Bank Amar Indonesia Tbk.,232.0,230.0,234.0,230.0,234.0,2.0,312000.0,72723200.0,70.0,0.0,47000.0
AMFG,Asahimas Flat Glass Tbk.,3310.0,0.0,3280.0,3210.0,3250.0,-60.0,21000.0,67934000.0,41.0,400.0,5100.0
AMIN,Ateliers Mecaniques D Indonesie Tbk.,240.0,242.0,254.0,240.0,246.0,6.0,175100.0,43114400.0,189.0,8800.0,6800.0
AMMN,Amman Mineral Internasional Tbk.,5050.0,5075.0,5275.0,5050.0,5150.0,100.0,101755700.0,527006237500.0,30382.0,47748200.0,52619300.0
AMMS,Agung Menjangan Mas Tbk.,218.0,0.0,220.0,200.0,206.0,-12.0,394400.0,81287800.0,149.0,0.0,0.0
AMOR,Ashmore Asset Management Indonesia Tbk.,370.0,370.0,372.0,366.0,370.0,0.0,120400.0,44522400.0,79.0,200.0,34900.0
AMRT,Sumber Alfaria Trijaya Tbk.,1300.0,1300.0,1315.0,1295.0,1300.0,0.0,22212300.0,28948711000.0,3002.0,17433500.0,14838700.0
ANDI,Andira Agro Tbk.,20.0,0.0,21.0,20.0,20.0,0.0,4351600.0,89197300.0,159.0,0.0,0.0
ANJT,Austindo Nusantara Jaya Tbk.,1580.0,1575.0,1600.0,1575.0,1600.0,20.0,79800.0,127500500.0,38.0,0.0,0.0
ANTM,ANTAM (Persero) Tbk.,3270.0,3260.0,3340.0,3200.0,3220.0,-50.0,142697700.0,468344904000.0,31139.0,60794000.0,45842300.0
APEX,Apexindo Pratama Duta Tbk.,200.0,200.0,200.0,192.0,192.0,-8.0,17643400.0,3444913200.0,1546.0,2453000.0,1790800.0
APIC,Pacific Strategic Financial Tbk.,442.0,446.0,446.0,404.0,404.0,-38.0,5716300.0,2350178800.0,1640.0,924300.0,4553200.0
APII,Arita Prima Indonesia Tbk.,191.0,0.0,242.0,190.0,195.0,4.0,8636900.0,1848374300.0,1801.0,74900.0,75300.0
APLI,Asiaplast Industries Tbk.,290.0,300.0,300.0,290.0,292.0,2.0,314300.0,91386000.0,113.0,0.0,0.0
APLN,Agung Podomoro Land Tbk.,128.0,129.0,131.0,127.0,128.0,0.0,14502600.0,1873859100.0,1014.0,580500.0,3779200.0
ARCI,Archi Indonesia Tbk.,1335.0,1335.0,1390.0,1305.0,1330.0,-5.0,56727400.0,76520168500.0,13566.0,18835200.0,15464200.0
AREA,Dunia Virtual Online Tbk.,314.0,316.0,330.0,312.0,314.0,0.0,1804200.0,581475400.0,499.0,23400.0,268500.0
ARGO,Argo Pantes Tbk,1145.0,1145.0,1175.0,1145.0,1150.0,5.0,184200.0,214417000.0,210.0,0.0,0.0
ARII,Atlas Resources Tbk.,298.0,294.0,304.0,292.0,304.0,6.0,36000.0,10656600.0,34.0,0.0,0.0
ARKA,Arkha Jayanti Persada Tbk.,22.0,0.0,0.0,0.0,22.0,0.0,0.0,0.0,0.0,0.0,0.0
ARKO,Arkora Hydro Tbk.,4380.0,4390.0,4420.0,3970.0,3970.0,-410.0,5200000.0,21566599000.0,3175.0,752900.0,563200.0
ARMY,Armidian Karyatama Tbk.,50.0,0.0,0.0,0.0,50.0,0.0,0.0,0.0,0.0,0.0,0.0
ARNA,Arwana Citramulia Tbk.,505.0,505.0,510.0,500.0,510.0,5.0,1909100.0,961231000.0,218.0,180600.0,109600.0
ARTA,Arthavest Tbk,2290.0,0.0,2300.0,2220.0,2230.0,-60.0,1700.0,3803000.0,4.0,1400.0,0.0
ARTI,Ratu Prabu Energi Tbk,2.0,0.0,0.0,0.0,2.0,0.0,0.0,0.0,0.0,0.0,0.0
ARTO,Bank Jago Tbk.,950.0,950.0,950.0,910.0,910.0,-40.0,22271700.0,20654435500.0,5226.0,4543600.0,11714600.0
ASBI,Asuransi Bintang Tbk.,400.0,0.0,404.0,398.0,400.0,0.0,10400.0,4173200.0,28.0,0.0,0.0
ASDM,Asuransi Dayin Mitra Tbk.,520.0,0.0,520.0,520.0,520.0,0.0,5500.0,2860000.0,3.0,0.0,0.0
ASGR,Astra Graphia Tbk.,2100.0,2100.0,2130.0,2060.0,2090.0,-10.0,983500.0,2054995000.0,1084.0,104500.0,195100.0
ASHA,Cilacap Samudera Fishing Industry Tbk.,57.0,56.0,59.0,56.0,56.0,-1.0,44220500.0,2559502800.0,2026.0,248900.0,4049400.0
ASII,Astra International Tbk.,4890.0,4910.0,4910.0,4830.0,4850.0,-40.0,35084600.0,170955853000.0,11021.0,24645500.0,29310100.0
ASJT,Asuransi Jasa Tania Tbk.,161.0,0.0,165.0,160.0,162.0,1.0,932000.0,150660700.0,164.0,0.0,0.0
ASLC,Autopedia Sukses Lestari Tbk.,66.0,66.0,67.0,65.0,66.0,0.0,4716600.0,312846200.0,227.0,19900.0,653600.0
ASLI,Asri Karya Lestari Tbk.,362.0,364.0,384.0,316.0,360.0,-2.0,90862900.0,32168757600.0,5056.0,6531500.0,8200500.0
ASMI,Asuransi Maximus Graha Persada Tbk.,15.0,0.0,16.0,15.0,15.0,0.0,8450300.0,126931100.0,230.0,0.0,0.0
ASPI,Andalan Sakti Primaindo Tbk.,555.0,550.0,555.0,510.0,510.0,-45.0,2758400.0,1452431500.0,532.0,170200.0,34400.0
ASPR,Asia Pramulia Tbk.,153.0,153.0,153.0,145.0,149.0,-4.0,28452000.0,4248301000.0,2649.0,3854900.0,7824900.0
ASRI,Alam Sutera Realty Tbk.,125.0,125.0,127.0,125.0,126.0,1.0,7280100.0,916086100.0,396.0,164500.0,312000.0
ASRM,Asuransi Ramayana Tbk.,286.0,0.0,290.0,286.0,290.0,4.0,16800.0,4842200.0,10.0,0.0,0.0
ASSA,Adi Sarana Armada Tbk.,595.0,600.0,610.0,595.0,600.0,5.0,9036900.0,5441098500.0,801.0,1804400.0,4129500.0
ATAP,Trimitra Prawara Goldland Tbk.,570.0,570.0,575.0,555.0,565.0,-5.0,1063800.0,603564000.0,172.0,48100.0,48100.0
ATIC,Anabatic Technologies Tbk.,456.0,456.0,462.0,456.0,462.0,6.0,81800.0,37505800.0,52.0,0.0,26200.0
ATLA,Atlantis Subsea Indonesia Tbk.,50.0,50.0,50.0,50.0,50.0,0.0,93600.0,4680000.0,49.0,0.0,0.0
AUTO,Astra Otoparts Tbk.,3360.0,3360.0,3370.0,3310.0,3330.0,-30.0,3093200.0,10316894000.0,1670.0,324900.0,2083200.0
AVIA,Avia Avian Tbk.,346.0,344.0,350.0,336.0,340.0,-6.0,13397900.0,4571964600.0,1712.0,3252000.0,10464600.0
AWAN,Era Digital Media Tbk.,164.0,164.0,164.0,161.0,162.0,-2.0,101200.0,16468600.0,58.0,0.0,0.0
AXIO,Tera Data Indonusa Tbk.,116.0,116.0,117.0,114.0,115.0,-1.0,410900.0,47313600.0,126.0,0.0,20500.0
AYAM,Janu Putra Sejahtera Tbk.,500.0,500.0,555.0,490.0,515.0,15.0,37366600.0,18896613500.0,3761.0,9475600.0,7234300.0
AYLS,Arkayana Lestari Grup Tbk.,156.0,157.0,159.0,144.0,147.0,-9.0,7394200.0,1110518300.0,933.0,0.0,0.0
BABP,Bank MNC Internasional Tbk.,50.0,50.0,50.0,50.0,50.0,0.0,89400.0,4470000.0,21.0,0.0,0.0
BABY,Multitrend Indo Tbk.,206.0,206.0,206.0,200.0,202.0,-4.0,1172000.0,236676000.0,379.0,0.0,0.0
BACA,Bank Capital Indonesia Tbk.,117.0,117.0,118.0,116.0,116.0,-1.0,786500.0,91542700.0,85.0,25400.0,77600.0
BACH,Bach Multi Global Tbk.,430.0,430.0,430.0,414.0,414.0,-16.0,47579900.0,19987966000.0,4109.0,1663200.0,3276900.0
BAIK,Bersama Mencapai Puncak Tbk.,236.0,236.0,248.0,230.0,232.0,-4.0,6159400.0,1464917000.0,1287.0,1999500.0,1318100.0
BAJA,Saranacentral Bajatama Tbk.,278.0,276.0,286.0,274.0,276.0,-2.0,1445500.0,402019400.0,454.0,95500.0,31000.0
BALI,Bali Towerindo Sentra Tbk.,1305.0,0.0,1325.0,1295.0,1295.0,-10.0,1800.0,2354500.0,12.0,0.0,0.0
BANK,Bank Aladin Syariah Tbk.,264.0,264.0,264.0,258.0,260.0,-4.0,1373200.0,357661600.0,335.0,7200.0,791600.0
BAPA,Bekasi Asri Pemula Tbk.,127.0,127.0,129.0,125.0,126.0,-1.0,6112400.0,774859000.0,845.0,276300.0,891900.0
BAPI,Bhakti Agung Propertindo Tbk.,21.0,0.0,22.0,21.0,22.0,1.0,5161900.0,111856800.0,169.0,0.0,0.0
BATA,Sepatu Bata Tbk.,59.0,0.0,0.0,0.0,59.0,0.0,0.0,0.0,0.0,0.0,0.0
BATR,Benteng Api Technic Tbk.,92.0,92.0,93.0,90.0,90.0,-2.0,304200.0,27784100.0,102.0,1700.0,300.0
BAUT,Mitra Angkasa Sejahtera Tbk.,39.0,0.0,40.0,39.0,40.0,1.0,3083200.0,122906500.0,121.0,0.0,0.0
BAYU,Bayu Buana Tbk,1335.0,0.0,1345.0,1335.0,1335.0,0.0,89900.0,120137000.0,39.0,0.0,3000.0
BBCA,Bank Central Asia Tbk.,6400.0,6350.0,6425.0,6325.0,6325.0,-75.0,72157400.0,459157155000.0,18445.0,39893400.0,50393300.0
BBHI,Allo Bank Indonesia Tbk.,900.0,905.0,905.0,895.0,900.0,0.0,21225700.0,19102945500.0,979.0,742400.0,12100.0
BBKP,Bank KB Indonesia Tbk.,51.0,51.0,52.0,50.0,50.0,-1.0,98500900.0,5011360100.0,1278.0,7957300.0,1686500.0
BBLD,Buana Finance Tbk.,660.0,0.0,670.0,660.0,670.0,10.0,12600.0,8369500.0,16.0,0.0,0.0
BBMD,Bank Mestika Dharma Tbk.,1995.0,0.0,0.0,0.0,1995.0,0.0,0.0,0.0,0.0,0.0,0.0
BBNI,Bank Negara Indonesia (Persero) Tbk.,3750.0,3750.0,3780.0,3730.0,3730.0,-20.0,20577300.0,77019066000.0,6397.0,6649000.0,13105900.0
BBRI,Bank Rakyat Indonesia (Persero) Tbk.,3320.0,3310.0,3360.0,3310.0,3330.0,10.0,118364900.0,394206697000.0,20495.0,60222700.0,62850600.0
BBRM,Pelayaran Nasional Bina Buana Raya Tbk.,123.0,123.0,123.0,119.0,119.0,-4.0,3388600.0,407676800.0,529.0,12700.0,12900.0
BBSI,Krom Bank Indonesia Tbk.,4580.0,0.0,4580.0,4520.0,4520.0,-60.0,200.0,910000.0,2.0,0.0,0.0
BBSS,Bumi Benowo Sukses Sejahtera Tbk.,89.0,89.0,92.0,86.0,86.0,-3.0,70546800.0,6325409200.0,1372.0,1602500.0,667600.0
BBTN,Bank Tabungan Negara (Persero) Tbk.,1185.0,1185.0,1190.0,1170.0,1170.0,-15.0,16622400.0,19561813000.0,2999.0,1759700.0,6651000.0
BBYB,Bank Neo Commerce Tbk.,248.0,248.0,252.0,242.0,242.0,-6.0,14427800.0,3540848600.0,1586.0,1175700.0,1483900.0
BCAP,MNC Kapital Indonesia Tbk.,50.0,50.0,50.0,50.0,50.0,0.0,144500.0,7225000.0,16.0,100000.0,0.0
BCIC,Bank JTrust Indonesia Tbk.,128.0,131.0,139.0,128.0,138.0,10.0,1326700.0,177240200.0,460.0,43800.0,14200.0
BCIP,Bumi Citra Permai Tbk.,63.0,63.0,63.0,62.0,62.0,-1.0,3906400.0,242408100.0,252.0,10700.0,184400.0
BDKR,Berdikari Pondasi Perkasa Tbk.,164.0,164.0,164.0,158.0,160.0,-4.0,15913300.0,2557114900.0,1259.0,1169100.0,3737100.0
BDMN,Bank Danamon Indonesia Tbk.,4430.0,4420.0,4440.0,4380.0,4420.0,-10.0,542400.0,2392281000.0,323.0,71600.0,277200.0
BEBS,Berkah Beton Sadaya Tbk.,5.0,0.0,0.0,0.0,5.0,0.0,0.0,0.0,0.0,0.0,0.0
BEEF,Estika Tata Tiara Tbk.,442.0,442.0,446.0,418.0,418.0,-24.0,5251000.0,2267021600.0,952.0,555400.0,1438800.0
BEER,Jobubu Jarum Minahasa Tbk.,77.0,77.0,80.0,76.0,77.0,0.0,7788600.0,602176200.0,843.0,865900.0,1118500.0
BEKS,Bank Pembangunan Daerah Banten Tbk.,23.0,0.0,23.0,23.0,23.0,0.0,10235400.0,235414200.0,194.0,0.0,2500000.0
BELI,Global Digital Niaga Tbk.,288.0,290.0,290.0,284.0,286.0,-2.0,698500.0,199408800.0,154.0,42600.0,224300.0
BELL,Trisula Textile Industries Tbk.,108.0,108.0,110.0,106.0,107.0,-1.0,10422200.0,1124810100.0,1191.0,782700.0,1105600.0
BESS,Batulicin Nusantara Maritim Tbk.,915.0,930.0,930.0,890.0,920.0,5.0,82400.0,74270500.0,114.0,1100.0,1400.0
BEST,Bekasi Fajar Industrial Estate Tbk.,123.0,123.0,126.0,121.0,121.0,-2.0,14696600.0,1818139600.0,1174.0,2237400.0,2163700.0
BFIN,BFI Finance  Indonesia Tbk.,980.0,985.0,1005.0,900.0,980.0,0.0,18502600.0,18070258000.0,1920.0,7384100.0,5182200.0
BGTG,Bank Ganesha Tbk.,123.0,123.0,125.0,117.0,120.0,-3.0,10790500.0,1290230900.0,3430.0,1668100.0,413500.0
BHAT,Bhakti Multi Artha Tbk.,1770.0,0.0,0.0,0.0,1770.0,0.0,0.0,0.0,0.0,0.0,0.0
BHIT,MNC Asia Holding Tbk.,26.0,0.0,26.0,25.0,25.0,-1.0,13621900.0,341901400.0,287.0,0.0,0.0
BIKA,Binakarya Jaya Abadi Tbk.,55.0,0.0,0.0,0.0,55.0,0.0,0.0,0.0,0.0,0.0,0.0
BIKE,Bhineka Inovasi Ketahanan Energi Tbk.,985.0,0.0,1000.0,940.0,940.0,-45.0,289800.0,283597000.0,107.0,0.0,10000.0
BIMA,Primarindo Asia Infrastructure Tbk.,82.0,0.0,0.0,0.0,82.0,0.0,0.0,0.0,0.0,0.0,0.0
BINA,Bank Ina Perdana Tbk.,4060.0,0.0,4080.0,4020.0,4080.0,20.0,117100.0,475511000.0,46.0,0.0,32500.0
BINO,Perma Plasindo Tbk.,118.0,119.0,120.0,115.0,116.0,-2.0,173400.0,20167900.0,71.0,0.0,0.0
BIPI,Astrindo Nusantara Infrastruktur Tbk.,142.0,142.0,144.0,138.0,138.0,-4.0,239471000.0,33667795000.0,9554.0,13438000.0,43763100.0
BIPP,Bhuwanatala Indah Permai Tbk.,67.0,67.0,70.0,66.0,69.0,2.0,19942100.0,1351963600.0,1634.0,1346400.0,2781400.0
BIRD,Blue Bird Tbk.,1605.0,1600.0,1605.0,1595.0,1600.0,-5.0,821500.0,1314163500.0,572.0,51700.0,434800.0
BISI,BISI International Tbk.,725.0,725.0,725.0,715.0,720.0,-5.0,59900.0,43123500.0,71.0,0.0,13700.0
BJBR,Bank Pembangunan Daerah Jawa Barat dan Banten Tbk.,795.0,795.0,795.0,785.0,790.0,-5.0,1462000.0,1157664500.0,441.0,3400.0,91700.0
BJTM,Bank Pembangunan Daerah Jawa Timur Tbk.,520.0,525.0,530.0,520.0,520.0,0.0,6221400.0,3259139000.0,650.0,349900.0,59500.0
BKDP,Bukit Darmo Property Tbk,198.0,197.0,202.0,178.0,178.0,-20.0,14726600.0,2777371700.0,1841.0,387300.0,1782100.0
BKSL,Sentul City Tbk.,69.0,69.0,71.0,68.0,68.0,-1.0,70701100.0,4889944900.0,2513.0,3800900.0,15654500.0
BKSW,Bank QNB Indonesia Tbk.,54.0,53.0,54.0,53.0,54.0,0.0,779900.0,41346300.0,589.0,1000.0,0.0
BLES,Superior Prima Sukses Tbk.,206.0,204.0,208.0,197.0,197.0,-9.0,13738700.0,2776962100.0,1083.0,827900.0,2041800.0
BLOG,Trimitra Trans Persada Tbk.,366.0,366.0,368.0,360.0,362.0,-4.0,307700.0,112383400.0,121.0,0.0,0.0
BLTA,Berlian Laju Tanker Tbk,32.0,0.0,32.0,32.0,32.0,0.0,3778100.0,120899200.0,186.0,0.0,1807500.0
BLTZ,Graha Layar Prima Tbk.,2000.0,0.0,0.0,0.0,2000.0,0.0,0.0,0.0,0.0,0.0,0.0
BLUE,Berkah Prima Perkasa Tbk.,3030.0,3040.0,3200.0,2940.0,2990.0,-40.0,327700.0,1001524000.0,245.0,12700.0,53100.0
BMAS,Bank Kasikorn Indonesia Tbk.,530.0,530.0,560.0,505.0,515.0,-15.0,611600.0,313477500.0,202.0,3900.0,0.0
BMBL,Lavender Bina Cendikia Tbk.,31.0,0.0,32.0,30.0,31.0,0.0,19069400.0,589821700.0,348.0,0.0,0.0
BMHS,Bundamedik Tbk.,202.0,200.0,202.0,198.0,199.0,-3.0,821600.0,163454000.0,119.0,39500.0,900.0
BMRI,Bank Mandiri (Persero) Tbk.,4340.0,4300.0,4320.0,4260.0,4260.0,-80.0,140870900.0,604756368000.0,29864.0,43531900.0,99028000.0
BMSR,Bintang Mitra Semestaraya Tbk,362.0,362.0,396.0,342.0,370.0,8.0,1139200.0,422284600.0,358.0,28800.0,30100.0
BMTR,Global Mediacom Tbk.,117.0,117.0,118.0,114.0,114.0,-3.0,44287100.0,5134602300.0,2349.0,20372100.0,19630600.0
BNBA,Bank Bumi Arta Tbk.,785.0,0.0,825.0,785.0,800.0,15.0,381800.0,310471500.0,134.0,212400.0,11600.0
BNBR,Bakrie & Brothers Tbk,92.0,92.0,94.0,90.0,90.0,-2.0,494346700.0,45116372600.0,12893.0,105953700.0,83927600.0
BNGA,Bank CIMB Niaga Tbk.,1745.0,1750.0,1750.0,1730.0,1735.0,-10.0,1827000.0,3178510000.0,445.0,97300.0,980900.0
BNII,Bank Maybank Indonesia Tbk.,192.0,193.0,195.0,191.0,191.0,-1.0,3108800.0,597577600.0,207.0,71000.0,1854600.0
BNLI,Bank Permata Tbk.,2110.0,2110.0,2140.0,2100.0,2100.0,-10.0,14200.0,30024000.0,28.0,0.0,0.0
BOAT,Newport Marine Services Tbk.,136.0,139.0,145.0,135.0,138.0,2.0,14259700.0,2001742800.0,1668.0,1484600.0,3073000.0
BOBA,Formosa Ingredient Factory Tbk.,210.0,226.0,226.0,202.0,204.0,-6.0,3233300.0,694926000.0,737.0,151600.0,155900.0
BOGA,Apollo Global Interactive Tbk.,1580.0,0.0,1615.0,1560.0,1560.0,-20.0,500.0,800500.0,4.0,0.0,0.0
BOLA,Bali Bintang Sejahtera Tbk.,184.0,0.0,186.0,171.0,175.0,-9.0,2422900.0,428154500.0,273.0,33800.0,4800.0
BOLT,Garuda Metalindo Tbk.,795.0,0.0,805.0,795.0,805.0,10.0,6500.0,5201500.0,5.0,0.0,0.0
BOSS,Borneo Olah Sarana Sukses Tbk.,50.0,0.0,0.0,0.0,50.0,0.0,0.0,0.0,0.0,0.0,0.0
BPFI,Woori Finance Indonesia Tbk.,252.0,0.0,252.0,246.0,252.0,0.0,7800.0,1959200.0,26.0,0.0,0.0
BPII,Batavia Prosperindo Internasional Tbk.,472.0,0.0,490.0,472.0,474.0,2.0,21600.0,10281400.0,26.0,0.0,0.0
BPTR,Batavia Prosperindo Trans Tbk.,76.0,76.0,76.0,74.0,75.0,-1.0,1435600.0,107842200.0,111.0,422300.0,2600.0
BRAM,Indo Kordsa Tbk.,4590.0,0.0,4590.0,4590.0,4590.0,0.0,100.0,459000.0,1.0,0.0,0.0
BREN,Barito Renewables Energy Tbk.,3150.0,3100.0,3160.0,3090.0,3090.0,-60.0,7016300.0,21882926000.0,2863.0,334500.0,1533100.0
BRIS,Bank Syariah Indonesia (Persero) Tbk.,1710.0,1700.0,1705.0,1660.0,1665.0,-45.0,28832500.0,48433484500.0,11477.0,772800.0,2756300.0
BRMS,Bumi Resources Minerals Tbk.,735.0,735.0,750.0,725.0,730.0,-5.0,416318400.0,307457530000.0,28610.0,241131400.0,121463500.0
BRNA,Berlina Tbk.,645.0,655.0,805.0,645.0,660.0,15.0,2187900.0,1550242000.0,1233.0,82700.0,67800.0
BRPT,Barito Pacific Tbk.,1620.0,1630.0,1650.0,1600.0,1600.0,-20.0,38199400.0,62017054000.0,9256.0,3836900.0,14225200.0
BRRC,Raja Roti Cemerlang Tbk.,72.0,73.0,75.0,71.0,72.0,0.0,12505200.0,906886300.0,942.0,559100.0,462400.0
BSBK,Wulandari Bangun Laksana Tbk.,50.0,50.0,50.0,50.0,50.0,0.0,756200.0,37810000.0,73.0,0.0,0.0
BSDE,Bumi Serpong Damai Tbk.,640.0,640.0,645.0,630.0,635.0,-5.0,7053900.0,4492200500.0,1060.0,846600.0,1661200.0
BSIM,Bank Sinarmas Tbk.,1090.0,1090.0,1120.0,1000.0,1030.0,-60.0,286500.0,304145000.0,304.0,9100.0,7100.0
BSML,Bintang Samudera Mandiri Lines Tbk.,550.0,545.0,555.0,545.0,550.0,0.0,8065200.0,4419112500.0,418.0,2213300.0,80300.0
BSSR,Baramulti Suksessarana Tbk.,4900.0,4910.0,4920.0,4880.0,4880.0,-20.0,606100.0,2969571000.0,967.0,40200.0,235500.0
BSWD,Bank Of India Indonesia Tbk.,1500.0,0.0,0.0,0.0,1500.0,0.0,0.0,0.0,0.0,0.0,0.0
BTEK,Bumi Teknokultura Unggul Tbk,12.0,0.0,13.0,11.0,11.0,-1.0,216597400.0,2607707600.0,1242.0,0.0,0.0
BTEL,Bakrie Telecom Tbk.,50.0,0.0,0.0,0.0,50.0,0.0,0.0,0.0,0.0,0.0,0.0
BTON,Betonjaya Manunggal Tbk.,366.0,366.0,386.0,366.0,384.0,18.0,236600.0,88447000.0,103.0,3200.0,4900.0
BTPN,Bank SMBC Indonesia Tbk.,2320.0,2320.0,2470.0,2320.0,2350.0,30.0,7900.0,19159000.0,36.0,0.0,800.0
BTPS,Bank BTPN Syariah Tbk.,1045.0,1035.0,1040.0,1030.0,1030.0,-15.0,1528700.0,1580703000.0,593.0,366900.0,222200.0
BUAH,Segar Kumala Indonesia Tbk.,496.0,496.0,496.0,488.0,492.0,-4.0,326000.0,160682600.0,89.0,0.0,47300.0
BUDI,Budi Starch & Sweetener Tbk.,226.0,0.0,230.0,224.0,226.0,0.0,217000.0,49254000.0,83.0,200.0,3700.0
BUKA,Bukalapak.com Tbk.,104.0,105.0,106.0,102.0,103.0,-1.0,99710400.0,10343465300.0,2526.0,51221200.0,52341400.0
BUKK,Bukaka Teknik Utama Tbk.,950.0,0.0,985.0,950.0,985.0,35.0,87300.0,84420000.0,65.0,6400.0,6300.0
BULL,Buana Lintas Lautan Tbk.,416.0,416.0,426.0,404.0,406.0,-10.0,301022300.0,125202050400.0,17873.0,33039000.0,32465800.0
BUMI,Bumi Resources Tbk.,208.0,208.0,210.0,200.0,202.0,-6.0,2455123200.0,502497393600.0,35862.0,383557800.0,876339300.0
BUVA,Bukit Uluwatu Villa Tbk.,705.0,705.0,715.0,695.0,700.0,-5.0,34674200.0,24416862500.0,4448.0,2623100.0,5114100.0
BVIC,Bank Victoria International Tbk.,94.0,94.0,94.0,92.0,92.0,-2.0,1941500.0,180929200.0,195.0,666500.0,0.0
BWPT,Eagle High Plantations Tbk.,123.0,124.0,126.0,120.0,120.0,-3.0,106964400.0,13083821300.0,4252.0,22092200.0,24202100.0
BYAN,Bayan Resources Tbk.,10200.0,10200.0,12225.0,10175.0,11350.0,1150.0,9855500.0,116562627500.0,12688.0,1015300.0,2625400.0
CAKK,Cahayaputra Asa Keramik Tbk.,159.0,0.0,169.0,160.0,160.0,1.0,1758400.0,286688600.0,276.0,0.0,0.0
CAMP,Campina Ice Cream Industry Tbk.,170.0,172.0,176.0,170.0,170.0,0.0,2537300.0,437221500.0,328.0,11800.0,1000.0
CANI,Capitol Nusantara Indonesia Tbk.,135.0,0.0,0.0,0.0,135.0,0.0,0.0,0.0,0.0,0.0,0.0
CARE,Metro Healthcare Indonesia Tbk.,398.0,398.0,398.0,390.0,398.0,0.0,358600.0,141381200.0,227.0,0.0,139400.0
CARS,Industri dan Perdagangan Bintraco Dharma Tbk.,113.0,114.0,117.0,111.0,113.0,0.0,7625200.0,872720400.0,2964.0,299800.0,1305100.0
CASA,Capital Financial Indonesia Tbk.,1810.0,0.0,1810.0,1805.0,1805.0,-5.0,4700.0,8488500.0,4.0,0.0,0.0
CASH,Cashlez Worldwide Indonesia Tbk.,230.0,0.0,252.0,222.0,248.0,18.0,5134600.0,1258431200.0,554.0,375200.0,157500.0
CASS,Cahaya Aero Services Tbk.,1835.0,0.0,1865.0,1830.0,1865.0,30.0,95500.0,177148000.0,298.0,0.0,52700.0
CBDK,Bangun Kosambi Sukses Tbk.,3720.0,3720.0,3770.0,3700.0,3710.0,-10.0,869400.0,3239529000.0,595.0,83400.0,346200.0
CBMF,Cahaya Bintang Medan Tbk.,50.0,0.0,0.0,0.0,50.0,0.0,0.0,0.0,0.0,0.0,0.0
CBPE,Citra Buana Prasida Tbk.,505.0,492.0,500.0,492.0,496.0,-9.0,24600.0,12210600.0,29.0,0.0,0.0
CBRE,Cakra Buana Resources Energi Tbk.,705.0,705.0,725.0,700.0,710.0,5.0,5669600.0,4055818000.0,1336.0,1047600.0,1091800.0
CBUT,Citra Borneo Utama Tbk.,1035.0,1015.0,1065.0,985.0,1050.0,15.0,160400.0,168996500.0,212.0,0.0,77800.0
CCSI,Communication Cable Systems Indonesia Tbk.,442.0,484.0,510.0,380.0,440.0,-2.0,58426500.0,26440023100.0,13218.0,1366300.0,993000.0
CDIA,Chandra Daya Investasi Tbk.,655.0,655.0,670.0,645.0,645.0,-10.0,31102400.0,20400993500.0,4704.0,780600.0,1812600.0
CEKA,Wilmar Cahaya Indonesia Tbk.,2170.0,0.0,2220.0,2180.0,2210.0,40.0,12500.0,27430000.0,21.0,0.0,1100.0
CENT,Centratama Telekomunikasi Indonesia Tbk.,112.0,112.0,113.0,104.0,104.0,-8.0,19051000.0,2058811500.0,2137.0,1102000.0,1887500.0
CFIN,Clipan Finance Indonesia Tbk.,376.0,376.0,376.0,370.0,374.0,-2.0,1808300.0,674483000.0,227.0,44200.0,3300.0
CGAS,Citra Nusantara Gemilang Tbk.,146.0,146.0,150.0,145.0,145.0,-1.0,2054200.0,301254000.0,375.0,0.0,304200.0
CHEK,Diastika Biotekindo Tbk.,131.0,131.0,131.0,129.0,129.0,-2.0,274500.0,35626600.0,66.0,0.0,73300.0
CHEM,Chemstar Indonesia Tbk.,70.0,69.0,71.0,68.0,69.0,-1.0,8383700.0,581432600.0,488.0,42400.0,42100.0
CHIP,Pelita Teknologi Global Tbk.,755.0,0.0,770.0,720.0,735.0,-20.0,124500.0,93689500.0,153.0,23800.0,6400.0
CINT,Chitose Internasional Tbk.,183.0,0.0,246.0,181.0,194.0,11.0,43301600.0,9652231700.0,9396.0,24200.0,3000.0
CITA,Cita Mineral Investindo Tbk.,3510.0,0.0,3600.0,3380.0,3490.0,-20.0,180600.0,632841000.0,150.0,6700.0,17200.0
CITY,Natura City Developments Tbk.,184.0,189.0,189.0,177.0,179.0,-5.0,907700.0,164201600.0,247.0,5600.0,6100.0
CLAY,Citra Putra Realty Tbk.,2670.0,0.0,2760.0,2600.0,2740.0,70.0,24000.0,65622000.0,31.0,0.0,0.0
CLEO,Sariguna Primatirta Tbk.,428.0,428.0,440.0,422.0,422.0,-6.0,16799500.0,7201700200.0,1627.0,2422300.0,3106100.0
CLPI,Colorpak Indonesia Tbk.,1605.0,0.0,1610.0,1595.0,1605.0,0.0,63200.0,101141000.0,89.0,0.0,3200.0
CMNP,Citra Marga Nusaphala Persada Tbk.,1400.0,0.0,1410.0,1380.0,1400.0,0.0,44800.0,62154000.0,51.0,10000.0,1600.0
CMNT,Cemindo Gemilang Tbk.,775.0,775.0,780.0,760.0,765.0,-10.0,12710200.0,9742542000.0,426.0,3261000.0,3416000.0
CMPP,AirAsia Indonesia Tbk.,69.0,0.0,0.0,0.0,69.0,0.0,0.0,0.0,0.0,0.0,0.0
CMRY,Cisarua Mountain Dairy Tbk.,4550.0,4550.0,4620.0,4480.0,4480.0,-70.0,3467800.0,15742104000.0,2540.0,2217200.0,2019900.0
CNKO,Exploitasi Energi Indonesia Tbk.,37.0,0.0,0.0,0.0,37.0,0.0,0.0,0.0,0.0,0.0,0.0
CNMA,Nusantara Sejahtera Raya Tbk.,92.0,92.0,92.0,90.0,91.0,-1.0,24472000.0,2236352100.0,748.0,187600.0,1033200.0
COAL,Black Diamond Resources Tbk.,31.0,0.0,0.0,0.0,31.0,0.0,0.0,0.0,0.0,0.0,0.0
COCO,Wahana Interfood Nusantara Tbk.,139.0,139.0,141.0,132.0,133.0,-6.0,393378200.0,53739477100.0,15798.0,43118800.0,83289000.0
COIN,Indokripto Koin Semesta Tbk.,715.0,690.0,740.0,690.0,735.0,20.0,18687100.0,13464487500.0,3008.0,2186500.0,1873400.0
COWL,Cowell Development Tbk.,50.0,0.0,0.0,0.0,50.0,0.0,0.0,0.0,0.0,0.0,0.0
CPIN,Charoen Pokphand Indonesia Tbk,3090.0,3080.0,3180.0,3080.0,3120.0,30.0,18585500.0,58210538000.0,7417.0,6473800.0,9016600.0
CPRI,Capri Nusa Satu Properti Tbk.,50.0,0.0,0.0,0.0,50.0,0.0,0.0,0.0,0.0,0.0,0.0
CPRO,Central Proteina Prima Tbk.,50.0,50.0,50.0,50.0,50.0,0.0,1133800.0,56690000.0,114.0,0.0,0.0
CRAB,Toba Surimi Industries Tbk.,216.0,216.0,222.0,214.0,214.0,-2.0,574400.0,124731600.0,81.0,71000.0,0.0
CRSN,Carsurin Tbk.,130.0,130.0,131.0,126.0,126.0,-4.0,1417600.0,181363100.0,289.0,40200.0,40200.0
CSAP,Catur Sentosa Adiprana Tbk.,296.0,296.0,296.0,292.0,294.0,-2.0,33600.0,9849600.0,16.0,0.0,900.0
CSIS,Cahayasakti Investindo Sukses Tbk.,206.0,0.0,210.0,200.0,204.0,-2.0,855800.0,173863200.0,238.0,60100.0,59900.0
CSMI,Cipta Selera Murni Tbk.,179.0,0.0,176.0,165.0,176.0,-3.0,21780200.0,3704320700.0,986.0,0.0,0.0
CSRA,Cisadane Sawit Raya Tbk.,755.0,0.0,770.0,725.0,755.0,0.0,404800.0,302086000.0,189.0,2400.0,42400.0
CTBN,Citra Tubindo Tbk.,3040.0,0.0,3070.0,3030.0,3030.0,-10.0,6000.0,18291000.0,34.0,0.0,1700.0
CTRA,Ciputra Development Tbk.,605.0,615.0,615.0,600.0,600.0,-5.0,8686900.0,5281761000.0,1810.0,1345100.0,4328200.0
CTTH,Citatah Tbk.,130.0,131.0,133.0,127.0,129.0,-1.0,12078100.0,1564113200.0,1249.0,446000.0,1150600.0
CUAN,Petrindo Jaya Kreasi Tbk.,920.0,920.0,940.0,900.0,900.0,-20.0,208893400.0,191856827000.0,16949.0,12843800.0,32395800.0
CYBR,ITSEC Asia Tbk.,525.0,525.0,530.0,515.0,520.0,-5.0,28783000.0,15134013500.0,1416.0,2263500.0,1950500.0
DAAZ,Daaz Bara Lestari Tbk.,1660.0,0.0,1680.0,1625.0,1625.0,-35.0,100100.0,164342500.0,126.0,3300.0,8600.0
DADA,Diamond Citra Propertindo Tbk.,50.0,50.0,50.0,50.0,50.0,0.0,77500.0,3875000.0,51.0,0.0,0.0
DART,Duta Anggada Realty Tbk.,169.0,175.0,187.0,167.0,167.0,-2.0,3708400.0,651914800.0,1153.0,173200.0,378600.0
DATA,Remala Abadi Tbk.,1675.0,1685.0,1810.0,1645.0,1655.0,-20.0,3223300.0,5507433000.0,1841.0,521100.0,481600.0
DAYA,Duta Intidaya Tbk.,1050.0,0.0,1050.0,1050.0,1050.0,0.0,200.0,210000.0,2.0,0.0,0.0
DCII,DCI Indonesia Tbk.,199325.0,0.0,192900.0,192250.0,192900.0,-6425.0,300.0,57775000.0,3.0,0.0,0.0
DEAL,Dewata Freightinternational Tbk.,6.0,0.0,0.0,0.0,6.0,0.0,0.0,0.0,0.0,0.0,0.0
DEFI,Danasupra Erapacific Tbk.,139.0,139.0,148.0,119.0,119.0,-20.0,574134900.0,76132640200.0,35709.0,2071400.0,4673500.0
DEPO,Caturkarda Depo Bangunan Tbk.,240.0,242.0,254.0,236.0,240.0,0.0,638000.0,155267000.0,318.0,2700.0,55600.0
DEWA,Darma Henwa Tbk,396.0,394.0,400.0,370.0,370.0,-26.0,935627600.0,356231444600.0,40282.0,166398200.0,185343500.0
DEWI,Dewi Shri Farmindo Tbk.,170.0,170.0,170.0,166.0,170.0,0.0,34368200.0,5787629700.0,3730.0,6603000.0,3273800.0
DFAM,Dafam Property Indonesia Tbk.,83.0,85.0,102.0,83.0,95.0,12.0,319087500.0,29718454900.0,17277.0,273700.0,338400.0
DGIK,Nusa Konstruksi Enjiniring Tbk.,142.0,141.0,142.0,135.0,139.0,-3.0,14473000.0,1993629600.0,1304.0,1748700.0,705600.0
DGNS,Diagnos Laboratorium Utama Tbk.,262.0,0.0,272.0,260.0,268.0,6.0,1161200.0,307666000.0,138.0,2300.0,2300.0
DGWG,Delta Giri Wacana Tbk.,328.0,330.0,332.0,324.0,324.0,-4.0,10314200.0,3389396400.0,1294.0,254500.0,1082800.0
DIGI,Arkadia Digital Media Tbk.,29.0,0.0,0.0,0.0,29.0,0.0,0.0,0.0,0.0,0.0,0.0
DILD,Intiland Development Tbk.,117.0,117.0,118.0,115.0,115.0,-2.0,9304100.0,1082658900.0,765.0,206800.0,1690000.0
DIVA,Distribusi Voucher Nusantara Tbk.,136.0,135.0,148.0,133.0,136.0,0.0,25360800.0,3603542800.0,2854.0,1502800.0,5122000.0
DKFT,Central Omega Resources Tbk.,650.0,650.0,660.0,640.0,640.0,-10.0,5562500.0,3625125500.0,1280.0,523700.0,530300.0
DKHH,Cipta Sarana Medika Tbk.,70.0,71.0,72.0,69.0,69.0,-1.0,8198400.0,573656600.0,571.0,68500.0,2177900.0
DLTA,Delta Djakarta Tbk.,1790.0,1795.0,1795.0,1785.0,1785.0,-5.0,48500.0,86785500.0,55.0,4100.0,3500.0
DMAS,Puradelta Lestari Tbk.,192.0,192.0,195.0,188.0,188.0,-4.0,116045100.0,22143996100.0,8553.0,29643500.0,23994900.0
DMMX,Digital Mediatama Maxima Tbk.,186.0,186.0,197.0,185.0,187.0,1.0,4819000.0,920730600.0,1324.0,240100.0,367400.0
DMND,Diamond Food Indonesia Tbk.,605.0,0.0,620.0,595.0,610.0,5.0,31500.0,19088000.0,62.0,0.0,0.0
DNAR,Bank Oke Indonesia Tbk.,131.0,133.0,133.0,129.0,131.0,0.0,419700.0,54987600.0,80.0,2800.0,65800.0
DNET,Indoritel Makmur Internasional Tbk.,9850.0,0.0,10050.0,9825.0,9825.0,-25.0,9800.0,96702500.0,13.0,0.0,0.0
DOID,BUMA Internasional Grup Tbk.,244.0,244.0,244.0,236.0,240.0,-4.0,2547000.0,612531800.0,592.0,283000.0,914700.0
DOOH,Era Media Sejahtera Tbk.,400.0,0.0,440.0,408.0,440.0,40.0,45133700.0,19270152400.0,1608.0,0.0,0.0
DOSS,Global Sukses Digital Tbk.,171.0,173.0,192.0,173.0,174.0,3.0,19919500.0,3628875200.0,4402.0,926100.0,2097400.0
DPNS,Duta Pertiwi Nusantara Tbk.,310.0,0.0,0.0,0.0,310.0,0.0,0.0,0.0,0.0,0.0,0.0
DPUM,Dua Putra Utama Makmur Tbk.,138.0,140.0,180.0,139.0,159.0,21.0,708954200.0,117283131800.0,53313.0,65380300.0,66856300.0
DRMA,Dharma Polimetal Tbk.,1000.0,1000.0,1000.0,985.0,985.0,-15.0,648100.0,644899500.0,284.0,9400.0,370900.0
DSFI,Dharma Samudera Fishing Industries Tbk.,87.0,87.0,104.0,87.0,90.0,3.0,134748000.0,12967818900.0,8315.0,958400.0,947800.0
DSNG,Dharma Satya Nusantara Tbk.,1600.0,1600.0,1635.0,1580.0,1595.0,-5.0,7676600.0,12378244500.0,2309.0,1079900.0,1656300.0
DSSA,Dian Swastatika Sentosa Tbk,1085.0,1085.0,1130.0,1075.0,1085.0,0.0,292021100.0,323432786500.0,29684.0,58370700.0,56506700.0
DUCK,Jaya Bersama Indo Tbk.,176.0,0.0,0.0,0.0,176.0,0.0,0.0,0.0,0.0,0.0,0.0
DUTI,Duta Pertiwi Tbk,4770.0,0.0,4770.0,4770.0,4770.0,0.0,200.0,954000.0,2.0,0.0,0.0
DVLA,Darya-Varia Laboratoria Tbk.,1590.0,1590.0,1590.0,1580.0,1590.0,0.0,42000.0,66558500.0,46.0,0.0,28700.0
DWGL,Dwi Guna Laksana Tbk.,230.0,230.0,240.0,228.0,232.0,2.0,4143600.0,964947800.0,665.0,24800.0,198100.0
DYAN,Dyandra Media International Tbk.,86.0,86.0,88.0,85.0,86.0,0.0,950600.0,81638300.0,308.0,13600.0,14100.0
EAST,Eastparc Hotel Tbk.,90.0,90.0,90.0,89.0,90.0,0.0,292500.0,26174500.0,133.0,0.0,0.0
ECII,Electronic City Indonesia Tbk.,167.0,168.0,183.0,161.0,170.0,3.0,10659500.0,1851111200.0,1901.0,781500.0,840800.0
EDGE,Indointernet Tbk.,4790.0,0.0,0.0,0.0,4790.0,0.0,0.0,0.0,0.0,0.0,0.0
EKAD,Ekadharma International Tbk.,402.0,400.0,414.0,396.0,396.0,-6.0,3661000.0,1469649800.0,775.0,995500.0,184300.0
ELIT,Data Sinergitama Jaya Tbk.,260.0,262.0,300.0,262.0,288.0,28.0,81531300.0,23160837800.0,7734.0,9084600.0,5086800.0
ELPI,Pelayaran Nasional Ekalya Purnamasari Tbk.,665.0,665.0,690.0,650.0,650.0,-15.0,720600.0,478580000.0,527.0,13400.0,24900.0
ELSA,Elnusa Tbk.,720.0,720.0,735.0,700.0,710.0,-10.0,15384800.0,11006935000.0,2640.0,1270500.0,6157300.0
ELTY,Bakrieland Development Tbk.,36.0,0.0,36.0,35.0,35.0,-1.0,50919000.0,1823340600.0,887.0,1000000.0,0.0
EMAS,Merdeka Gold Resources Tbk.,7600.0,7525.0,7650.0,7475.0,7475.0,-125.0,13790800.0,104326667500.0,5634.0,8996800.0,6347300.0
EMDE,Megapolitan Developments Tbk.,77.0,77.0,78.0,76.0,76.0,-1.0,5045800.0,386841700.0,379.0,662200.0,100300.0
EMMI,Esa Medika Mandiri Tbk.,340.0,348.0,348.0,334.0,336.0,-4.0,848400.0,287337800.0,484.0,2100.0,13300.0
EMTK,Elang Mahkota Teknologi Tbk.,492.0,492.0,496.0,484.0,484.0,-8.0,24777600.0,12117355200.0,3701.0,1175200.0,10768900.0
ENAK,Champ Resto Indonesia Tbk.,226.0,228.0,230.0,220.0,224.0,-2.0,324900.0,73546000.0,125.0,0.0,0.0
ENRG,Energi Mega Persada Tbk.,1430.0,1440.0,1455.0,1365.0,1365.0,-65.0,55022100.0,76692701500.0,10160.0,12307800.0,11208800.0
ENVY,Envy Technologies Indonesia Tbk.,50.0,0.0,0.0,0.0,50.0,0.0,0.0,0.0,0.0,0.0,0.0
ENZO,Morenzo Abadi Perkasa Tbk.,81.0,81.0,85.0,78.0,78.0,-3.0,55093900.0,4470135400.0,3726.0,995600.0,2764400.0
EPAC,Megalestari Epack Sentosaraya Tbk.,53.0,52.0,53.0,50.0,50.0,-3.0,80989000.0,4104582100.0,2346.0,1916400.0,3829400.0
EPMT,Enseval Putera Megatrading Tbk.,2620.0,2670.0,2710.0,2620.0,2630.0,10.0,130500.0,345120000.0,88.0,800.0,20700.0
ERAA,Erajaya Swasembada Tbk.,605.0,605.0,610.0,585.0,595.0,-10.0,61551100.0,36665449500.0,4430.0,24357900.0,26404900.0
ERAL,Sinar Eka Selaras Tbk.,328.0,328.0,332.0,316.0,318.0,-10.0,7657000.0,2470284400.0,820.0,1072400.0,861800.0
ERTX,Eratex Djaja Tbk.,178.0,0.0,179.0,174.0,176.0,-2.0,256500.0,45291700.0,123.0,1200.0,32300.0
ESIP,Sinergi Inti Plastindo Tbk.,123.0,123.0,124.0,120.0,121.0,-2.0,8930400.0,1089502700.0,1098.0,521700.0,583000.0
ESSA,ESSA Industries Indonesia Tbk.,620.0,625.0,625.0,600.0,605.0,-15.0,120637000.0,73908364500.0,8431.0,24424600.0,27788300.0
ESTA,Esta Multi Usaha Tbk.,175.0,177.0,185.0,175.0,177.0,2.0,2796700.0,500889700.0,747.0,0.0,42400.0
ESTI,Ever Shine Tex Tbk.,168.0,169.0,177.0,167.0,169.0,1.0,8487700.0,1458572700.0,1609.0,1022500.0,1536500.0
ETWA,Eterindo Wahanatama Tbk,70.0,0.0,0.0,0.0,70.0,0.0,0.0,0.0,0.0,0.0,0.0
EURO,Estee Gold Feet Tbk.,1355.0,0.0,1490.0,1340.0,1490.0,135.0,2914300.0,4251695000.0,493.0,40000.0,44800.0
EXCL,XLSMART Telecom Sejahtera Tbk.,2550.0,2550.0,2600.0,2530.0,2540.0,-10.0,5181800.0,13283753000.0,2541.0,1306200.0,1940400.0
FAPA,FAP Agri Tbk.,7425.0,0.0,7450.0,7425.0,7425.0,0.0,400.0,2972500.0,4.0,300.0,200.0
FAST,Fast Food Indonesia Tbk.,432.0,432.0,456.0,426.0,426.0,-6.0,9349000.0,4115599800.0,1973.0,990000.0,1039800.0
FASW,Fajar Surya Wisesa Tbk.,5275.0,0.0,0.0,0.0,5275.0,0.0,0.0,0.0,0.0,0.0,0.0
FILM,MD Entertainment Tbk.,755.0,760.0,765.0,680.0,680.0,-75.0,32760400.0,23510469500.0,7706.0,3675600.0,8066400.0
FIMP,Fimperkasa Utama Tbk.,69.0,0.0,0.0,0.0,69.0,0.0,0.0,0.0,0.0,0.0,0.0
FIRE,Alfa Energi Investama Tbk.,124.0,125.0,128.0,121.0,122.0,-2.0,12567500.0,1563479600.0,1077.0,1261600.0,1794500.0
FISH,FKS Multi Agro Tbk.,720.0,725.0,725.0,665.0,700.0,-20.0,242000.0,164590500.0,284.0,34700.0,2600.0
FITT,Fortune Resources Investment Tbk.,468.0,468.0,474.0,430.0,430.0,-38.0,3528400.0,1573857400.0,581.0,7900.0,158300.0
FLMC,Falmaco Nonwoven Industri Tbk.,128.0,0.0,128.0,116.0,116.0,-12.0,4572400.0,537689000.0,628.0,0.0,0.0
FMII,Fortune Mate Indonesia Tbk,248.0,0.0,252.0,240.0,252.0,4.0,11500.0,2829800.0,14.0,0.0,0.0
FOLK,Multi Garam Utama Tbk.,268.0,266.0,282.0,242.0,244.0,-24.0,34795700.0,9141106600.0,5370.0,1375700.0,1151400.0
FOOD,Sentra Food Indonesia Tbk.,176.0,0.0,0.0,0.0,176.0,0.0,0.0,0.0,0.0,0.0,0.0
FORE,Fore Kopi Indonesia Tbk.,800.0,800.0,805.0,780.0,780.0,-20.0,1734000.0,1367260500.0,899.0,66600.0,906700.0
FORU,Fortune Indonesia Tbk,4220.0,4220.0,4320.0,3940.0,4020.0,-200.0,6057100.0,24750845000.0,5321.0,405200.0,370300.0
FPNI,Lotte Chemical Titan Tbk.,520.0,520.0,535.0,505.0,505.0,-15.0,2309600.0,1203315500.0,707.0,431800.0,661000.0
FUJI,Fuji Finance Indonesia Tbk.,252.0,250.0,286.0,248.0,254.0,2.0,6839900.0,1828773000.0,1851.0,855100.0,421100.0
FUTR,Futura Energi Global Tbk.,302.0,300.0,304.0,278.0,282.0,-20.0,41818100.0,12032159400.0,3401.0,3628100.0,3802600.0
FWCT,Wijaya Cahaya Timber Tbk.,92.0,92.0,92.0,90.0,90.0,-2.0,1135500.0,103037900.0,238.0,6200.0,2000.0
GAMA,Aksara Global Development Tbk.,18.0,0.0,0.0,0.0,18.0,0.0,0.0,0.0,0.0,0.0,0.0
GDST,Gunawan Dianjaya Steel Tbk.,113.0,113.0,118.0,112.0,113.0,0.0,6978200.0,795859500.0,594.0,138900.0,781000.0
GDYR,Goodyear Indonesia Tbk.,1140.0,0.0,1130.0,1125.0,1125.0,-15.0,2300.0,2593000.0,5.0,0.0,0.0
GEMA,Gema Grahasarana Tbk.,92.0,92.0,93.0,89.0,91.0,-1.0,2456500.0,222285100.0,254.0,8900.0,9900.0
GEMS,Golden Energy Mines Tbk.,7450.0,7450.0,7500.0,7275.0,7350.0,-100.0,35900.0,265005000.0,127.0,0.0,10900.0
GGRM,Gudang Garam Tbk.,17875.0,17775.0,18200.0,17650.0,17750.0,-125.0,760100.0,13637065000.0,1413.0,210200.0,469600.0
GGRP,Gunung Raja Paksi Tbk.,326.0,326.0,330.0,318.0,318.0,-8.0,648900.0,209959600.0,147.0,23700.0,60900.0
GHON,Gihon Telekomunikasi Indonesia Tbk.,1685.0,1705.0,1705.0,1645.0,1685.0,0.0,5300.0,8876000.0,28.0,0.0,900.0
GIAA,Garuda Indonesia (Persero) Tbk.,63.0,63.0,64.0,62.0,62.0,-1.0,36041600.0,2268081800.0,2064.0,2757700.0,5697300.0
GJTL,Gajah Tunggal Tbk.,1340.0,1345.0,1360.0,1325.0,1330.0,-10.0,2010200.0,2697090000.0,546.0,117300.0,1084500.0
GLOB,Globe Kita Terang Tbk.,155.0,0.0,0.0,0.0,155.0,0.0,0.0,0.0,0.0,0.0,0.0
GLVA,Galva Technologies Tbk.,334.0,334.0,334.0,330.0,334.0,0.0,54300.0,18129000.0,22.0,7800.0,0.0
GMFI,Garuda Maintenance Facility Aero Asia Tbk.,59.0,59.0,59.0,57.0,58.0,-1.0,87882400.0,5111852200.0,2214.0,3610200.0,14059300.0
GMTD,Gowa Makassar Tourism Development Tbk.,1240.0,1200.0,1300.0,1200.0,1235.0,-5.0,30200.0,37019000.0,148.0,700.0,0.0
GOLD,Visi Telekomunikasi Infrastruktur Tbk.,274.0,280.0,292.0,276.0,276.0,2.0,218300.0,62368800.0,197.0,0.0,14500.0
GOLF,Intra Golflink Resorts Tbk.,180.0,180.0,180.0,170.0,173.0,-7.0,6638500.0,1152130200.0,1024.0,415700.0,182200.0
GOLL,Golden Plantation Tbk.,50.0,0.0,0.0,0.0,50.0,0.0,0.0,0.0,0.0,0.0,0.0
GOOD,Garudafood Putra Putri Jaya Tbk.,314.0,314.0,318.0,304.0,312.0,-2.0,214700.0,66900400.0,155.0,38000.0,41700.0
GOTO,GoTo Gojek Tokopedia Tbk.,50.0,50.0,50.0,50.0,50.0,0.0,5406900.0,270345000.0,676.0,5200.0,0.0
GOTOM,MVS GoTo Gojek Tokopedia Tbk.,68.0,0.0,0.0,0.0,68.0,0.0,0.0,0.0,0.0,0.0,0.0
GPRA,Perdana Gapuraprima Tbk.,103.0,103.0,106.0,102.0,103.0,0.0,115539400.0,12003254900.0,1904.0,7482500.0,14775700.0
GPSO,Geoprima Solusi Tbk.,288.0,288.0,288.0,280.0,280.0,-8.0,4979100.0,1409966000.0,537.0,17700.0,2171900.0
GRIA,Ingria Pratama Capitalindo Tbk.,168.0,169.0,179.0,166.0,167.0,-1.0,24414400.0,4236767000.0,2603.0,1597900.0,5091000.0
GRPH,Griptha Putra Persada Tbk.,137.0,0.0,0.0,0.0,137.0,0.0,0.0,0.0,0.0,0.0,0.0
GRPM,Graha Prima Mentari Tbk.,171.0,0.0,171.0,161.0,170.0,-1.0,12936800.0,2159738900.0,772.0,265300.0,1380200.0
GSMF,Equity Development Investment Tbk.,104.0,104.0,107.0,102.0,102.0,-2.0,7536100.0,781721200.0,751.0,732200.0,657100.0
GTBO,Garda Tujuh Buana Tbk,153.0,0.0,152.0,152.0,152.0,-1.0,2700.0,410400.0,3.0,0.0,0.0
GTRA,Grahaprima Suksesmandiri Tbk.,240.0,0.0,248.0,234.0,236.0,-4.0,266800.0,63472200.0,115.0,100.0,39900.0
GTSI,GTS Internasional Tbk.,158.0,158.0,160.0,153.0,153.0,-5.0,9554300.0,1496149400.0,1251.0,1196800.0,589600.0
GULA,Aman Agrindo Tbk.,830.0,825.0,855.0,820.0,830.0,0.0,24448000.0,20454375500.0,1475.0,5855600.0,5744100.0
GUNA,Gunanusa Eramandiri Tbk.,220.0,220.0,220.0,214.0,220.0,0.0,103400.0,22365400.0,67.0,0.0,200.0
GWSA,Greenwood Sejahtera Tbk.,159.0,158.0,160.0,155.0,156.0,-3.0,1086900.0,170781500.0,203.0,77500.0,8700.0
GZCO,Gozco Plantations Tbk.,188.0,188.0,190.0,181.0,184.0,-4.0,11133300.0,2072258700.0,1487.0,2990300.0,2760500.0
HADE,Himalaya Energi Perkasa Tbk.,21.0,0.0,23.0,22.0,23.0,2.0,16490200.0,371777300.0,407.0,0.0,0.0
HAIS,Hasnur Internasional Shipping Tbk.,185.0,185.0,187.0,182.0,183.0,-2.0,557800.0,103020300.0,206.0,45900.0,161100.0
HAJJ,Arsy Buana Travelindo Tbk.,116.0,0.0,119.0,111.0,111.0,-5.0,11159800.0,1293213600.0,1437.0,1416400.0,2307600.0
HALO,Haloni Jane Tbk.,71.0,72.0,73.0,70.0,71.0,0.0,9062400.0,645850500.0,671.0,621000.0,704600.0
HATM,Habco Trans Maritima Tbk.,560.0,560.0,565.0,535.0,565.0,5.0,31186500.0,17117751000.0,4291.0,3915400.0,2329700.0
HBAT,Minahasa Membangun Hebat Tbk.,354.0,0.0,354.0,324.0,350.0,-4.0,2181900.0,747213800.0,589.0,71600.0,57500.0
HDFA,Radana Bhaskara Finance Tbk.,102.0,0.0,104.0,100.0,101.0,-1.0,747000.0,75708400.0,136.0,0.0,0.0
HDIT,Hensel Davest Indonesia Tbk.,50.0,50.0,50.0,50.0,50.0,0.0,1058700.0,52935000.0,51.0,0.0,0.0
HEAL,Medikaloka Hermina Tbk.,675.0,675.0,680.0,670.0,675.0,0.0,8692500.0,5864167000.0,1138.0,1369200.0,6333900.0
HELI,Jaya Trishindo Tbk.,204.0,206.0,230.0,202.0,216.0,12.0,4024100.0,866485200.0,807.0,0.0,0.0
HERO,DFI Retail Nusantara Tbk.,336.0,334.0,358.0,332.0,340.0,4.0,233600.0,79418000.0,99.0,400.0,14000.0
HEXA,Hexindo Adiperkasa Tbk.,4490.0,4500.0,4500.0,4370.0,4400.0,-90.0,1682300.0,7438698000.0,1297.0,300000.0,1137000.0
HGII,Hero Global Investment Tbk.,143.0,144.0,144.0,135.0,141.0,-2.0,2136900.0,297364100.0,320.0,56500.0,51000.0
HILL,Hillcon Tbk.,16.0,0.0,0.0,0.0,16.0,0.0,0.0,0.0,0.0,0.0,0.0
HITS,Humpuss Intermoda Transportasi Tbk.,116.0,0.0,0.0,0.0,116.0,0.0,0.0,0.0,0.0,0.0,0.0
HKMU,HK Metals Utama Tbk.,50.0,0.0,0.0,0.0,50.0,0.0,0.0,0.0,0.0,0.0,0.0
HMSP,H.M. Sampoerna Tbk.,660.0,665.0,675.0,645.0,655.0,-5.0,51032800.0,33587045000.0,4367.0,12973300.0,3758200.0
HOKI,Buyung Poetra Sembada Tbk.,55.0,54.0,55.0,53.0,53.0,-2.0,25309300.0,1359482000.0,1228.0,23600.0,3451400.0
HOME,Hotel Mandarine Regency Tbk.,50.0,0.0,0.0,0.0,50.0,0.0,0.0,0.0,0.0,0.0,0.0
HOMI,Grand House Mulia Tbk.,252.0,252.0,258.0,242.0,252.0,0.0,2444500.0,612927600.0,310.0,24900.0,138700.0
HOPE,Harapan Duta Pertiwi Tbk.,206.0,204.0,224.0,204.0,210.0,4.0,38190000.0,8300694000.0,2889.0,1980500.0,7257800.0
HOTL,Saraswati Griya Lestari Tbk.,50.0,0.0,0.0,0.0,50.0,0.0,0.0,0.0,0.0,0.0,0.0
HRME,Menteng Heritage Realty Tbk.,43.0,0.0,45.0,43.0,44.0,1.0,1073100.0,46481200.0,87.0,0.0,0.0
HRTA,Hartadinata Abadi Tbk.,2150.0,2150.0,2170.0,2110.0,2110.0,-40.0,9018500.0,19233035000.0,2216.0,1016600.0,3925200.0
HRUM,Harum Energy Tbk.,900.0,900.0,915.0,885.0,885.0,-15.0,11565300.0,10370406000.0,2359.0,2061400.0,2762800.0
HUMI,Humpuss Maritim Internasional Tbk.,133.0,134.0,134.0,130.0,130.0,-3.0,16133700.0,2123559800.0,1650.0,2165500.0,2666200.0
HYGN,Ecocare Indo Pasifik Tbk.,188.0,188.0,190.0,183.0,184.0,-4.0,1970400.0,367048300.0,271.0,4700.0,3800.0
IATA,Karya Pacific Energy Tbk.,122.0,120.0,124.0,114.0,116.0,-6.0,507276000.0,59979223800.0,13163.0,65504500.0,66018700.0
IBFN,Intan Baru Prana Tbk.,63.0,0.0,0.0,0.0,63.0,0.0,0.0,0.0,0.0,0.0,0.0
IBOS,Indo Boga Sukses Tbk.,92.0,0.0,95.0,86.0,91.0,-1.0,997000.0,91251700.0,196.0,10000.0,170400.0
IBST,Inti Bangun Sejahtera Tbk.,8475.0,0.0,0.0,0.0,8475.0,0.0,0.0,0.0,0.0,0.0,0.0
ICBP,Indofood CBP Sukses Makmur Tbk.,6900.0,6900.0,7025.0,6800.0,7025.0,125.0,3961900.0,27518077500.0,2762.0,876800.0,2167800.0
ICON,Island Concepts Indonesia Tbk.,144.0,143.0,149.0,143.0,146.0,2.0,8115200.0,1186037600.0,961.0,3101300.0,502000.0
IDEA,Idea Indonesia Akademi Tbk.,93.0,0.0,102.0,93.0,102.0,9.0,57827900.0,5770958800.0,2180.0,0.0,0.0
IDPR,Indonesia Pondasi Raya Tbk.,284.0,298.0,298.0,272.0,274.0,-10.0,67500.0,18797200.0,60.0,0.0,1100.0
IFII,Indonesia Fibreboard Industry Tbk.,210.0,216.0,220.0,206.0,210.0,0.0,655900.0,138020600.0,319.0,12100.0,24100.0
IFSH,Ifishdeco Tbk.,1000.0,0.0,1000.0,1000.0,1000.0,0.0,8400.0,8400000.0,16.0,0.0,500.0
IGAR,Champion Pacific Indonesia Tbk.,468.0,0.0,482.0,472.0,474.0,6.0,21400.0,10110000.0,13.0,0.0,0.0
IIKP,Inti Agri Resources Tbk,50.0,0.0,0.0,0.0,50.0,0.0,0.0,0.0,0.0,0.0,0.0
IKAI,Intikeramik Alamasri Industri Tbk.,21.0,0.0,23.0,21.0,21.0,0.0,40924900.0,905826400.0,354.0,0.0,0.0
IKAN,Era Mandiri Cemerlang Tbk.,88.0,89.0,95.0,88.0,91.0,3.0,33199500.0,3068151400.0,3954.0,1180300.0,1329700.0
IKBI,Sumi Indo Kabel Tbk.,580.0,600.0,620.0,565.0,575.0,-5.0,994700.0,581049000.0,669.0,18600.0,80000.0
IKPM,Ikapharmindo Putramas Tbk.,180.0,180.0,183.0,175.0,179.0,-1.0,101500.0,18232900.0,211.0,0.0,0.0
IMAS,Indomobil Sukses Internasional Tbk.,895.0,900.0,900.0,880.0,880.0,-15.0,95300.0,84719500.0,54.0,200.0,10300.0
IMJS,Indomobil Multi Jasa Tbk.,188.0,189.0,190.0,185.0,185.0,-3.0,2336100.0,435477300.0,337.0,68700.0,157800.0
IMPC,Impack Pratama Industri Tbk.,1625.0,1625.0,1780.0,1625.0,1700.0,75.0,24996800.0,42815920000.0,5841.0,9319800.0,5842700.0
INAF,Indofarma Tbk.,126.0,0.0,0.0,0.0,126.0,0.0,0.0,0.0,0.0,0.0,0.0
INAI,Indal Aluminium Industry Tbk.,174.0,172.0,178.0,172.0,175.0,1.0,1208900.0,211927800.0,386.0,0.0,0.0
INCF,Indo Komoditi Korpora Tbk.,50.0,0.0,0.0,0.0,50.0,0.0,0.0,0.0,0.0,0.0,0.0
INCI,Intanwijaya Internasional Tbk,810.0,815.0,815.0,800.0,815.0,5.0,81700.0,66004500.0,61.0,0.0,30000.0
INCO,Vale Indonesia Tbk.,4640.0,4640.0,4880.0,4600.0,4830.0,190.0,33992100.0,163203668000.0,10763.0,12269600.0,6308500.0
INDF,Indofood Sukses Makmur Tbk.,7275.0,7250.0,7300.0,7150.0,7225.0,-50.0,5718000.0,41256632500.0,4217.0,2785500.0,4020900.0
INDO,Royalindo Investa Wijaya Tbk.,186.0,186.0,190.0,184.0,185.0,-1.0,34268400.0,6393833700.0,1423.0,11336100.0,7118400.0
INDR,Indo-Rama Synthetics Tbk.,2940.0,0.0,2950.0,2900.0,2950.0,10.0,4200.0,12341000.0,16.0,0.0,700.0
INDS,Indospring Tbk.,254.0,260.0,260.0,252.0,252.0,-2.0,1099200.0,280467600.0,287.0,0.0,311600.0
INDX,Tanah Laut Tbk,60.0,0.0,0.0,0.0,60.0,0.0,0.0,0.0,0.0,0.0,0.0
INDY,Indika Energy Tbk.,2740.0,2740.0,2800.0,2700.0,2700.0,-40.0,15195400.0,41727757000.0,4434.0,1984600.0,3171700.0
INET,Sinergi Inti Andalan Prima Tbk.,322.0,320.0,330.0,314.0,316.0,-6.0,264025600.0,84858039600.0,17530.0,52675500.0,44663200.0
INKP,Indah Kiat Pulp & Paper Tbk.,8675.0,8700.0,8800.0,8550.0,8600.0,-75.0,5040700.0,43509660000.0,3254.0,2010000.0,1769400.0
INOV,Inocycle Technology Group Tbk.,138.0,138.0,139.0,135.0,136.0,-2.0,2665000.0,362402100.0,226.0,75000.0,287300.0
INPC,Bank Artha Graha Internasional Tbk.,156.0,155.0,157.0,151.0,151.0,-5.0,5750900.0,884730700.0,534.0,744000.0,1658200.0
INPP,Indonesian Paradise Property Tbk.,750.0,0.0,745.0,730.0,740.0,-10.0,41200.0,30328500.0,33.0,0.0,18100.0
INPS,Indah Prakasa Sentosa Tbk.,885.0,0.0,970.0,970.0,970.0,85.0,1058500.0,1026745000.0,88.0,0.0,0.0
INRU,Toba Pulp Lestari Tbk.,590.0,0.0,0.0,0.0,590.0,0.0,0.0,0.0,0.0,0.0,0.0
INTA,Intraco Penta Tbk.,61.0,0.0,0.0,0.0,61.0,0.0,0.0,0.0,0.0,0.0,0.0
INTD,Inter Delta Tbk,320.0,320.0,360.0,272.0,272.0,-48.0,21188300.0,6840122000.0,12642.0,1900.0,0.0
INTP,Indocement Tunggal Prakarsa Tbk.,5225.0,5250.0,5350.0,5200.0,5225.0,0.0,889900.0,4663100000.0,657.0,483600.0,722000.0
IOTF,Sumber Sinergi Makmur Tbk.,64.0,64.0,65.0,62.0,63.0,-1.0,13744200.0,871064200.0,818.0,487300.0,3562600.0
IPAC,Era Graharealty Tbk.,189.0,0.0,0.0,0.0,189.0,0.0,0.0,0.0,0.0,0.0,0.0
IPCC,Indonesia Kendaraan Terminal Tbk.,1120.0,1115.0,1125.0,1105.0,1105.0,-15.0,924200.0,1029006000.0,622.0,5700.0,19700.0
IPCM,Jasa Armada Indonesia Tbk.,290.0,290.0,292.0,288.0,288.0,-2.0,476600.0,137938800.0,296.0,1500.0,2000.0
IPOL,Indopoly Swakarsa Industry Tbk.,115.0,0.0,118.0,115.0,115.0,0.0,137800.0,16044400.0,62.0,2800.0,2400.0
IPPE,Indo Pureco Pratama Tbk.,14.0,0.0,0.0,0.0,14.0,0.0,0.0,0.0,0.0,0.0,0.0
IPTV,MNC Vision Networks Tbk.,31.0,0.0,32.0,31.0,31.0,0.0,1310400.0,40652800.0,80.0,0.0,0.0
IRRA,Itama Ranoraya Tbk.,370.0,0.0,376.0,368.0,368.0,-2.0,235500.0,87104400.0,95.0,200.0,13300.0
IRSX,Folago Global Nusantara Tbk.,400.0,400.0,408.0,392.0,398.0,-2.0,44086200.0,17588770200.0,4250.0,1533700.0,5194400.0
ISAP,Isra Presisi Indonesia Tbk.,24.0,0.0,25.0,23.0,25.0,1.0,28650400.0,693921000.0,821.0,0.0,0.0
ISAT,Indosat Tbk.,2390.0,2390.0,2400.0,2350.0,2360.0,-30.0,32944000.0,77893684000.0,5444.0,13311900.0,20640100.0
ISEA,Indo American Seafoods Tbk.,89.0,89.0,94.0,88.0,90.0,1.0,16564600.0,1513664400.0,1387.0,182400.0,1056400.0
ISSP,Steel Pipe Industry of Indonesia Tbk.,438.0,444.0,444.0,416.0,430.0,-8.0,4300700.0,1827156200.0,451.0,74400.0,523000.0
ITIC,Indonesian Tobacco Tbk.,216.0,216.0,222.0,214.0,216.0,0.0,321700.0,70374600.0,119.0,100.0,15100.0
ITMA,Sumber Energi Andalan Tbk.,1470.0,1530.0,1530.0,1470.0,1470.0,0.0,264300.0,398490500.0,97.0,100.0,32000.0
ITMG,Indo Tambangraya Megah Tbk.,26175.0,26175.0,26525.0,25800.0,26225.0,50.0,1982500.0,52292175000.0,3376.0,287900.0,1334900.0
JARR,Jhonlin Agro Raya Tbk.,3890.0,3890.0,3990.0,3800.0,3890.0,0.0,12561500.0,48742303000.0,5809.0,655600.0,2643600.0
JAST,Jasnita Telekomindo Tbk.,90.0,91.0,91.0,88.0,88.0,-2.0,5191400.0,463450100.0,621.0,39000.0,34000.0
JATI,Informasi Teknologi Indonesia Tbk.,118.0,118.0,121.0,114.0,114.0,-4.0,27245700.0,3194022700.0,1263.0,5337500.0,884500.0
JAWA,Jaya Agra Wattie Tbk.,149.0,149.0,172.0,149.0,154.0,5.0,44343100.0,7129604900.0,5349.0,4318100.0,2577100.0
JAYA,Armada Berjaya Trans Tbk.,152.0,155.0,191.0,152.0,174.0,22.0,73470400.0,13007520900.0,8557.0,2078100.0,3129900.0
JECC,Jembo Cable Company Tbk.,985.0,1000.0,1010.0,880.0,890.0,-95.0,685400.0,638004000.0,706.0,59000.0,96600.0
JECX,Nitrasanata Dharma Tbk.,1320.0,1320.0,1355.0,1305.0,1350.0,30.0,859100.0,1144956000.0,586.0,30300.0,256300.0
JELI,Niramas Utama Tbk.,486.0,490.0,492.0,480.0,482.0,-4.0,2225100.0,1077846400.0,1147.0,240700.0,348800.0
JGLE,Graha Andrasentra Propertindo Tbk.,76.0,75.0,77.0,71.0,72.0,-4.0,282260700.0,20814175800.0,8548.0,39200300.0,37340900.0
JIHD,Jakarta International Hotels & Development Tbk.,434.0,0.0,440.0,426.0,430.0,-4.0,187900.0,81115400.0,87.0,26900.0,10600.0
JKON,Jaya Konstruksi Manggala Pratama Tbk.,85.0,84.0,87.0,84.0,86.0,1.0,5692100.0,485959400.0,363.0,395400.0,682500.0
JMAS,Asuransi Jiwa Syariah Jasa Mitra Abadi Tbk.,228.0,0.0,0.0,0.0,228.0,0.0,0.0,0.0,0.0,0.0,0.0
JPFA,Japfa Comfeed Indonesia Tbk.,2270.0,2290.0,2320.0,2270.0,2300.0,30.0,7931300.0,18245435000.0,2027.0,4426000.0,3169300.0
JRPT,Jaya Real Property Tbk.,1120.0,0.0,1125.0,1090.0,1120.0,0.0,699900.0,781110000.0,37.0,900.0,532700.0
JSKY,Sky Energy Indonesia Tbk.,52.0,0.0,0.0,0.0,52.0,0.0,0.0,0.0,0.0,0.0,0.0
JSMR,Jasa Marga (Persero) Tbk.,2870.0,2870.0,2900.0,2840.0,2840.0,-30.0,3676100.0,10496718000.0,1289.0,1414600.0,809500.0
JSPT,Jakarta Setiabudi Internasional Tbk.,1470.0,1470.0,1470.0,1425.0,1470.0,0.0,31000.0,45355500.0,25.0,0.0,600.0
JTPE,Jasuindo Tiga Perkasa Tbk.,600.0,600.0,605.0,600.0,600.0,0.0,303600.0,182415000.0,79.0,300.0,13000.0
KAEF,Kimia Farma (Persero) Tbk.,440.0,440.0,450.0,440.0,442.0,2.0,1058800.0,471053400.0,281.0,110100.0,328300.0
KAQI,Jantra Grupo Indonesia Tbk.,93.0,93.0,102.0,93.0,95.0,2.0,82905300.0,8121996100.0,6986.0,3836400.0,14934400.0
KARW,Meratus Jasa Prima Tbk.,212.0,0.0,0.0,0.0,212.0,0.0,0.0,0.0,0.0,0.0,0.0
KAYU,Darmi Bersaudara Tbk.,18.0,0.0,0.0,0.0,18.0,0.0,0.0,0.0,0.0,0.0,0.0
KBAG,Karya Bersama Anugerah Tbk.,42.0,0.0,43.0,41.0,41.0,-1.0,1790300.0,74593500.0,134.0,0.0,3700.0
KBLI,KMI Wire & Cable Tbk.,390.0,394.0,398.0,364.0,382.0,-8.0,6526100.0,2483333800.0,1712.0,257500.0,453000.0
KBLM,Kabelindo Murni Tbk.,390.0,390.0,402.0,364.0,384.0,-6.0,5168000.0,1988581400.0,1496.0,80200.0,81300.0
KBLV,First Media Tbk.,126.0,126.0,132.0,125.0,127.0,1.0,10438400.0,1342914700.0,933.0,2076800.0,2043200.0
KBRI,Kertas Basuki Rachmat Indonesia Tbk.,50.0,0.0,0.0,0.0,50.0,0.0,0.0,0.0,0.0,0.0,0.0
KDSI,Kedawung Setia Industrial Tbk.,468.0,0.0,468.0,466.0,468.0,0.0,8600.0,4024400.0,13.0,0.0,0.0
KDTN,Puri Sentul Permai Tbk.,392.0,392.0,396.0,380.0,382.0,-10.0,3234300.0,1250867000.0,555.0,992700.0,1804600.0
KEEN,Kencana Energi Lestari Tbk.,915.0,915.0,920.0,900.0,905.0,-10.0,4813900.0,4368573500.0,1073.0,33300.0,832500.0
KEJU,Mulia Boga Raya Tbk.,595.0,0.0,605.0,590.0,595.0,0.0,22200.0,13258500.0,31.0,0.0,0.0
KETR,Ketrosden Triasmitra Tbk.,905.0,910.0,955.0,895.0,925.0,20.0,28866200.0,26891509000.0,3409.0,7873500.0,4727700.0
KIAS,Keramika Indonesia Assosiasi Tbk.,21.0,0.0,0.0,0.0,21.0,0.0,0.0,0.0,0.0,0.0,0.0
KICI,Kedaung Indah Can Tbk,274.0,272.0,278.0,272.0,274.0,0.0,708500.0,194028000.0,98.0,33500.0,29800.0
KIJA,Kawasan Industri Jababeka Tbk.,185.0,185.0,188.0,170.0,176.0,-9.0,297578900.0,53196706300.0,13465.0,38164100.0,61114100.0
KING,Hoffmen Cleanindo Tbk.,382.0,0.0,398.0,366.0,374.0,-8.0,1612000.0,612643600.0,566.0,0.0,112700.0
KINO,Kino Indonesia Tbk.,1395.0,0.0,1415.0,1375.0,1405.0,10.0,3100.0,4328500.0,12.0,0.0,0.0
KIOS,Kioson Komersial Indonesia Tbk.,100.0,100.0,103.0,98.0,99.0,-1.0,20345500.0,2049009700.0,1819.0,172700.0,1099500.0
KJEN,Krida Jaringan Nusantara Tbk.,170.0,173.0,176.0,163.0,166.0,-4.0,30619300.0,5151069900.0,3548.0,287700.0,1414400.0
KKES,Kusuma Kemindo Sentosa Tbk.,91.0,92.0,95.0,86.0,86.0,-5.0,41691300.0,3787551000.0,3311.0,211600.0,465900.0
KKGI,Resource Alam Indonesia Tbk.,316.0,316.0,318.0,298.0,306.0,-10.0,8804500.0,2697781200.0,1422.0,591700.0,845900.0
KLAS,Pelayaran Kurnia Lautan Semesta Tbk.,82.0,82.0,87.0,81.0,83.0,1.0,15715900.0,1333297100.0,779.0,106200.0,3705400.0
KLBF,Kalbe Farma Tbk.,770.0,765.0,775.0,755.0,760.0,-10.0,67032400.0,51098297000.0,5526.0,26657600.0,42068400.0
KLIN,Klinko Karya Imaji Tbk.,123.0,0.0,126.0,115.0,123.0,0.0,138500.0,16810300.0,66.0,0.0,0.0
KMDS,Kurniamitra Duta Sentosa Tbk.,525.0,525.0,525.0,520.0,525.0,0.0,105800.0,55265000.0,33.0,0.0,0.0
KMTR,Kirana Megatara Tbk.,252.0,0.0,258.0,250.0,250.0,-2.0,36100.0,9170400.0,28.0,0.0,1500.0
KOBX,Kobexindo Tractors Tbk.,177.0,179.0,183.0,176.0,176.0,-1.0,2316600.0,413538200.0,476.0,0.0,338300.0
KOCI,Kokoh Exa Nusantara Tbk.,126.0,128.0,132.0,120.0,120.0,-6.0,25644500.0,3242933400.0,1790.0,4877400.0,2698200.0
KOIN,Kokoh Inti Arebama Tbk,78.0,0.0,0.0,0.0,78.0,0.0,0.0,0.0,0.0,0.0,0.0
KOKA,Koka Indonesia Tbk.,189.0,190.0,196.0,188.0,190.0,1.0,7955400.0,1528376400.0,1438.0,715200.0,772000.0
KONI,Perdana Bangun Pusaka Tbk,2040.0,0.0,2100.0,2000.0,2050.0,10.0,7400.0,15123000.0,29.0,1200.0,0.0
KOPI,Mitra Energi Persada Tbk.,202.0,222.0,252.0,200.0,202.0,0.0,45447000.0,10674423000.0,9135.0,705500.0,692900.0
KOTA,DMS Propertindo Tbk.,204.0,204.0,210.0,192.0,193.0,-11.0,247426500.0,49545547800.0,15819.0,21976600.0,30248900.0
KPIG,MNC Tourism Indonesia Tbk.,76.0,76.0,77.0,70.0,72.0,-4.0,499753400.0,36665194900.0,10012.0,85568900.0,64135300.0
KRAS,Krakatau Steel (Persero) Tbk.,230.0,230.0,234.0,228.0,228.0,-2.0,2402600.0,555845400.0,413.0,0.0,1323400.0
KREN,Quantum Clovera Investama Tbk.,16.0,0.0,16.0,15.0,15.0,-1.0,19744800.0,297034300.0,289.0,0.0,0.0
KRYA,Bangun Karya Perkasa Jaya Tbk.,68.0,69.0,75.0,68.0,70.0,2.0,126623200.0,9063062700.0,5806.0,8253300.0,5465400.0
KSIX,Kentanix Supra International Tbk.,406.0,0.0,408.0,406.0,408.0,2.0,237800.0,96733800.0,50.0,0.0,0.0
KUAS,Ace Oldfields Tbk.,100.0,100.0,103.0,99.0,99.0,-1.0,10903800.0,1095324800.0,867.0,259900.0,1133300.0
LABA,Green Power Group Tbk.,129.0,130.0,137.0,125.0,126.0,-3.0,75439100.0,9922681400.0,5173.0,2591600.0,3334300.0
LABS,UBC Medical Indonesia Tbk.,170.0,170.0,170.0,167.0,168.0,-2.0,978700.0,164557400.0,138.0,116600.0,0.0
LAJU,Jasa Berdikari Logistics Tbk.,70.0,71.0,74.0,70.0,71.0,1.0,18813900.0,1353217400.0,1725.0,188000.0,633700.0
LAND,Trimitra Propertindo Tbk.,72.0,73.0,75.0,71.0,72.0,0.0,20069200.0,1470116700.0,1028.0,1808700.0,4117300.0
LAPD,Leyand International Tbk.,84.0,84.0,86.0,77.0,79.0,-5.0,152987600.0,12373438700.0,8247.0,19138500.0,9044600.0
LCGP,Eureka Prima Jakarta Tbk.,114.0,0.0,0.0,0.0,114.0,0.0,0.0,0.0,0.0,0.0,0.0
LCKM,LCK Global Kedaton Tbk.,109.0,0.0,0.0,0.0,109.0,0.0,0.0,0.0,0.0,0.0,0.0
LEAD,Logindo Samudramakmur Tbk.,107.0,107.0,110.0,104.0,104.0,-3.0,17331900.0,1840659700.0,1095.0,919300.0,3692400.0
LFLO,Imago Mulia Persada Tbk.,535.0,0.0,535.0,515.0,535.0,0.0,2800700.0,1484368500.0,9.0,0.0,0.0
LIFE,MSIG Life Insurance Indonesia Tbk.,12725.0,0.0,0.0,0.0,12725.0,0.0,0.0,0.0,0.0,0.0,0.0
LINK,Link Net Tbk.,1640.0,0.0,1715.0,1640.0,1655.0,15.0,13200.0,21961500.0,26.0,0.0,5400.0
LION,Lion Metal Works Tbk.,368.0,0.0,374.0,358.0,362.0,-6.0,111500.0,40609000.0,71.0,0.0,0.0
LIVE,Homeco Victoria Makmur Tbk.,186.0,186.0,186.0,182.0,182.0,-4.0,1240300.0,228194000.0,271.0,160400.0,139800.0
LMAS,Limas Indonesia Makmur Tbk,50.0,0.0,0.0,0.0,50.0,0.0,0.0,0.0,0.0,0.0,0.0
LMAX,Lupromax Pelumas Indonesia Tbk.,109.0,0.0,109.0,106.0,107.0,-2.0,212700.0,22991500.0,66.0,0.0,0.0
LMPI,Langgeng Makmur Industri Tbk.,161.0,164.0,169.0,162.0,163.0,2.0,863200.0,142498200.0,262.0,0.0,0.0
LMSH,Lionmesh Prima Tbk.,256.0,0.0,0.0,0.0,256.0,0.0,0.0,0.0,0.0,0.0,0.0
LOPI,Logisticsplus International Tbk.,62.0,0.0,63.0,60.0,63.0,1.0,2644000.0,163609800.0,209.0,0.0,28600.0
LPCK,Lippo Cikarang Tbk,600.0,600.0,605.0,590.0,600.0,0.0,876200.0,525589000.0,114.0,700.0,1300.0
LPGI,Lippo General Insurance Tbk.,645.0,0.0,645.0,620.0,645.0,0.0,7400.0,4681000.0,19.0,0.0,1000.0
LPIN,Multi Prima Sejahtera Tbk,432.0,0.0,434.0,432.0,432.0,0.0,92200.0,39899200.0,52.0,0.0,0.0
LPKR,Lippo Karawaci Tbk.,59.0,60.0,61.0,58.0,59.0,0.0,110107500.0,6536639200.0,2442.0,857400.0,54841100.0
LPLI,Star Pacific Tbk,232.0,236.0,236.0,228.0,234.0,2.0,117200.0,27025600.0,120.0,17600.0,20000.0
LPPF,MDS Retailing Tbk.,1620.0,1625.0,1635.0,1610.0,1615.0,-5.0,1170600.0,1894685000.0,613.0,61600.0,672400.0
LPPS,Lenox Pasifik Investama Tbk.,81.0,82.0,85.0,81.0,81.0,0.0,2382800.0,195555200.0,906.0,0.0,0.0
LRNA,Eka Sari Lorena Transport Tbk.,220.0,220.0,220.0,214.0,220.0,0.0,157600.0,34111400.0,89.0,0.0,0.0
LSIP,PP London Sumatra Indonesia Tbk.,1685.0,1680.0,1740.0,1680.0,1710.0,25.0,15181100.0,25994511500.0,3074.0,7576600.0,6217500.0
LTLS,Lautan Luas Tbk.,1030.0,1030.0,1070.0,970.0,975.0,-55.0,841300.0,837352500.0,581.0,69900.0,17200.0
LUCK,Sentral Mitra Informatika Tbk.,118.0,118.0,121.0,117.0,117.0,-1.0,6160600.0,732733500.0,313.0,0.0,0.0
LUCY,Lima Dua Lima Tiga Tbk.,334.0,0.0,350.0,316.0,334.0,0.0,77685900.0,25898163800.0,5911.0,11658700.0,15089200.0
MABA,Marga Abhinaya Abadi Tbk.,50.0,0.0,0.0,0.0,50.0,0.0,0.0,0.0,0.0,0.0,0.0
MAGP,Multi Agro Gemilang Plantation Tbk.,50.0,0.0,0.0,0.0,50.0,0.0,0.0,0.0,0.0,0.0,0.0
MAHA,Mandiri Herindo Adiperkasa Tbk.,144.0,144.0,145.0,143.0,143.0,-1.0,3971100.0,571039200.0,383.0,27200.0,33900.0
MAIN,Malindo Feedmill Tbk.,660.0,665.0,680.0,660.0,665.0,5.0,2377400.0,1601855000.0,412.0,370800.0,1702000.0
MANG,Manggung Polahraya Tbk.,38.0,0.0,39.0,38.0,39.0,1.0,8038000.0,305797400.0,268.0,0.0,0.0
MAPA,Map Aktif Adiperkasa Tbk.,645.0,645.0,660.0,645.0,645.0,0.0,7296700.0,4756056500.0,1535.0,2504600.0,5637900.0
MAPB,MAP Boga Adiperkasa Tbk.,1220.0,0.0,1220.0,1220.0,1220.0,0.0,300.0,366000.0,2.0,0.0,0.0
MAPI,Mitra Adiperkasa Tbk.,1385.0,1380.0,1410.0,1350.0,1380.0,-5.0,6026500.0,8378711000.0,3610.0,3011800.0,3850000.0
MARI,Mahaka Radio Integra Tbk.,23.0,0.0,0.0,0.0,23.0,0.0,0.0,0.0,0.0,0.0,0.0
MARK,Mark Dynamics Indonesia Tbk.,1155.0,1160.0,1180.0,1130.0,1180.0,25.0,12366700.0,14227805500.0,1691.0,3998300.0,2986100.0
MASB,Bank Multiarta Sentosa Tbk.,3190.0,3300.0,3300.0,3130.0,3290.0,100.0,9700.0,31895000.0,14.0,0.0,200.0
MAXI,Maxindo Karya Anugerah Tbk.,50.0,0.0,50.0,50.0,50.0,0.0,79700.0,3985000.0,33.0,0.0,0.0
MAYA,Bank Mayapada Internasional Tbk.,197.0,198.0,198.0,195.0,195.0,-2.0,737400.0,144302900.0,151.0,300.0,128000.0
MBAP,Mitrabara Adiperdana Tbk.,1695.0,0.0,1775.0,1665.0,1720.0,25.0,92000.0,156611000.0,88.0,17500.0,5900.0
MBMA,Merdeka Battery Materials Tbk.,496.0,496.0,515.0,492.0,500.0,4.0,108854900.0,55104704300.0,8781.0,31748900.0,25952300.0
MBSS,Mitrabahtera Segara Sejati Tbk.,2890.0,2890.0,2890.0,2880.0,2880.0,-10.0,821300.0,2367871000.0,110.0,3100.0,0.0
MBTO,Martina Berto Tbk.,151.0,154.0,162.0,151.0,151.0,0.0,8879300.0,1385808700.0,1189.0,78900.0,425000.0
MCAS,M Cash Integrasi Tbk.,262.0,262.0,304.0,262.0,272.0,10.0,12182000.0,3454754600.0,3024.0,1183300.0,1744000.0
MCOL,Prima Andalan Mandiri Tbk.,3620.0,3620.0,3710.0,3520.0,3650.0,30.0,60700.0,219981000.0,114.0,2400.0,41300.0
MCOR,Bank China Construction Bank Indonesia Tbk.,70.0,70.0,70.0,68.0,69.0,-1.0,3207200.0,221481800.0,196.0,0.0,1126400.0
MDIA,Intermedia Capital Tbk.,214.0,214.0,220.0,196.0,197.0,-17.0,247391400.0,50301683700.0,12435.0,4890300.0,76759500.0
MDIY,Daya Intiguna Yasa Tbk.,950.0,965.0,975.0,940.0,950.0,0.0,399800.0,381523000.0,247.0,361200.0,371300.0
MDKA,Merdeka Copper Gold Tbk.,2810.0,2800.0,2890.0,2780.0,2850.0,40.0,41333300.0,117899582000.0,8035.0,24720600.0,16908000.0
MDKI,Emdeki Utama Tbk.,195.0,0.0,195.0,192.0,193.0,-2.0,282400.0,54619700.0,91.0,0.0,188300.0
MDLA,Medela Potentia Tbk.,206.0,206.0,206.0,204.0,206.0,0.0,630400.0,128844000.0,131.0,1000.0,900.0
MDLN,Modernland Realty Tbk.,50.0,50.0,50.0,50.0,50.0,0.0,74800.0,3740000.0,21.0,0.0,0.0
MDRN,Modern Internasional Tbk.,26.0,0.0,0.0,0.0,26.0,0.0,0.0,0.0,0.0,0.0,0.0
MEDC,Medco Energi Internasional Tbk.,1565.0,1575.0,1615.0,1555.0,1565.0,0.0,49941700.0,79092638000.0,6204.0,13185200.0,19851600.0
MEDS,Hetzer Medical Indonesia Tbk.,82.0,82.0,83.0,80.0,81.0,-1.0,30968600.0,2507807000.0,2370.0,1017900.0,658200.0
MEGA,Bank Mega Tbk.,1955.0,1955.0,1960.0,1920.0,1960.0,5.0,27700.0,53833500.0,50.0,0.0,1100.0
MEJA,Harta Djaya Karya Tbk.,114.0,0.0,118.0,114.0,117.0,3.0,20148400.0,2341371400.0,884.0,4671100.0,2054200.0
MENN,Menn Teknologi Indonesia Tbk.,53.0,0.0,0.0,0.0,53.0,0.0,0.0,0.0,0.0,0.0,0.0
MERI,Merry Riana Edukasi Tbk.,121.0,121.0,122.0,117.0,118.0,-3.0,3275200.0,391508800.0,422.0,94600.0,0.0
MERK,Merck Tbk.,3930.0,0.0,3950.0,3920.0,3920.0,-10.0,21700.0,85236000.0,35.0,0.0,2800.0
META,Nusantara Infrastructure Tbk.,238.0,0.0,0.0,0.0,238.0,0.0,0.0,0.0,0.0,0.0,0.0
MFMI,Multifiling Mitra Indonesia Tbk.,1300.0,0.0,0.0,0.0,1300.0,0.0,0.0,0.0,0.0,0.0,0.0
MGLV,NexAI Digital Infrastruktur Tbk.,14600.0,0.0,15125.0,14300.0,14325.0,-275.0,619800.0,9078005000.0,983.0,226600.0,112400.0
MGNA,Magna Investama Mandiri Tbk.,148.0,148.0,199.0,138.0,199.0,51.0,105609000.0,18343923800.0,9376.0,8117100.0,7220800.0
MGRO,Mahkota Group Tbk.,685.0,690.0,695.0,675.0,680.0,-5.0,3583800.0,2440718000.0,159.0,46100.0,231700.0
MHKI,Multi Hanna Kreasindo Tbk.,132.0,132.0,133.0,128.0,130.0,-2.0,1509900.0,197526600.0,398.0,22900.0,169200.0
MICE,Multi Indocitra Tbk.,545.0,0.0,545.0,530.0,530.0,-15.0,105200.0,57281000.0,18.0,300.0,0.0
MIDI,Midi Utama Indonesia Tbk.,272.0,272.0,274.0,266.0,268.0,-4.0,5308400.0,1433660200.0,668.0,272400.0,3293300.0
MIKA,Mitra Keluarga Karyasehat Tbk.,1810.0,1810.0,1810.0,1790.0,1790.0,-20.0,818900.0,1467325000.0,428.0,15500.0,293200.0
MINA,Sanurhasta Mitra Tbk.,264.0,266.0,268.0,260.0,260.0,-4.0,17871900.0,4690241200.0,2526.0,862900.0,407700.0
MINE,Sinar Terang Mandiri Tbk.,304.0,308.0,310.0,298.0,300.0,-4.0,3902100.0,1183604200.0,634.0,91500.0,767500.0
MIRA,Mitra International Resources Tbk.,24.0,0.0,24.0,24.0,24.0,0.0,2149800.0,51595200.0,284.0,0.0,0.0
MITI,Mitra Investindo Tbk.,256.0,258.0,308.0,240.0,288.0,32.0,69789400.0,20153637800.0,10511.0,8311600.0,8854800.0
MKAP,Multikarya Asia Pasifik Raya Tbk.,1130.0,0.0,1145.0,1130.0,1140.0,10.0,2104400.0,2393723500.0,394.0,7500.0,51100.0
MKNT,Mitra Komunikasi Nusantara Tbk.,1.0,0.0,0.0,0.0,1.0,0.0,0.0,0.0,0.0,0.0,0.0
MKPI,Metropolitan Kentjana Tbk.,21800.0,0.0,21775.0,21600.0,21750.0,-50.0,40500.0,880337500.0,108.0,40200.0,300.0
MKTR,Menthobi Karyatama Raya Tbk.,124.0,124.0,125.0,124.0,124.0,0.0,556400.0,69175600.0,113.0,55400.0,0.0
MLBI,Multi Bintang Indonesia Tbk.,6800.0,6825.0,6900.0,6825.0,6875.0,75.0,135900.0,930012500.0,23.0,85600.0,7600.0
MLIA,Mulia Industrindo Tbk,214.0,0.0,216.0,214.0,216.0,2.0,107100.0,23057000.0,58.0,18200.0,4700.0
MLPL,Multipolar Tbk.,89.0,90.0,91.0,88.0,88.0,-1.0,12989200.0,1158274600.0,816.0,197500.0,898800.0
MLPT,Multipolar Technology Tbk.,1135.0,1135.0,1250.0,1130.0,1160.0,25.0,4912900.0,5886089000.0,2584.0,822700.0,1432400.0
MMIX,Multi Medika Internasional Tbk.,860.0,860.0,870.0,855.0,860.0,0.0,21586500.0,18597889000.0,2171.0,3136100.0,3828800.0
MMLP,Mega Manunggal Property Tbk.,304.0,304.0,304.0,300.0,302.0,-2.0,677100.0,204683400.0,105.0,100.0,38900.0
MNCN,Media Nusantara Citra Tbk.,202.0,202.0,204.0,199.0,200.0,-2.0,44829300.0,8987593300.0,2251.0,9947500.0,22458600.0
MOLI,Madusari Murni Indah Tbk.,326.0,322.0,346.0,316.0,316.0,-10.0,14201700.0,4641827200.0,1531.0,2937800.0,3770100.0
MORA,Ekamas Mora Republik Tbk.,5100.0,5125.0,5200.0,5050.0,5100.0,0.0,99600.0,508800000.0,181.0,3800.0,11100.0
MPIX,Mitra Pedagang Indonesia Tbk.,187.0,181.0,185.0,167.0,182.0,-5.0,61221300.0,10806796200.0,6321.0,7035000.0,5317100.0
MPMX,Mitra Pinasthika Mustika Tbk.,1020.0,1025.0,1030.0,1020.0,1025.0,5.0,1450300.0,1484125500.0,588.0,142200.0,317600.0
MPOW,Megapower Makmur Tbk.,115.0,115.0,117.0,113.0,114.0,-1.0,4567300.0,523288000.0,726.0,33000.0,84800.0
MPPA,Matahari Putra Prima Tbk.,41.0,0.0,41.0,40.0,40.0,-1.0,6134000.0,248819600.0,221.0,0.0,0.0
MPRO,Maha Properti Indonesia Tbk.,12100.0,0.0,12075.0,10425.0,11850.0,-250.0,1500.0,17435000.0,11.0,0.0,400.0
MPXL,MPX Logistics International Tbk.,169.0,169.0,171.0,165.0,168.0,-1.0,393200.0,65863000.0,357.0,1700.0,63400.0
MRAT,Mustika Ratu Tbk.,386.0,0.0,398.0,384.0,390.0,4.0,122900.0,48073600.0,81.0,200.0,400.0
MREI,Maskapai Reasuransi Indonesia Tbk.,920.0,0.0,0.0,0.0,920.0,0.0,0.0,0.0,0.0,0.0,0.0
MSIE,Multisarana Intan Eduka Tbk.,173.0,0.0,188.0,166.0,180.0,7.0,9489800.0,1724032900.0,1746.0,288000.0,1202800.0
MSIN,MNC Digital Entertainment Tbk.,298.0,298.0,314.0,294.0,308.0,10.0,74156700.0,22776198800.0,26152.0,40572500.0,38022100.0
MSJA,Multi Spunindo Jaya Tbk.,810.0,810.0,880.0,795.0,855.0,45.0,15554400.0,12708435500.0,2131.0,4799200.0,1549600.0
MSKY,MNC Sky Vision Tbk.,72.0,73.0,73.0,67.0,68.0,-4.0,21605000.0,1507178600.0,1375.0,5805400.0,75900.0
MSTI,Mastersystem Infotama Tbk.,1350.0,1365.0,1370.0,1345.0,1355.0,5.0,944200.0,1282581500.0,776.0,11500.0,92300.0
MTDL,Metrodata Electronics Tbk.,510.0,510.0,515.0,505.0,505.0,-5.0,2137600.0,1086201000.0,385.0,0.0,863400.0
MTEL,Dayamitra Telekomunikasi Tbk.,492.0,486.0,492.0,484.0,484.0,-8.0,14052500.0,6845321000.0,1608.0,6989900.0,6100300.0
MTFN,Capitalinc Investment Tbk.,13.0,0.0,0.0,0.0,13.0,0.0,0.0,0.0,0.0,0.0,0.0
MTLA,Metropolitan Land Tbk.,525.0,0.0,525.0,520.0,525.0,0.0,4500.0,2360500.0,10.0,0.0,100.0
MTMH,Murni Sadar Tbk.,945.0,995.0,995.0,920.0,950.0,5.0,15100.0,14433000.0,59.0,0.0,600.0
MTPS,Meta Epsi Tbk.,81.0,0.0,0.0,0.0,81.0,0.0,0.0,0.0,0.0,0.0,0.0
MTRA,Mitra Pemuda Tbk.,244.0,0.0,0.0,0.0,244.0,0.0,0.0,0.0,0.0,0.0,0.0
MTSM,Metro Realty Tbk.,500.0,0.0,0.0,0.0,500.0,0.0,0.0,0.0,0.0,0.0,0.0
MTWI,Malacca Trust Wuwungan Insurance Tbk.,268.0,278.0,278.0,260.0,270.0,2.0,92200.0,24743200.0,136.0,0.0,2000.0
MUTU,Mutuagung Lestari Tbk.,129.0,128.0,147.0,127.0,139.0,10.0,240795600.0,33617921100.0,17351.0,24634800.0,30479300.0
MYOH,Samindo Resources Tbk.,1075.0,0.0,1135.0,1030.0,1030.0,-45.0,156700.0,167047000.0,185.0,11600.0,126800.0
MYOR,Mayora Indah Tbk.,1495.0,1495.0,1500.0,1485.0,1490.0,-5.0,10223800.0,15269006000.0,4105.0,2397700.0,4114500.0
MYTX,Asia Pacific Investama Tbk.,41.0,0.0,0.0,0.0,41.0,0.0,0.0,0.0,0.0,0.0,0.0
NAIK,Adiwarna Anugerah Abadi Tbk.,93.0,92.0,94.0,91.0,92.0,-1.0,2984400.0,275284600.0,449.0,17100.0,248900.0
NANO,Nanotech Indonesia Global Tbk.,34.0,0.0,35.0,33.0,34.0,0.0,7574400.0,257829100.0,714.0,557800.0,0.0
NASA,Andalan Perkasa Abadi Tbk.,34.0,0.0,36.0,35.0,36.0,2.0,786900.0,27651500.0,45.0,0.0,0.0
NASI,Wahana Inti Makmur Tbk.,161.0,160.0,169.0,158.0,161.0,0.0,6991000.0,1130782600.0,555.0,8000.0,1278000.0
NATO,Olympus Strategic Indonesia Tbk.,1010.0,1035.0,1040.0,965.0,980.0,-30.0,308300.0,303985000.0,287.0,1300.0,35700.0
NAYZ,Hassana Boga Sejahtera Tbk.,74.0,0.0,78.0,72.0,78.0,4.0,26611500.0,2014644100.0,784.0,6205900.0,486200.0
NCKL,Trimegah Bangun Persada Tbk.,915.0,915.0,940.0,905.0,920.0,5.0,43162500.0,39935233500.0,4936.0,16323500.0,17319600.0
NELY,Pelayaran Nelly Dwi Putri Tbk.,212.0,0.0,214.0,208.0,210.0,-2.0,584600.0,122641400.0,133.0,0.0,26300.0
NEST,Esta Indonesia Tbk.,725.0,725.0,730.0,720.0,720.0,-5.0,4349900.0,3152887000.0,2839.0,660000.0,7400.0
NETV,MDTV Media Technologies Tbk.,50.0,50.0,50.0,50.0,50.0,0.0,703300.0,35165000.0,55.0,0.0,0.0
NFCX,NFC Indonesia Tbk.,1700.0,0.0,1700.0,1665.0,1700.0,0.0,17200.0,29187500.0,5.0,0.0,0.0
NICE,Adhi Kartiko Pratama Tbk.,364.0,364.0,364.0,354.0,358.0,-6.0,912000.0,327198000.0,213.0,347900.0,108400.0
NICK,Charnic Capital Tbk.,2600.0,0.0,2750.0,2610.0,2660.0,60.0,16400.0,43742000.0,53.0,700.0,1100.0
NICL,PAM Mineral Tbk.,458.0,458.0,472.0,452.0,454.0,-4.0,49224300.0,22838345200.0,3430.0,4312400.0,5794000.0
NIKL,Pelat Timah Nusantara Tbk.,226.0,226.0,228.0,218.0,218.0,-8.0,5324100.0,1184200400.0,777.0,725900.0,695100.0
NINE,Techno9 Indonesia Tbk.,87.0,0.0,89.0,82.0,82.0,-5.0,9147700.0,781513400.0,782.0,442800.0,438700.0
NIRO,City Retail Developments Tbk.,180.0,186.0,188.0,175.0,181.0,1.0,1030100.0,188260000.0,333.0,32300.0,27800.0
NISP,Bank OCBC NISP Tbk.,1280.0,1280.0,1280.0,1265.0,1265.0,-15.0,3442300.0,4371731500.0,374.0,636500.0,1953500.0
NOBU,Bank Nationalnobu Tbk.,515.0,0.0,525.0,510.0,510.0,-5.0,1647900.0,850816500.0,204.0,56200.0,9100.0
NPGF,Nusa Palapa Gemilang Tbk.,56.0,57.0,58.0,55.0,56.0,0.0,9831500.0,557647500.0,681.0,0.0,2400.0
NRCA,Nusa Raya Cipta Tbk.,540.0,540.0,550.0,535.0,540.0,0.0,2767700.0,1508190000.0,472.0,177400.0,906600.0
NSSS,Nusantara Sawit Sejahtera Tbk.,765.0,765.0,820.0,760.0,805.0,40.0,7288300.0,5814134000.0,1542.0,1599000.0,916000.0
NTBK,Nusatama Berkah Tbk.,83.0,83.0,84.0,80.0,81.0,-2.0,13169000.0,1082703900.0,784.0,974000.0,3398200.0
NUSA,Sinergi Megah Internusa Tbk.,50.0,0.0,0.0,0.0,50.0,0.0,0.0,0.0,0.0,0.0,0.0
NZIA,Nusantara Almazia Tbk.,199.0,220.0,224.0,181.0,181.0,-18.0,175277600.0,36439509800.0,20689.0,4078600.0,11817600.0
OASA,Maharaksa Biru Energi Tbk.,282.0,282.0,290.0,270.0,274.0,-8.0,13409700.0,3757821800.0,1427.0,1239100.0,3294900.0
OBAT,Brigit Biofarmaka Teknologi Tbk.,238.0,0.0,240.0,236.0,238.0,0.0,103700.0,24686000.0,55.0,400.0,600.0
OBMD,OBM Drilchem Tbk.,202.0,234.0,250.0,206.0,210.0,8.0,16549300.0,3760944000.0,2886.0,36100.0,36100.0
OCAP,Onix Capital Tbk.,159.0,0.0,0.0,0.0,159.0,0.0,0.0,0.0,0.0,0.0,0.0
OILS,Indo Oil Perkasa Tbk.,320.0,328.0,334.0,312.0,312.0,-8.0,8859200.0,2832194800.0,1315.0,1667400.0,716600.0
OKAS,Ancora Indonesia Resources Tbk.,117.0,118.0,119.0,115.0,116.0,-1.0,1511500.0,176466700.0,227.0,65400.0,113300.0
OLIV,Atlas Nexus Group Tbk.,63.0,0.0,63.0,57.0,57.0,-6.0,72179800.0,4172420700.0,2773.0,10879600.0,30001500.0
OMED,Jayamas Medica Industri Tbk.,214.0,212.0,216.0,212.0,212.0,-2.0,5978500.0,1272944200.0,572.0,1427400.0,2381700.0
OMRE,Indonesia Prima Property Tbk,960.0,910.0,990.0,910.0,960.0,0.0,14100.0,13286000.0,41.0,0.0,0.0
OPMS,Optima Prima Metal Sinergi Tbk.,119.0,119.0,122.0,117.0,118.0,-1.0,2214000.0,264705800.0,1063.0,82800.0,342400.0
PACK,Abadi Nusantara Hijau Investama Tbk.,560.0,0.0,0.0,0.0,560.0,0.0,0.0,0.0,0.0,0.0,0.0
PADA,Personel Alih Daya Tbk.,191.0,191.0,204.0,186.0,190.0,-1.0,23403200.0,4540711300.0,3015.0,3073900.0,3672100.0
PADI,Minna Padi Investama Sekuritas Tbk.,70.0,70.0,71.0,69.0,69.0,-1.0,93114900.0,6486076300.0,3464.0,10931700.0,9190900.0
PALM,Provident Investasi Bersama Tbk.,294.0,294.0,294.0,286.0,290.0,-4.0,829800.0,239397000.0,128.0,100.0,500800.0
PAMG,Bima Sakti Pertiwi Tbk.,55.0,55.0,56.0,55.0,55.0,0.0,2415500.0,133794600.0,336.0,0.0,0.0
PANI,Pantai Indah Kapuk Dua Tbk.,5500.0,5500.0,5575.0,5400.0,5425.0,-75.0,4253200.0,23288505000.0,2136.0,852400.0,1205800.0
PANR,Panorama Sentrawisata Tbk.,412.0,0.0,418.0,406.0,410.0,-2.0,238600.0,97739800.0,120.0,200.0,218900.0
PANS,Panin Sekuritas Tbk.,1640.0,1645.0,1655.0,1640.0,1650.0,10.0,120500.0,198589000.0,87.0,3100.0,17000.0
PART,Cipta Perdana Lancar Tbk.,100.0,100.0,123.0,98.0,110.0,10.0,182292800.0,20737805600.0,15719.0,17603100.0,20359200.0
PBID,Panca Budi Idaman Tbk.,525.0,525.0,530.0,520.0,525.0,0.0,894500.0,467238500.0,262.0,2600.0,1800.0
PBRX,Pan Brothers Tbk.,26.0,0.0,27.0,26.0,26.0,0.0,1956300.0,51353700.0,91.0,0.0,0.0
PBSA,Paramita Bangun Sarana Tbk.,745.0,0.0,775.0,730.0,750.0,5.0,3148500.0,2355295500.0,620.0,18300.0,144100.0
PCAR,Prima Cakrawala Abadi Tbk.,44.0,0.0,44.0,43.0,43.0,-1.0,2150700.0,94056700.0,70.0,0.0,0.0
PDES,Destinasi Tirta Nusantara Tbk,376.0,0.0,376.0,370.0,376.0,0.0,150400.0,55862200.0,62.0,0.0,0.0
PDPP,Primadaya Plastisindo Tbk.,338.0,348.0,350.0,334.0,338.0,0.0,392100.0,133117600.0,164.0,16400.0,20000.0
PEGE,Panca Global Kapital Tbk.,129.0,130.0,137.0,130.0,134.0,5.0,19068500.0,2555214100.0,1445.0,9564800.0,2635200.0
PEHA,Phapros Tbk.,292.0,292.0,308.0,288.0,288.0,-4.0,410500.0,123347600.0,275.0,12700.0,47200.0
PEVE,Penta Valent Tbk.,308.0,0.0,312.0,304.0,306.0,-2.0,1176100.0,361230400.0,165.0,0.0,0.0
PGAS,Perusahaan Gas Negara (Persero) Tbk.,1530.0,1530.0,1550.0,1520.0,1520.0,-10.0,46415400.0,71038959500.0,5477.0,29612700.0,20800800.0
PGEO,Pertamina Geothermal Energy Tbk.,1055.0,1060.0,1065.0,1040.0,1040.0,-15.0,10284600.0,10833751500.0,3075.0,94600.0,1364000.0
PGJO,Bahtera Bumi Raya Tbk.,905.0,0.0,920.0,860.0,865.0,-40.0,1108500.0,972461500.0,398.0,25200.0,229800.0
PGLI,Pembangunan Graha Lestari Indah Tbk.,208.0,212.0,224.0,204.0,210.0,2.0,12159000.0,2558274200.0,365.0,0.0,0.0
PGUN,Pradiksi Gunatama Tbk.,9425.0,9425.0,9975.0,9400.0,9400.0,-25.0,62800.0,608940000.0,192.0,3200.0,2800.0
PICO,Pelangi Indah Canindo Tbk,182.0,182.0,183.0,177.0,177.0,-5.0,580200.0,104186800.0,176.0,192900.0,9100.0
PIPA,Oxala Energy International Tbk.,190.0,188.0,188.0,173.0,173.0,-17.0,104125600.0,18805830500.0,8923.0,14942000.0,16503900.0
PJAA,Pembangunan Jaya Ancol Tbk.,468.0,0.0,470.0,460.0,466.0,-2.0,25300.0,11736800.0,50.0,0.0,1800.0
PJHB,Pelayaran Jaya Hidup Baru Tbk.,179.0,179.0,181.0,174.0,176.0,-3.0,1097900.0,196438500.0,391.0,0.0,253000.0
PKPK,Paragon Karya Perkasa Tbk.,4200.0,0.0,4220.0,4110.0,4170.0,-30.0,456200.0,1906713000.0,395.0,81600.0,58400.0
PLAN,Planet Properindo Jaya Tbk.,62.0,0.0,66.0,58.0,62.0,0.0,21242100.0,1330231200.0,1678.0,10900.0,0.0
PLAS,Polaris Investama Tbk,50.0,0.0,0.0,0.0,50.0,0.0,0.0,0.0,0.0,0.0,0.0
PLIN,Plaza Indonesia Realty Tbk.,2510.0,0.0,0.0,0.0,2510.0,0.0,0.0,0.0,0.0,0.0,0.0
PMJS,Putra Mandiri Jembar Tbk.,144.0,147.0,147.0,142.0,144.0,0.0,1016300.0,147211000.0,125.0,59900.0,113500.0
PMMP,Panca Mitra Multiperdana Tbk.,50.0,0.0,0.0,0.0,50.0,0.0,0.0,0.0,0.0,0.0,0.0
PMUI,Prima Multi Usaha Indonesia Tbk.,102.0,102.0,106.0,102.0,103.0,1.0,1854500.0,192837200.0,443.0,215400.0,7100.0
PNBN,Bank Pan Indonesia Tbk,895.0,900.0,900.0,885.0,890.0,-5.0,2367400.0,2105109000.0,395.0,3700.0,1682700.0
PNBS,Bank Panin Dubai Syariah Tbk.,50.0,50.0,50.0,50.0,50.0,0.0,125900.0,6295000.0,33.0,0.0,0.0
PNGO,AEP Pinago Plantations Tbk.,3390.0,0.0,3590.0,3410.0,3590.0,200.0,4000.0,14308000.0,8.0,100.0,0.0
PNIN,Paninvest Tbk.,715.0,715.0,720.0,710.0,715.0,0.0,92900.0,66216000.0,35.0,7700.0,12400.0
PNLF,Panin Financial Tbk.,220.0,222.0,224.0,218.0,222.0,2.0,11049100.0,2442010200.0,549.0,718400.0,1923100.0
PNSE,Pudjiadi & Sons Tbk.,498.0,500.0,500.0,496.0,500.0,2.0,14000.0,6974000.0,18.0,0.0,100.0
POLA,Pool Advista Finance Tbk.,75.0,75.0,80.0,71.0,72.0,-3.0,52075200.0,3942571200.0,2859.0,3063100.0,6354100.0
POLI,Pollux Hotels Group Tbk.,845.0,0.0,975.0,855.0,900.0,55.0,79200.0,71350500.0,228.0,5200.0,9300.0
POLL,Pollux Properties Indonesia Tbk.,112.0,0.0,0.0,0.0,112.0,0.0,0.0,0.0,0.0,0.0,0.0
POLU,Golden Flower Tbk.,15800.0,0.0,18725.0,14500.0,18000.0,2200.0,84100.0,1514492500.0,496.0,9000.0,8900.0
POLY,Asia Pacific Fibers Tbk,32.0,0.0,0.0,0.0,32.0,0.0,0.0,0.0,0.0,0.0,0.0
POOL,Pool Advista Indonesia Tbk.,50.0,0.0,0.0,0.0,50.0,0.0,0.0,0.0,0.0,0.0,0.0
PORT,Nusantara Pelabuhan Handal Tbk.,965.0,975.0,975.0,935.0,960.0,-5.0,15100.0,14521500.0,31.0,0.0,0.0
POSA,Bliss Properti Indonesia Tbk.,50.0,0.0,0.0,0.0,50.0,0.0,0.0,0.0,0.0,0.0,0.0
POWR,Cikarang Listrindo Tbk.,970.0,990.0,1000.0,960.0,985.0,15.0,6204500.0,6030134000.0,1768.0,440100.0,2507900.0
PPGL,Prima Globalindo Logistik Tbk.,468.0,0.0,0.0,0.0,468.0,0.0,0.0,0.0,0.0,0.0,0.0
PPRE,PP Presisi Tbk.,106.0,106.0,107.0,103.0,104.0,-2.0,14800400.0,1557062500.0,1127.0,471700.0,3264800.0
PPRI,Paperocks Indonesia Tbk.,173.0,175.0,191.0,170.0,173.0,0.0,12649700.0,2270836700.0,1899.0,1449600.0,2671100.0
PPRO,PP Properti Tbk.,15.0,0.0,15.0,15.0,15.0,0.0,18727000.0,280905000.0,256.0,0.0,0.0
PRAY,Famon Awal Bros Sedaya Tbk.,740.0,0.0,760.0,740.0,740.0,0.0,3700.0,2745000.0,11.0,0.0,0.0
PRDA,Prodia Widyahusada Tbk.,2810.0,2810.0,2840.0,2790.0,2820.0,10.0,486300.0,1372617000.0,336.0,41200.0,146600.0
PRDL,Prodia Diagnostic Line Tbk.,224.0,224.0,228.0,218.0,220.0,-4.0,6515800.0,1443641200.0,2178.0,38000.0,516300.0
PRIM,Royal Prima Tbk.,120.0,120.0,122.0,119.0,121.0,1.0,2398900.0,288650600.0,212.0,15200.0,15200.0
PSAB,J Resources Asia Pasifik Tbk.,570.0,550.0,560.0,545.0,555.0,-15.0,59338800.0,32828257000.0,5004.0,7236500.0,8528000.0
PSAT,Pancaran Samudera Transport Tbk.,855.0,0.0,875.0,860.0,865.0,10.0,115200.0,100557500.0,41.0,0.0,3000.0
PSDN,Prasidha Aneka Niaga Tbk,136.0,136.0,142.0,131.0,132.0,-4.0,6994700.0,962094800.0,3007.0,0.0,2080600.0
PSGO,Palma Serasih Tbk.,196.0,196.0,196.0,194.0,194.0,-2.0,79400.0,15447500.0,46.0,100.0,43700.0
PSKT,Red Planet Indonesia Tbk.,238.0,0.0,244.0,228.0,232.0,-6.0,4816100.0,1132408800.0,561.0,802100.0,467000.0
PSSI,IMC Pelita Logistik Tbk.,352.0,360.0,360.0,352.0,358.0,6.0,292700.0,104145600.0,58.0,14400.0,141300.0
PTBA,Bukit Asam (Persero) Tbk.,3020.0,3020.0,3070.0,2980.0,3000.0,-20.0,25481200.0,76848571000.0,9124.0,11389900.0,11692700.0
PTDU,Djasa Ubersakti Tbk.,70.0,0.0,0.0,0.0,70.0,0.0,0.0,0.0,0.0,0.0,0.0
PTIS,Indo Straits Tbk.,264.0,262.0,280.0,260.0,260.0,-4.0,436200.0,116649400.0,227.0,0.0,0.0
PTMP,Mitra Pack Tbk.,65.0,66.0,66.0,64.0,64.0,-1.0,12395700.0,801900200.0,520.0,1660000.0,91200.0
PTMR,Master Print Tbk.,374.0,0.0,0.0,0.0,374.0,0.0,0.0,0.0,0.0,0.0,0.0
PTPP,PP (Persero) Tbk.,198.0,198.0,199.0,195.0,195.0,-3.0,4787500.0,941040600.0,598.0,157000.0,1125800.0
PTPS,Pulau Subur Tbk.,156.0,156.0,159.0,153.0,155.0,-1.0,1538900.0,240468100.0,537.0,19600.0,60900.0
PTPW,Pratama Widya Tbk.,1170.0,1165.0,1175.0,1165.0,1170.0,0.0,41100.0,48028000.0,45.0,0.0,0.0
PTRO,Petrosea Tbk.,5175.0,5175.0,5275.0,5075.0,5075.0,-100.0,20922900.0,108223242500.0,8169.0,390600.0,3486000.0
PTSN,Sat Nusapersada Tbk,480.0,464.0,476.0,410.0,440.0,-40.0,15486200.0,6804128200.0,3020.0,765600.0,807700.0
PTSP,Pioneerindo Gourmet International Tbk.,1250.0,0.0,1250.0,1180.0,1230.0,-20.0,18600.0,22379500.0,89.0,0.0,0.0
PUDP,Pudjiadi Prestige Tbk.,274.0,0.0,276.0,270.0,272.0,-2.0,36200.0,9859000.0,21.0,0.0,100.0
PURA,Putra Rajawali Kencana Tbk.,32.0,0.0,32.0,32.0,32.0,0.0,2181400.0,69804800.0,119.0,0.0,0.0
PURE,Trinitan Metals and Minerals Tbk.,51.0,0.0,0.0,0.0,51.0,0.0,0.0,0.0,0.0,0.0,0.0
PURI,Puri Global Sukses Tbk.,166.0,166.0,167.0,159.0,159.0,-7.0,4214100.0,687892600.0,529.0,69800.0,64200.0
PWON,Pakuwon Jati Tbk.,270.0,272.0,274.0,268.0,268.0,-2.0,32780600.0,8870053400.0,1857.0,16441600.0,17191500.0
PYFA,Pyridam Farma Tbk,258.0,258.0,260.0,250.0,250.0,-8.0,11930800.0,3022136000.0,1070.0,392900.0,887900.0
PZZA,Sarimelati Kencana Tbk.,186.0,185.0,189.0,184.0,185.0,-1.0,256600.0,47568000.0,125.0,2100.0,29000.0
RAAM,Tripar Multivision Plus Tbk.,180.0,0.0,182.0,177.0,177.0,-3.0,285600.0,51052900.0,143.0,34900.0,6600.0
RAFI,Sari Kreasi Boga Tbk.,36.0,0.0,0.0,0.0,36.0,0.0,0.0,0.0,0.0,0.0,0.0
RAJA,Rukun Raharja Tbk.,785.0,785.0,795.0,755.0,755.0,-30.0,55532600.0,42987949500.0,9235.0,4031700.0,5934900.0
RALS,Ramayana Lestari Sentosa Tbk.,390.0,388.0,394.0,386.0,386.0,-4.0,2697600.0,1051989800.0,464.0,40800.0,167400.0
RANC,Supra Boga Lestari Tbk.,530.0,530.0,555.0,530.0,535.0,5.0,42100.0,22800000.0,46.0,3000.0,4600.0
RANS,Rans Entertainmen Indonesia Tbk.,198.0,198.0,208.0,197.0,199.0,1.0,57815200.0,11644621000.0,3703.0,3115300.0,3054300.0
RATU,Raharja Energi Cepu Tbk.,4380.0,4360.0,4420.0,4310.0,4320.0,-60.0,3616300.0,15750931000.0,2299.0,503500.0,699700.0
RBMS,Ristia Bintang Mahkotasejati Tbk.,63.0,63.0,65.0,61.0,62.0,-1.0,24447100.0,1535245500.0,943.0,55000.0,66900.0
RCCC,Utama Radar Cahaya Tbk.,112.0,0.0,117.0,109.0,112.0,0.0,1304900.0,145451200.0,232.0,0.0,0.0
RDTX,Roda Vivatex Tbk,13100.0,0.0,0.0,0.0,13100.0,0.0,0.0,0.0,0.0,0.0,0.0
REAL,Repower Asia Indonesia Tbk.,50.0,50.0,50.0,50.0,50.0,0.0,316500.0,15825000.0,62.0,0.0,0.0
RELF,Graha Mitra Asia Tbk.,38.0,0.0,41.0,37.0,41.0,3.0,34221000.0,1383292900.0,1121.0,163000.0,0.0
RELI,Reliance Sekuritas Indonesia Tbk.,550.0,0.0,565.0,530.0,560.0,10.0,15400.0,8394000.0,24.0,0.0,0.0
RGAS,Kian Santang Muliatama Tbk.,106.0,106.0,118.0,105.0,110.0,4.0,60158700.0,6773643400.0,6631.0,4664400.0,3815000.0
RICY,Ricky Putra Globalindo Tbk,78.0,0.0,82.0,77.0,78.0,0.0,3354700.0,266140900.0,430.0,0.0,0.0
RIGS,Rig Tenders Indonesia Tbk.,625.0,630.0,655.0,620.0,650.0,25.0,351600.0,221549000.0,223.0,16500.0,8500.0
RIMO,Rimo International Lestari Tbk,50.0,0.0,0.0,0.0,50.0,0.0,0.0,0.0,0.0,0.0,0.0
RISE,Jaya Sukses Makmur Sentosa Tbk.,795.0,790.0,810.0,785.0,795.0,0.0,336300.0,268152500.0,198.0,83900.0,26600.0
RLCO,Abadi Lestari Indonesia Tbk.,4300.0,4300.0,4400.0,4180.0,4310.0,10.0,307600.0,1327338000.0,777.0,23700.0,36600.0
RMKE,RMK Energy Tbk.,408.0,406.0,414.0,400.0,400.0,-8.0,55602900.0,22515641600.0,2501.0,3838100.0,13416100.0
RMKO,Royaltama Mulia Kontraktorindo Tbk.,336.0,332.0,336.0,314.0,320.0,-16.0,6131500.0,1995053800.0,1442.0,464400.0,1254200.0
ROCK,Rockfields Properti Indonesia Tbk.,2070.0,0.0,2060.0,1950.0,2010.0,-60.0,11400.0,22814000.0,47.0,0.0,0.0
RODA,Pikko Land Development Tbk.,63.0,64.0,70.0,63.0,66.0,3.0,57171900.0,3801491900.0,3006.0,9403500.0,1734500.0
RONY,Aracord Nusantara Group Tbk.,1330.0,0.0,1650.0,1320.0,1420.0,90.0,271300.0,425558000.0,663.0,9400.0,30300.0
ROTI,Nippon Indosari Corpindo Tbk.,585.0,585.0,595.0,585.0,590.0,5.0,531300.0,312792500.0,169.0,11100.0,132700.0
RSCH,Charlie Hospital Semarang Tbk.,434.0,434.0,440.0,426.0,430.0,-4.0,30753100.0,13357213200.0,2714.0,1287700.0,1723300.0
RSGK,Kedoya Adyaraya Tbk.,1030.0,0.0,1140.0,1025.0,1070.0,40.0,51200.0,54525500.0,89.0,7300.0,6000.0
RUIS,Radiant Utama Interinsco Tbk.,202.0,204.0,206.0,200.0,202.0,0.0,892500.0,180862600.0,149.0,1400.0,300.0
RUNS,Global Sukses Solusi Tbk.,70.0,0.0,70.0,67.0,68.0,-2.0,695200.0,47199500.0,159.0,0.0,0.0
SAFE,Steady Safe Tbk,960.0,0.0,1055.0,1055.0,1055.0,95.0,841600.0,887888000.0,95.0,0.0,0.0
SAGE,Saptausaha Gemilangindah Tbk.,31.0,0.0,31.0,30.0,30.0,-1.0,2689800.0,80961500.0,146.0,0.0,0.0
SAME,Sarana Meditama Metropolitan Tbk.,298.0,298.0,306.0,296.0,298.0,0.0,403100.0,121272800.0,117.0,3600.0,194100.0
SAMF,Saraswanti Anugerah Makmur Tbk.,310.0,310.0,310.0,304.0,308.0,-2.0,144800.0,44267800.0,71.0,0.0,5500.0
SAPX,Satria Antaran Prima Tbk.,430.0,366.0,366.0,366.0,366.0,-64.0,989200.0,362047200.0,602.0,50400.0,0.0
SATU,Kota Satu Properti Tbk.,240.0,240.0,240.0,236.0,240.0,0.0,171600.0,40951200.0,70.0,0.0,43700.0
SBAT,Sejahtera Bintang Abadi Textile Tbk.,1.0,0.0,0.0,0.0,1.0,0.0,0.0,0.0,0.0,0.0,0.0
SBMA,Surya Biru Murni Acetylene Tbk.,113.0,113.0,113.0,110.0,112.0,-1.0,1114600.0,124564100.0,216.0,359000.0,0.0
SCCO,Supreme Cable Manufacturing & Commerce Tbk.,3020.0,3070.0,3290.0,2800.0,2980.0,-40.0,782000.0,2395937000.0,997.0,35900.0,58800.0
SCMA,Surya Citra Media Tbk.,195.0,195.0,198.0,195.0,195.0,0.0,23595900.0,4620672300.0,1841.0,3825700.0,2618400.0
SCNP,Selaras Citra Nusantara Perkasa Tbk.,156.0,0.0,160.0,155.0,156.0,0.0,357300.0,56190500.0,96.0,73200.0,700.0
SCPI,Organon Pharma Indonesia Tbk.,29000.0,0.0,0.0,0.0,29000.0,0.0,0.0,0.0,0.0,0.0,0.0
SDMU,Sidomulyo Selaras Tbk.,93.0,93.0,96.0,91.0,91.0,-2.0,22071000.0,2057114100.0,2862.0,506700.0,1793000.0
SDPC,Millennium Pharmacon International Tbk.,198.0,198.0,202.0,192.0,197.0,-1.0,405700.0,80452900.0,81.0,0.0,30600.0
SDRA,Bank Woori Saudara Indonesia 1906 Tbk.,216.0,216.0,216.0,212.0,214.0,-2.0,612200.0,130720600.0,142.0,10000.0,64600.0
SEMA,Semacom Integrated Tbk.,234.0,0.0,0.0,0.0,234.0,0.0,0.0,0.0,0.0,0.0,0.0
SFAN,Surya Fajar Capital Tbk.,2030.0,0.0,2040.0,2030.0,2030.0,0.0,54700.0,111581000.0,44.0,4200.0,0.0
SGER,Sumber Global Energy Tbk.,685.0,680.0,700.0,680.0,685.0,0.0,21419000.0,14801823500.0,942.0,5548300.0,3719000.0
SGRO,Prime Agri Resources Tbk.,4760.0,4750.0,4810.0,4670.0,4710.0,-50.0,17800.0,83772000.0,52.0,0.0,7600.0
SHID,Hotel Sahid Jaya International Tbk.,790.0,0.0,905.0,740.0,760.0,-30.0,170100.0,135148000.0,235.0,26900.0,4600.0
SHIP,Sillo Maritime Perdana Tbk.,2750.0,2750.0,2780.0,2610.0,2700.0,-50.0,53900.0,143547000.0,106.0,0.0,10700.0
SICO,Sigma Energy Compressindo Tbk.,115.0,115.0,115.0,113.0,113.0,-2.0,3545700.0,402949100.0,580.0,16400.0,14000.0
SIDO,Industri Jamu dan Farmasi Sido Muncul Tbk.,352.0,352.0,352.0,348.0,348.0,-4.0,17763100.0,6209201600.0,3174.0,108800.0,13693000.0
SILO,Siloam International Hospitals Tbk.,2010.0,2010.0,2030.0,2000.0,2020.0,10.0,285000.0,574785000.0,319.0,1000.0,177700.0
SIMA,Siwani Makmur Tbk,50.0,0.0,0.0,0.0,50.0,0.0,0.0,0.0,0.0,0.0,0.0
SIMP,Salim Ivomas Pratama Tbk.,610.0,605.0,625.0,605.0,610.0,0.0,7371600.0,4520950500.0,1116.0,377600.0,1545800.0
SINI,Singaraja Putra Tbk.,13350.0,13275.0,14800.0,13250.0,14475.0,1125.0,11573300.0,164773197500.0,8142.0,3701700.0,924000.0
SIPD,Sreeya Sewu Indonesia Tbk.,925.0,0.0,905.0,850.0,900.0,-25.0,18300.0,16151000.0,35.0,0.0,1500.0
SKBM,Sekar Bumi Tbk.,535.0,0.0,540.0,530.0,540.0,5.0,35600.0,19015000.0,50.0,0.0,0.0
SKLT,Sekar Laut Tbk.,212.0,216.0,228.0,210.0,214.0,2.0,708700.0,156009200.0,482.0,22100.0,85100.0
SKRN,Superkrane Mitra Utama Tbk.,418.0,418.0,422.0,390.0,398.0,-20.0,545400.0,218934600.0,208.0,68300.0,0.0
SKYB,Northcliff Citranusa Indonesia Tbk.,51.0,0.0,0.0,0.0,51.0,0.0,0.0,0.0,0.0,0.0,0.0
SLIS,Gaya Abadi Sempurna Tbk.,82.0,83.0,100.0,83.0,93.0,11.0,684854000.0,65234490900.0,35384.0,62617500.0,74554000.0
SMAR,Sinar Mas Agro Resources and Technology Tbk.,6275.0,6275.0,6325.0,6050.0,6050.0,-225.0,180200.0,1104687500.0,316.0,8300.0,34000.0
SMBR,Semen Baturaja (Persero) Tbk.,169.0,167.0,170.0,167.0,168.0,-1.0,2870000.0,482637600.0,389.0,152500.0,926000.0
SMCB,Solusi Bangun Indonesia Tbk.,775.0,0.0,0.0,0.0,775.0,0.0,0.0,0.0,0.0,0.0,0.0
SMDM,Suryamas Dutamakmur Tbk.,545.0,0.0,550.0,525.0,550.0,5.0,13100.0,6945000.0,16.0,0.0,300.0
SMDR,Samudera Indonesia  Tbk.,390.0,390.0,402.0,390.0,390.0,0.0,30294300.0,11949108200.0,2270.0,9161100.0,1437100.0
SMGA,Sumber Mineral Global Abadi Tbk.,86.0,86.0,87.0,84.0,87.0,1.0,4601200.0,394195200.0,409.0,314200.0,1029800.0
SMGR,Semen Indonesia (Persero) Tbk.,1585.0,1585.0,1625.0,1585.0,1585.0,0.0,13419400.0,21528355500.0,3497.0,5789600.0,5534400.0
SMIL,Sarana Mitra Luas Tbk.,430.0,426.0,432.0,424.0,426.0,-4.0,52480900.0,22394391400.0,876.0,389300.0,1972900.0
SMKL,Satyamitra Kemas Lestari Tbk.,153.0,0.0,156.0,150.0,153.0,0.0,119000.0,18197200.0,40.0,9100.0,0.0
SMKM,Sumber Mas Konstruksi Tbk.,103.0,0.0,107.0,100.0,105.0,2.0,2114000.0,219727200.0,212.0,697800.0,0.0
SMLE,Sinergi Multi Lestarindo Tbk.,220.0,220.0,226.0,206.0,214.0,-6.0,29792500.0,6529459000.0,3653.0,3707700.0,3452100.0
SMMA,Sinarmas Multiartha Tbk.,20025.0,0.0,20000.0,19550.0,20000.0,-25.0,1000.0,19877500.0,6.0,1000.0,700.0
SMMT,Golden Eagle Energy Tbk.,2680.0,2680.0,3130.0,2670.0,3100.0,420.0,4154800.0,12546507000.0,1305.0,93900.0,1075000.0
SMRA,Summarecon Agung Tbk.,288.0,284.0,304.0,284.0,288.0,0.0,112018300.0,32885809200.0,7523.0,10784400.0,11257700.0
SMRU,SMR Utama Tbk.,50.0,0.0,0.0,0.0,50.0,0.0,0.0,0.0,0.0,0.0,0.0
SMSM,Selamat Sempurna Tbk.,1730.0,1725.0,1725.0,1710.0,1715.0,-15.0,2547200.0,4367131000.0,2201.0,299100.0,2364500.0
SNLK,Sunter Lakeside Hotel Tbk.,252.0,252.0,258.0,248.0,254.0,2.0,20143000.0,5087515200.0,971.0,1858300.0,1497800.0
SOCI,Soechi Lines Tbk.,660.0,660.0,670.0,610.0,635.0,-25.0,21480100.0,13689201500.0,2433.0,4934300.0,5563000.0
SOFA,Solusi Environment Asia Tbk.,372.0,0.0,374.0,340.0,358.0,-14.0,6868500.0,2425224800.0,1760.0,441600.0,842300.0
SOHO,Soho Global Health Tbk.,1555.0,0.0,1670.0,1555.0,1660.0,105.0,155000.0,245852000.0,208.0,43400.0,6800.0
SOLA,Xolare RCR Energy Tbk.,90.0,90.0,91.0,89.0,89.0,-1.0,2388800.0,214124200.0,291.0,700.0,0.0
SONA,Sona Topas Tourism Industry Tbk.,2180.0,0.0,2190.0,2140.0,2190.0,10.0,11300.0,24254000.0,14.0,0.0,0.0
SOSS,ALSOK Indonesia Services Tbk.,935.0,0.0,0.0,0.0,935.0,0.0,0.0,0.0,0.0,0.0,0.0
SOTS,Satria Mega Kencana Tbk.,590.0,585.0,605.0,580.0,590.0,0.0,156400.0,92882000.0,86.0,0.0,10200.0
SOUL,Mitra Tirta Buwana Tbk.,37.0,0.0,0.0,0.0,37.0,0.0,0.0,0.0,0.0,0.0,0.0
SPMA,Suparma Tbk.,169.0,170.0,174.0,169.0,170.0,1.0,339000.0,58072800.0,97.0,28900.0,37200.0
SPRE,Soraya Berjaya Indonesia Tbk.,94.0,0.0,96.0,92.0,96.0,2.0,1403800.0,132685100.0,415.0,0.0,0.0
SPTO,Surya Pertiwi Tbk.,605.0,605.0,610.0,600.0,610.0,5.0,473000.0,285330500.0,221.0,35400.0,500.0
SQMI,Wilton Makmur Indonesia Tbk.,95.0,96.0,97.0,85.0,87.0,-8.0,242062400.0,21967595700.0,6565.0,17674900.0,71916900.0
SRAJ,Sejahteraraya Anugrahjaya Tbk.,13700.0,0.0,13700.0,13650.0,13650.0,-50.0,1600.0,21885000.0,6.0,0.0,100.0
SRIL,Sri Rejeki Isman Tbk.,146.0,0.0,0.0,0.0,146.0,0.0,0.0,0.0,0.0,0.0,0.0
SRSN,Indo Acidatama Tbk,107.0,107.0,108.0,100.0,101.0,-6.0,174993700.0,18127661000.0,6007.0,11176700.0,28048700.0
SRTG,Saratoga Investama Sedaya Tbk.,1785.0,1780.0,1795.0,1760.0,1770.0,-15.0,3205300.0,5681655000.0,728.0,17200.0,1034500.0
SSIA,Surya Semesta Internusa Tbk.,1720.0,1720.0,1770.0,1700.0,1720.0,0.0,13732800.0,23850251500.0,4691.0,348900.0,898200.0
SSMS,Sawit Sumbermas Sarana Tbk.,1075.0,1075.0,1085.0,1025.0,1040.0,-35.0,9723800.0,10351869000.0,1518.0,1095900.0,1894200.0
SSTM,Sunson Textile Manufacture Tbk,436.0,0.0,520.0,420.0,430.0,-6.0,672800.0,317281700.0,794.0,31900.0,117700.0
STAA,Sumber Tani Agung Resources Tbk.,1195.0,1195.0,1195.0,1160.0,1170.0,-25.0,3389700.0,3973056000.0,598.0,109100.0,1267200.0
STAR,Calculus Global Ventures Tbk.,384.0,0.0,386.0,370.0,382.0,-2.0,28200.0,10677000.0,34.0,9600.0,0.0
STRK,Lovina Beach Brewery Tbk.,67.0,67.0,70.0,65.0,67.0,0.0,26181000.0,1767131500.0,1718.0,835800.0,6419500.0
STTP,Siantar Top Tbk.,9300.0,0.0,9425.0,9400.0,9400.0,100.0,300.0,2825000.0,3.0,0.0,0.0
SUGI,Sugih Energy Tbk.,50.0,0.0,0.0,0.0,50.0,0.0,0.0,0.0,0.0,0.0,0.0
SULI,SLJ Global Tbk.,87.0,87.0,90.0,85.0,86.0,-1.0,8989900.0,787101300.0,691.0,1594300.0,467900.0
SUNI,Sunindo Pratama Tbk.,690.0,690.0,690.0,665.0,675.0,-15.0,325000.0,220039500.0,119.0,700.0,15000.0
SUPA,Super Bank Indonesia Tbk.,498.0,500.0,505.0,498.0,498.0,0.0,8126000.0,4058697900.0,1214.0,558900.0,680000.0
SUPR,Solusi Tunas Pratama Tbk.,43850.0,0.0,0.0,0.0,43850.0,0.0,0.0,0.0,0.0,0.0,0.0
SURE,Super Energy Tbk.,3010.0,0.0,3000.0,3000.0,3000.0,-10.0,100.0,300000.0,1.0,0.0,0.0
SURI,Maja Agung Latexindo Tbk.,85.0,84.0,86.0,84.0,85.0,0.0,2028500.0,171160300.0,246.0,5400.0,149400.0
SWAT,Sriwahana Adityakarta Tbk.,16.0,0.0,0.0,0.0,16.0,0.0,0.0,0.0,0.0,0.0,0.0
SWID,Saraswanti Indoland Development Tbk.,125.0,125.0,130.0,124.0,124.0,-1.0,9455400.0,1198062600.0,1006.0,1355600.0,409300.0
TALF,Tunas Alfin Tbk.,700.0,0.0,705.0,685.0,695.0,-5.0,48400.0,33368000.0,70.0,0.0,0.0
TAMA,Lancartama Sejati Tbk.,194.0,0.0,195.0,194.0,194.0,0.0,1028900.0,200183400.0,109.0,0.0,0.0
TAMU,Pelayaran Tamarin Samudra Tbk.,27.0,0.0,27.0,27.0,27.0,0.0,7226400.0,195112800.0,149.0,0.0,0.0
TAPG,Triputra Agro Persada Tbk.,2230.0,2230.0,2240.0,2180.0,2210.0,-20.0,11037100.0,24377435000.0,5105.0,5794500.0,2514300.0
TARA,Agung Semesta Sejahtera Tbk.,31.0,0.0,31.0,30.0,31.0,0.0,919900.0,28500800.0,37.0,0.0,0.0
TAXI,Express Transindo Utama Tbk.,15.0,0.0,15.0,14.0,15.0,0.0,20268400.0,295445800.0,331.0,0.0,0.0
TAYS,Jaya Swarasa Agung Tbk.,50.0,0.0,0.0,0.0,50.0,0.0,0.0,0.0,0.0,0.0,0.0
TBIG,Tower Bersama Infrastructure Tbk.,1455.0,1455.0,1455.0,1435.0,1435.0,-20.0,72000.0,104107500.0,83.0,900.0,20300.0
TBLA,Tunas Baru Lampung Tbk.,620.0,620.0,630.0,620.0,625.0,5.0,2058700.0,1287871500.0,352.0,1800.0,951200.0
TBMS,Tembaga Mulia Semanan Tbk.,1225.0,0.0,1270.0,1225.0,1255.0,30.0,48300.0,60273500.0,59.0,0.0,2900.0
TCID,Mandom Indonesia Tbk.,2670.0,0.0,2670.0,2580.0,2580.0,-90.0,3500.0,9265000.0,11.0,0.0,100.0
TCPI,Transcoal Pacific Tbk.,1675.0,1675.0,1835.0,1605.0,1645.0,-30.0,5423200.0,9339049500.0,3900.0,1926500.0,3109200.0
TDPM,Tianrong Chemicals Industry Tbk.,119.0,0.0,0.0,0.0,119.0,0.0,0.0,0.0,0.0,0.0,0.0
TEBE,Dana Brata Luhur Tbk.,1680.0,1695.0,1735.0,1655.0,1655.0,-25.0,5182400.0,8774609000.0,1894.0,541600.0,822800.0
TECH,Indosterling Technomedia Tbk.,50.0,0.0,0.0,0.0,50.0,0.0,0.0,0.0,0.0,0.0,0.0
TELE,Omni Inovasi Indonesia Tbk.,9.0,0.0,0.0,0.0,9.0,0.0,0.0,0.0,0.0,0.0,0.0
TFAS,Telefast Indonesia Tbk.,186.0,0.0,190.0,184.0,185.0,-1.0,609300.0,113675700.0,120.0,11500.0,151000.0
TFCO,Tifico Fiber Indonesia Tbk.,800.0,0.0,0.0,0.0,800.0,0.0,0.0,0.0,0.0,0.0,0.0
TGKA,Tigaraksa Satria Tbk.,4970.0,0.0,5000.0,5000.0,5000.0,30.0,100.0,500000.0,1.0,0.0,0.0
TGRA,Terregra Asia Energy Tbk.,27.0,0.0,0.0,0.0,27.0,0.0,0.0,0.0,0.0,0.0,0.0
TGUK,Platinum Wahab Nusantara Tbk.,91.0,0.0,100.0,95.0,100.0,9.0,11459700.0,1141396600.0,370.0,0.0,0.0
TIFA,KDB Tifa Finance Tbk.,306.0,330.0,382.0,320.0,320.0,14.0,5534000.0,2046199800.0,2353.0,212500.0,253900.0
TINS,TIMAH (Persero) Tbk.,4740.0,4740.0,4880.0,4660.0,4680.0,-60.0,37902900.0,181087588000.0,12795.0,11978800.0,13470700.0
TIRA,Tira Austenite Tbk,396.0,396.0,396.0,388.0,394.0,-2.0,764100.0,301891600.0,107.0,0.0,29500.0
TIRT,Tirta Mahakam Resources Tbk,590.0,0.0,0.0,0.0,590.0,0.0,0.0,0.0,0.0,0.0,0.0
TKIM,Pabrik Kertas Tjiwi Kimia Tbk.,7800.0,7800.0,7875.0,7600.0,7625.0,-175.0,3290400.0,25382872500.0,1646.0,1298400.0,1312200.0
TLDN,Teladan Prima Agro Tbk.,620.0,620.0,625.0,610.0,615.0,-5.0,741300.0,456894500.0,354.0,109500.0,101600.0
TLKM,Telkom Indonesia (Persero) Tbk.,2700.0,2700.0,2710.0,2650.0,2660.0,-40.0,72687900.0,194023938000.0,12167.0,48376500.0,55197300.0
TMAS,Temas Tbk.,145.0,144.0,147.0,144.0,144.0,-1.0,1597600.0,231055200.0,226.0,14800.0,20500.0
TMPO,Tempo Intimedia Tbk.,159.0,159.0,164.0,153.0,154.0,-5.0,11881100.0,1893606300.0,1802.0,670100.0,335500.0
TNCA,Trimuda Nuansa Citra Tbk.,183.0,184.0,186.0,181.0,181.0,-2.0,571800.0,103965800.0,200.0,0.0,0.0
TOBA,TBS Energi Utama Tbk.,535.0,540.0,545.0,515.0,515.0,-20.0,8969500.0,4728883500.0,1661.0,2079700.0,2184000.0
TOOL,Rohartindo Nusantara Luas Tbk.,75.0,75.0,76.0,71.0,71.0,-4.0,39872300.0,2908185900.0,2590.0,29100.0,3512800.0
TOPS,Totalindo Eka Persada Tbk.,1.0,0.0,0.0,0.0,1.0,0.0,0.0,0.0,0.0,0.0,0.0
TOSK,Topindo Solusi Komunika Tbk.,84.0,84.0,86.0,83.0,84.0,0.0,16335500.0,1375853500.0,902.0,184200.0,171600.0
TOTL,Total Bangun Persada Tbk.,1555.0,1560.0,1590.0,1510.0,1535.0,-20.0,5470700.0,8437401500.0,1808.0,1883400.0,937300.0
TOTO,Surya Toto Indonesia Tbk.,242.0,240.0,242.0,240.0,242.0,0.0,330400.0,79445000.0,113.0,0.0,800.0
TOWR,Sarana Menara Nusantara Tbk.,448.0,444.0,452.0,436.0,436.0,-12.0,28909600.0,12751339200.0,2539.0,5646300.0,13192900.0
TOYS,Sunindo Adipersada Tbk.,8.0,0.0,0.0,0.0,8.0,0.0,0.0,0.0,0.0,0.0,0.0
TPIA,Chandra Asri Pacific Tbk.,1835.0,1835.0,1870.0,1825.0,1825.0,-10.0,66688400.0,123098440500.0,15476.0,16396000.0,11362900.0
TPMA,Trans Power Marine Tbk.,482.0,0.0,484.0,470.0,474.0,-8.0,1569500.0,748095600.0,473.0,29200.0,30300.0
TRAM,Trada Alam Minera Tbk.,50.0,0.0,0.0,0.0,50.0,0.0,0.0,0.0,0.0,0.0,0.0
TRGU,Cerestar Indonesia Tbk.,174.0,174.0,174.0,166.0,168.0,-6.0,146500.0,24626000.0,75.0,0.0,300.0
TRIL,Triwira Insanlestari Tbk.,50.0,0.0,0.0,0.0,50.0,0.0,0.0,0.0,0.0,0.0,0.0
TRIM,Trimegah Sekuritas Indonesia Tbk.,805.0,805.0,830.0,785.0,790.0,-15.0,1317700.0,1058358000.0,293.0,42500.0,3300.0
TRIN,Perintis Triniti Properti Tbk.,404.0,406.0,406.0,364.0,366.0,-38.0,37484000.0,14389579000.0,5218.0,1160300.0,4410500.0
TRIO,Trikomsel Oke Tbk.,426.0,0.0,0.0,0.0,426.0,0.0,0.0,0.0,0.0,0.0,0.0
TRIS,Trisula International Tbk.,171.0,172.0,175.0,171.0,172.0,1.0,321300.0,55550700.0,123.0,34300.0,51100.0
TRJA,Transkon Jaya Tbk.,145.0,148.0,149.0,132.0,134.0,-11.0,14050400.0,1930636700.0,2611.0,595800.0,419700.0
TRON,Teknologi Karya Digital Nusa Tbk.,101.0,101.0,108.0,100.0,105.0,4.0,49719300.0,5204960400.0,3020.0,6714300.0,1505300.0
TRST,Trias Sentosa Tbk.,464.0,0.0,474.0,460.0,474.0,10.0,33500.0,15852800.0,28.0,600.0,1200.0
TRUE,Triniti Dinamik Tbk.,50.0,0.0,0.0,0.0,50.0,0.0,0.0,0.0,0.0,0.0,0.0
TRUK,Guna Timur Raya Tbk.,1075.0,0.0,1180.0,1180.0,1180.0,105.0,314400.0,370992000.0,76.0,0.0,0.0
TRUS,Trust Finance Indonesia Tbk,454.0,0.0,464.0,452.0,452.0,-2.0,34300.0,15517000.0,34.0,0.0,0.0
TSPC,Tempo Scan Pacific Tbk.,2750.0,2750.0,2790.0,2730.0,2770.0,20.0,442900.0,1223674000.0,220.0,16300.0,17200.0
TUGU,Asuransi Tugu Pratama Indonesia Tbk.,1455.0,1455.0,1690.0,1455.0,1630.0,175.0,16937800.0,26474993500.0,3974.0,3848500.0,1299800.0
TYRE,King Tire Indonesia Tbk.,116.0,118.0,118.0,110.0,111.0,-5.0,2153000.0,243072300.0,359.0,62700.0,34800.0
UANG,Pakuan Tbk.,3370.0,3370.0,4210.0,3310.0,4210.0,840.0,2615500.0,10619580000.0,2853.0,156800.0,188900.0
UCID,Uni-Charm Indonesia Tbk.,498.0,498.0,515.0,498.0,500.0,2.0,2574800.0,1298632300.0,306.0,1084600.0,28200.0
UDNG,Agro Bahari Nusantara Tbk.,486.0,0.0,0.0,0.0,486.0,0.0,0.0,0.0,0.0,0.0,0.0
UFOE,Damai Sejahtera Abadi Tbk.,147.0,150.0,150.0,147.0,149.0,2.0,316700.0,47265700.0,157.0,400.0,0.0
ULTJ,Ultrajaya Milk Industry & Trading Company Tbk.,1800.0,1860.0,1950.0,1825.0,1880.0,80.0,30471500.0,57449340500.0,5124.0,7463600.0,5389200.0
UNIC,Unggul Indah Cahaya Tbk.,15050.0,0.0,15500.0,14950.0,15200.0,150.0,24900.0,377862500.0,86.0,1300.0,2300.0
UNIQ,Ulima Nitra Tbk.,119.0,122.0,125.0,119.0,122.0,3.0,1353200.0,164189100.0,251.0,131000.0,435900.0
UNIT,Nusantara Inti Corpora Tbk,316.0,0.0,0.0,0.0,316.0,0.0,0.0,0.0,0.0,0.0,0.0
UNSP,Bakrie Sumatera Plantations Tbk.,206.0,0.0,0.0,0.0,206.0,0.0,0.0,0.0,0.0,0.0,0.0
UNTD,Terang Dunia Internusa Tbk.,81.0,80.0,85.0,79.0,80.0,-1.0,31269100.0,2549702900.0,6850.0,95800.0,5278700.0
UNTR,United Tractors Tbk.,26100.0,26300.0,26400.0,26000.0,26075.0,-25.0,3413600.0,89251652500.0,4147.0,2626700.0,2389900.0
UNVR,Unilever Indonesia Tbk.,1625.0,1630.0,1630.0,1615.0,1620.0,-5.0,26907500.0,43602049500.0,4432.0,21551600.0,24109500.0
URBN,Urban Jakarta Propertindo Tbk.,218.0,0.0,228.0,216.0,228.0,10.0,195100.0,44230000.0,46.0,0.0,9700.0
UVCR,Trimegah Karya Pratama Tbk.,173.0,173.0,176.0,164.0,170.0,-3.0,131792900.0,22413743700.0,6760.0,7891700.0,16761500.0
VAST,Vastland Indonesia Tbk.,111.0,112.0,149.0,112.0,134.0,23.0,216142600.0,29470557500.0,20860.0,13687400.0,14692600.0
VERN,Verona Indah Pictures Tbk.,226.0,226.0,226.0,220.0,224.0,-2.0,5685300.0,1263126800.0,2576.0,48400.0,118400.0
VICI,Victoria Care Indonesia Tbk.,1180.0,1190.0,1280.0,1185.0,1225.0,45.0,14373400.0,17805298500.0,1953.0,1445700.0,1450700.0
VICO,Victoria Investama Tbk.,171.0,171.0,177.0,170.0,171.0,0.0,722900.0,124326900.0,162.0,0.0,1700.0
VINS,Victoria Insurance Tbk.,145.0,148.0,149.0,142.0,145.0,0.0,577700.0,83580200.0,165.0,16200.0,1200.0
VISI,Satu Visi Putra Tbk.,1025.0,1025.0,1280.0,1025.0,1280.0,255.0,11376700.0,13271461000.0,2036.0,770300.0,794800.0
VIVA,Visi Media Asia Tbk.,43.0,0.0,44.0,42.0,42.0,-1.0,4838600.0,208556700.0,198.0,0.0,0.0
VKTR,VKTR Teknologi Mobilitas Tbk.,755.0,755.0,765.0,725.0,730.0,-25.0,35130500.0,26133077500.0,7737.0,6642600.0,4553500.0
VOKS,Voksel Electric Tbk.,324.0,332.0,390.0,294.0,312.0,-12.0,16291300.0,5611733800.0,5100.0,572200.0,619400.0
VRNA,Mizuho Leasing Indonesia Tbk.,93.0,93.0,96.0,88.0,90.0,-3.0,3907400.0,360665700.0,944.0,71300.0,121300.0
VTNY,Venteny Fortuna International Tbk.,79.0,79.0,80.0,76.0,77.0,-2.0,14042800.0,1098420200.0,606.0,129100.0,1251100.0
WAPO,Wahana Pronatural Tbk.,194.0,194.0,197.0,191.0,191.0,-3.0,1898000.0,365144300.0,258.0,347100.0,0.0
WBSA,BSA Logistics Indonesia Tbk.,650.0,650.0,670.0,640.0,650.0,0.0,11726000.0,7639992500.0,4106.0,2483200.0,5333400.0
WEGE,Wijaya Karya Bangunan Gedung Tbk.,50.0,50.0,50.0,50.0,50.0,0.0,1072800.0,53640000.0,105.0,0.0,0.0
WEHA,WEHA Transportasi Indonesia Tbk.,113.0,113.0,120.0,111.0,117.0,4.0,34597300.0,4044087700.0,3023.0,469400.0,468400.0
WGSH,Wira Global Solusi Tbk.,136.0,0.0,139.0,130.0,130.0,-6.0,18233500.0,2454521000.0,4427.0,2147700.0,3642000.0
WICO,Wicaksana Overseas International Tbk.,123.0,0.0,0.0,0.0,123.0,0.0,0.0,0.0,0.0,0.0,0.0
WIDI,Widiant Jaya Krenindo Tbk.,29.0,0.0,30.0,27.0,28.0,-1.0,10926900.0,307783300.0,444.0,0.0,0.0
WIFI,Solusi Sinergi Digital Tbk.,1940.0,1940.0,1980.0,1920.0,1920.0,-20.0,10376200.0,20214851500.0,2779.0,1268100.0,2005000.0
WIIM,Wismilak Inti Makmur Tbk.,1525.0,1525.0,1525.0,1470.0,1475.0,-50.0,5007500.0,7489629000.0,1018.0,483600.0,2818700.0
WIKA,Wijaya Karya (Persero) Tbk.,204.0,0.0,0.0,0.0,204.0,0.0,0.0,0.0,0.0,0.0,0.0
WINE,Hatten Bali Tbk.,130.0,131.0,134.0,130.0,131.0,1.0,1714800.0,225024300.0,157.0,136600.0,27400.0
WINR,Winner Nusantara Jaya Tbk.,27.0,0.0,26.0,25.0,25.0,-2.0,38347500.0,966143200.0,867.0,0.0,0.0
WINS,Wintermar Offshore Marine Tbk.,570.0,580.0,660.0,575.0,620.0,50.0,10574600.0,6581172000.0,1586.0,1963300.0,1792100.0
WIRG,WIR ASIA Tbk.,79.0,79.0,83.0,76.0,76.0,-3.0,199516000.0,15794388000.0,6716.0,18828600.0,14054400.0
WMPP,Widodo Makmur Perkasa Tbk.,29.0,0.0,30.0,29.0,29.0,0.0,20021800.0,582526500.0,407.0,0.0,0.0
WMUU,Widodo Makmur Unggas Tbk.,50.0,50.0,50.0,50.0,50.0,0.0,1359000.0,67950000.0,108.0,0.0,0.0
WOMF,Wahana Ottomitra Multiartha Tbk.,278.0,278.0,304.0,276.0,276.0,-2.0,436100.0,124739000.0,273.0,26700.0,58200.0
WOOD,Integra Indocabinet Tbk.,198.0,198.0,200.0,197.0,198.0,0.0,3524000.0,700120200.0,416.0,37000.0,24200.0
WOWS,Ginting Jaya Energi Tbk.,57.0,58.0,59.0,56.0,56.0,-1.0,17781200.0,1018927400.0,921.0,263200.0,1166600.0
WSBP,Waskita Beton Precast Tbk.,14.0,0.0,0.0,0.0,14.0,0.0,0.0,0.0,0.0,0.0,0.0
WSKT,Waskita Karya (Persero) Tbk.,202.0,0.0,0.0,0.0,202.0,0.0,0.0,0.0,0.0,0.0,0.0
WTON,Wijaya Karya Beton Tbk.,78.0,78.0,79.0,77.0,78.0,0.0,992500.0,77699900.0,224.0,2200.0,6600.0
YELO,Yelooo Integra Datanet Tbk.,94.0,94.0,96.0,91.0,92.0,-2.0,32477400.0,3039322300.0,2532.0,2149600.0,12829400.0
YOII,Asuransi Digital Bersama Tbk.,85.0,86.0,86.0,82.0,83.0,-2.0,19496500.0,1640015200.0,1195.0,3614400.0,686500.0
YPAS,Yanaprima Hastapersada Tbk,1425.0,1445.0,1530.0,1245.0,1310.0,-115.0,157400.0,219120000.0,323.0,0.0,20100.0
YULE,Yulie Sekuritas Indonesia Tbk.,3470.0,0.0,4100.0,3470.0,4100.0,630.0,37900.0,131576000.0,2.0,0.0,0.0
YUPI,Yupi Indo Jelly Gum Tbk.,1320.0,0.0,1320.0,1295.0,1300.0,-20.0,17400.0,22833000.0,45.0,0.0,300.0
ZATA,Bersama Zatta Jaya Tbk.,67.0,67.0,67.0,65.0,65.0,-2.0,28750000.0,1896853000.0,1902.0,905900.0,3888100.0
ZBRA,Dosni Roha Indonesia Tbk.,50.0,0.0,0.0,0.0,50.0,0.0,0.0,0.0,0.0,0.0,0.0
ZINC,Kapuas Prima Coal Tbk.,30.0,0.0,0.0,0.0,30.0,0.0,0.0,0.0,0.0,0.0,0.0
ZONE,Mega Perintis Tbk.,705.0,700.0,710.0,685.0,710.0,5.0,21200.0,14739500.0,32.0,3000.0,0.0
ZYRX,Zyrexindo Mandiri Buana Tbk.,130.0,0.0,130.0,127.0,129.0,-1.0,590000.0,75984800.0,276.0,1300.0,1300.0
